symbol,CXSMILES,R1,R2,R3,source,position_class,has_sidechain,prop_status
X2484,CC(=O)SCCCC[C@H](N[*])C([*])=O |$;;;;;;;;;;_R1;;_R2;$|,H,OH,-,HELM-GPT,flexible,False,none
X414,[*]N(CC([*])=O)c1ccccc1 |$_R1;;;;_R2;;;;;;;$|,H,OH,-,HELM-GPT,flexible,False,none
X508,FC(F)(F)CC[C@@H](N[*])C([*])=O |$;;;;;;;;_R1;;_R2;$|,H,OH,-,HELM-GPT,flexible,False,none
Aib_OMe,COC(=O)C(C)(C)N[*] |$;;;;;;;;_R1$|,H,-,-,HELM-GPT,C_terminal_only,False,none
Boc_V,CC(C)[C@H](NC(=O)OC(C)(C)C)C([*])=O |$;;;;;;;;;;;;;_R2;$|,-,OH,-,HELM-GPT,N_terminal_only,False,none
X1648,OC(=O)COC(=O)[C@@H]1CCCN1[*] |$;;;;;;;;;;;;_R1$|,H,-,-,HELM-GPT,C_terminal_only,False,none
X2263,OS(=O)(=O)Oc1ccc(C[C@H](NC(=O)OCc2ccccc2)C([*])=O)cc1 |$;;;;;;;;;;;;;;;;;;;;;;;_R2;;;$|,-,OH,-,HELM-GPT,N_terminal_only,False,none
X2236,C[N+](C)(C)[C@@H](Cc1ccc(O)cc1)C([*])=O |$;;;;;;;;;;;;;;_R2;$|,-,OH,-,HELM-GPT,N_terminal_only,False,none
X2239,NC(=N)NCCC[C@H](NCCCCCC(=O)[C@H](CC(O)=O)N[*])C([*])=O |$;;;;;;;;;;;;;;;;;;;;;;_R1;;_R2;$|,H,OH,-,HELM-GPT,flexible,False,none
dPhe(4-Cl),Clc1ccc(C[C@@H](N[*])C([*])=O)cc1 |$;;;;;;;;_R1;;_R2;;;$|,H,OH,-,HELM-GPT,flexible,False,none
d3-Pal,[*]N[C@H](Cc1cccnc1)C([*])=O |$_R1;;;;;;;;;;;_R2;$|,H,OH,-,HELM-GPT,flexible,False,none
X1,[*]NC1(CCCCC1)C([*])=O |$_R1;;;;;;;;;_R2;$|,H,OH,-,HELM-GPT,flexible,False,none
X945,C[C@H]([C@@H](N[*])C([*])=O)c1ccc(O)cc1 |$;;;;_R1;;_R2;;;;;;;;$|,H,OH,-,HELM-GPT,flexible,False,none
X807,COC(=O)[C@H](Cc1cccc(OC(=O)c2ccccc2)c1)N[*] |$;;;;;;;;;;;;;;;;;;;;;;_R1$|,H,-,-,HELM-GPT,C_terminal_only,False,none
dSer(Bzl),[*]N[C@H](COCc1ccccc1)C([*])=O |$_R1;;;;;;;;;;;;;_R2;$|,H,OH,-,HELM-GPT,flexible,False,none
X1032,CCCc1ncc(C[C@H](N[*])C([*])=O)[nH]1 |$;;;;;;;;;;_R1;;_R2;;$|,H,OH,-,HELM-GPT,flexible,False,none
X824,CC1(C)CC[C@H](N1[*])C([*])=O |$;;;;;;;_R1;;_R2;$|,H,OH,-,HELM-GPT,flexible,False,none
X1157,[*]N1C[C@@H](C[C@H]1C([*])=O)Oc1cccc2ccccc12 |$_R1;;;;;;;_R2;;;;;;;;;;;;$|,H,OH,-,HELM-GPT,flexible,False,none
Me_P,CN1CCC[C@H]1C([*])=O |$;;;;;;;_R2;$|,-,OH,-,HELM-GPT,N_terminal_only,False,none
X1035,C[C@](Cc1ccccc1)(N[*])C([*])=O |$;;;;;;;;;;_R1;;_R2;$|,H,OH,-,HELM-GPT,flexible,False,none
X1211,CC(C)(C)c1ccc(C[C@@H](N[*])C([*])=O)cc1 |$;;;;;;;;;;;_R1;;_R2;;;$|,H,OH,-,HELM-GPT,flexible,False,none
X1163,CC(C)[C@H](N[*])C(=O)c1ncco1 |$;;;;;_R1;;;;;;;$|,H,-,-,HELM-GPT,C_terminal_only,False,none
X865,COc1ccc(CCN([*])CC([*])=O)cc1 |$;;;;;;;;;_R1;;;_R2;;;$|,H,OH,-,HELM-GPT,flexible,False,none
X862,OC(=O)CC[C@H](NCCc1ccc2ccc3cccc4ccc1c2c34)C([*])=O |$;;;;;;;;;;;;;;;;;;;;;;;;;;_R2;$|,-,OH,-,HELM-GPT,N_terminal_only,False,none
X935,CCCNC(=N)NCCC[C@H](N[*])C([*])=O |$;;;;;;;;;;;;_R1;;_R2;$|,H,OH,-,HELM-GPT,flexible,False,none
X726,NCCCN([*])CC([*])=O |$;;;;;_R1;;;_R2;$|,H,OH,-,HELM-GPT,flexible,False,none
X1915,CC(C)(C)[Si](C)(C)OCC(=C)COC[C@@H](N[*])C([*])=O |$;;;;;;;;;;;;;;;;_R1;;_R2;$|,H,OH,-,HELM-GPT,flexible,False,none
X1697,COC(=O)CCCCC[C@H](N[*])C([*])=O |$;;;;;;;;;;;_R1;;_R2;$|,H,OH,-,HELM-GPT,flexible,False,none
X1770,"[*]N1N=CC=C[C@H]1C([*])=O |$_R1;;;;;;;;_R2;$,c:2,4|",H,OH,-,HELM-GPT,flexible,False,none
X1935,COC(=O)COC[C@@H](N[*])C([*])=O |$;;;;;;;;;_R1;;_R2;$|,H,OH,-,HELM-GPT,flexible,False,none
X1971,NC(=N)NCC[C@@H]1CCN([*])[C@@H]1C([*])=O |$;;;;;;;;;;_R1;;;_R2;$|,H,OH,-,HELM-GPT,flexible,False,none
X1684,CC(C)[C@@H](O)[C@@H](N[*])C([*])=O |$;;;;;;;_R1;;_R2;$|,H,OH,-,HELM-GPT,flexible,False,none
X1838,Cc1ccc(cc1)S(=O)(=O)OCCOC[C@@H](N[*])C([*])=O |$;;;;;;;;;;;;;;;;;_R1;;_R2;$|,H,OH,-,HELM-GPT,flexible,False,none
X1854,"CCC=CC[C@@H](C)C[C@H](N(C)[*])C([*])=O |w:3.3,$;;;;;;;;;;;_R1;;_R2;$|",H,OH,-,HELM-GPT,flexible,False,none
X1856,C[C@H](C[C@@H]1C[C@H]1C)[C@@H](O)[C@H](N(C)[*])C([*])=O |$;;;;;;;;;;;;_R1;;_R2;$|,H,OH,-,HELM-GPT,flexible,False,none
X1862,CN([*])[C@H](CCCCNC(=O)OCc1ccc(Cl)cc1)C([*])=O |$;;_R1;;;;;;;;;;;;;;;;;;;_R2;$|,H,OH,-,HELM-GPT,flexible,False,none
X1793,[*]N[C@@H](CC(=O)c1ccccc1N(=O)=O)C([*])=O |$_R1;;;;;;;;;;;;;;;;_R2;$|,H,OH,-,HELM-GPT,flexible,False,none
X1794,[*]N[C@@H](Cc1cn(CN2CCCC2)c2ccccc12)C([*])=O |$_R1;;;;;;;;;;;;;;;;;;;;_R2;$|,H,OH,-,HELM-GPT,flexible,False,none
X1724,[*]N[C@]1(C[C@@H]1c1ccccc1)C([*])=O |$_R1;;;;;;;;;;;;_R2;$|,H,OH,-,HELM-GPT,flexible,False,none
X1799,N[C@@H]1C[C@H](N([*])C1)C([*])=O |$;;;;;_R1;;;_R2;$|,H,OH,-,HELM-GPT,flexible,False,none
X1816,OCCOC[C@@H](N[*])C([*])=O |$;;;;;;;_R1;;_R2;$|,H,OH,-,HELM-GPT,flexible,False,none
X1884,[*]N[C@]1(C[C@H]1c1ccccc1)C([*])=O |$_R1;;;;;;;;;;;;_R2;$|,H,OH,-,HELM-GPT,flexible,False,none
X1751,[*]N[C@H](C([*])=O)c1ccc2ccccc2c1 |$_R1;;;;_R2;;;;;;;;;;;$|,H,OH,-,HELM-GPT,flexible,False,none
X1802,Clc1[nH]c2ccccc2c1C[C@H](N[*])C([*])=O |$;;;;;;;;;;;;;_R1;;_R2;$|,H,OH,-,HELM-GPT,flexible,False,none
X1808,CN([*])[C@H](CC#C)C([*])=O |$;;_R1;;;;;;_R2;$|,H,OH,-,HELM-GPT,flexible,False,none
X1782,CC(C)[C@](N[*])(C([*])=O)C(F)(F)F |$;;;;;_R1;;_R2;;;;;$|,H,OH,-,HELM-GPT,flexible,False,none
X66,CC(=O)CC[C@H](N[*])C([*])=O |$;;;;;;;_R1;;_R2;$|,H,OH,-,HELM-GPT,flexible,False,none
X422,[*]N[C@@H](CCCCC=C)C([*])=O |$_R1;;;;;;;;;;_R2;$|,H,OH,-,HELM-GPT,flexible,False,none
X283,CC[C@H](N[*])C=O |$;;;;_R1;;$|,H,-,-,HELM-GPT,C_terminal_only,False,none
dNal,[*]N[C@H](Cc1ccc2ccccc2c1)C([*])=O |$_R1;;;;;;;;;;;;;;;_R2;$|,H,OH,-,HELM-GPT,flexible,False,none
X221,[*]N[C@H](CCCCCC=C)C([*])=O |$_R1;;;;;;;;;;;_R2;$|,H,OH,-,HELM-GPT,flexible,False,none
X223,[*]N[C@@H](CCCCCCC=C)C([*])=O |$_R1;;;;;;;;;;;;_R2;$|,H,OH,-,HELM-GPT,flexible,False,none
X129,FC(F)(F)[C@]1(CCCN1)C([*])=O |$;;;;;;;;;;_R2;$|,-,OH,-,HELM-GPT,N_terminal_only,False,none
X136,Fc1ccc(C[C@@H](N[*])C([*])=O)cc1 |$;;;;;;;;_R1;;_R2;;;$|,H,OH,-,HELM-GPT,flexible,False,none
X137,[*]N[C@@H](COC(=O)c1ccccc1)C([*])=O |$_R1;;;;;;;;;;;;;;_R2;$|,H,OH,-,HELM-GPT,flexible,False,none
X168,CC[C@H](C)N([*])CC([*])=O |$;;;;;_R1;;;_R2;$|,H,OH,-,HELM-GPT,flexible,False,none
Cbz_I,CC[C@H](C)[C@H](NC(=O)OCc1ccccc1)C([*])=O |$;;;;;;;;;;;;;;;;;_R2;$|,-,OH,-,HELM-GPT,N_terminal_only,False,none
X227,OC(=O)CC[C@H](NCCCc1ccc(Cl)c(Cl)c1)C([*])=O |$;;;;;;;;;;;;;;;;;;;_R2;$|,-,OH,-,HELM-GPT,N_terminal_only,False,none
X351,COc1ccc(c(C)c1)-c1ccc(C[C@H](N[*])C([*])=O)cc1 |$;;;;;;;;;;;;;;;;_R1;;_R2;;;$|,H,OH,-,HELM-GPT,flexible,False,none
X427,OC(=O)CC[C@H](NCCC1CCCCC1)C([*])=O |$;;;;;;;;;;;;;;;;_R2;$|,-,OH,-,HELM-GPT,N_terminal_only,False,none
X2202,CC(C)C[C@@H](N[*])C(=O)OCOC(=O)N[C@@H](Cc1ccc(O)cc1)C([*])=O |$;;;;;;_R1;;;;;;;;;;;;;;;;;;;_R2;$|,H,OH,-,HELM-GPT,flexible,False,none
X2671,[*]N[C@@H](Cc1cn(CCCCCCCCc2ccccc2)cn1)C([*])=O |$_R1;;;;;;;;;;;;;;;;;;;;;;;;_R2;$|,H,OH,-,HELM-GPT,flexible,False,none
X2793,Cc1ccccc1NC(=S)NCCCC[C@H](N[*])C([*])=O |$;;;;;;;;;;;;;;;;;_R1;;_R2;$|,H,OH,-,HELM-GPT,flexible,False,none
X2818,"NC(=[NH+]CCC[C@H](N[*])C([*])=O)N1CCCC1 |w:2.2,$;;;;;;;;_R1;;_R2;;;;;;$|",H,OH,-,HELM-GPT,flexible,False,none
X2804,CCCCCCCCCCCCNCCCC[C@@H](N[*])C([*])=O |$;;;;;;;;;;;;;;;;;;;_R1;;_R2;$|,H,OH,-,HELM-GPT,flexible,False,none
Cbz_Ser(Bzl),[*]C(=O)[C@H](COCc1ccccc1)NC(=O)OCc1ccccc1 |$_R2;;;;;;;;;;;;;;;;;;;;;;;$|,-,OH,-,HELM-GPT,N_terminal_only,False,none
X2838,CC#Cc1ccccc1C(=O)N([C@@H](Cc1ccc(F)cc1)C([*])=O)C(C)=O |$;;;;;;;;;;;;;;;;;;;;;;_R2;;;;$|,-,OH,-,HELM-GPT,N_terminal_only,False,none
X1995,CSCC[C@H](N[*])C(=O)NC(C)=O |$;;;;;;_R1;;;;;;$|,H,-,-,HELM-GPT,C_terminal_only,False,none
X2810,CC(C)C[C@H](NS(=O)(=O)c1ccc(C)cc1)C([*])=O |$;;;;;;;;;;;;;;;;;_R2;$|,-,OH,-,HELM-GPT,N_terminal_only,False,none
X2811,CC(=O)N([C@@H](Cc1ccc(F)cc1)C([*])=O)C(=O)c1ccccc1N |$;;;;;;;;;;;;;;_R2;;;;;;;;;;$|,-,OH,-,HELM-GPT,N_terminal_only,False,none
X2751,CCOC(=O)[C@H](Cc1ccc2ccccc2c1)N[*] |$;;;;;;;;;;;;;;;;;;_R1$|,H,-,-,HELM-GPT,C_terminal_only,False,none
X2766,COc1cc(C)c([C@@H](C)[C@H](N[*])C([*])=O)c(C)c1 |$;;;;;;;;;;;_R1;;_R2;;;;$|,H,OH,-,HELM-GPT,flexible,False,none
X2715,[*]N[C@@H](Cc1c[nH]c2ccccc12)C(=O)c1nccs1 |$_R1;;;;;;;;;;;;;;;;;;;$|,H,-,-,HELM-GPT,C_terminal_only,False,none
X2705,OC(=O)[C@@]1(C[C@@H]1Cc1ccccc1)N[*] |$;;;;;;;;;;;;;;_R1$|,H,-,-,HELM-GPT,C_terminal_only,False,none
X2777,OC(=O)C[C@H](N[*])C(=O)COC(=O)c1c(cccc1C(F)(F)F)C(F)(F)F |$;;;;;;_R1;;;;;;;;;;;;;;;;;;;;$|,H,-,-,HELM-GPT,C_terminal_only,False,none
X2038,CC(C)NC(=O)N[C@H](CS[*])C([*])=O |$;;;;;;;;;;_R3;;_R2;$|,-,OH,H,HELM-GPT,N_terminal_only,True,none
Cbz_K,NCCCC[C@H](N([*])C(=O)OCc1ccccc1)C([*])=O |$;;;;;;;_R1;;;;;;;;;;;;_R2;$|,H,OH,-,HELM-GPT,flexible,False,none
X2106,Clc1ccc2CN(Cc2c1)C(=O)O[C@@H]1C[C@H](N([*])C1)C([*])=O |$;;;;;;;;;;;;;;;;;_R1;;;_R2;$|,H,OH,-,HELM-GPT,flexible,False,none
X2138,Clc1cc2ccccc2c(Oc2ccc(cc2)[C@H](N[*])C([*])=O)n1 |$;;;;;;;;;;;;;;;;;;;_R1;;_R2;;$|,H,OH,-,HELM-GPT,flexible,False,none
X2153,NC(=N)NCCC[C@H](Nc1ccc(O)c2C(=O)c3ccccc3C(=O)c12)C([*])=O |$;;;;;;;;;;;;;;;;;;;;;;;;;;;_R2;$|,-,OH,-,HELM-GPT,N_terminal_only,False,none
X2184,Oc1ccc2c(CC(=O)ON[C@@H](Cc3ccc(OP(O)(O)=O)cc3)C([*])=O)cc(=O)oc2c1 |$;;;;;;;;;;;;;;;;;;;;;;;;;_R2;;;;;;;$|,-,OH,-,HELM-GPT,N_terminal_only,False,none
X2206,NC(=N)N1CCC[C@H](C[C@H](N[*])C(=O)c2nc3ccccc3s2)C1 |$;;;;;;;;;;;_R1;;;;;;;;;;;;$|,H,-,-,HELM-GPT,C_terminal_only,False,none
X2135,NC(=N)N1CCC(C[C@H](N[*])C([*])=O)CC1 |$;;;;;;;;;;_R1;;_R2;;;$|,H,OH,-,HELM-GPT,flexible,False,none
X2149,NC(=N)NCCC[C@H](N[*])C(=O)c1nc2ccccc2o1 |$;;;;;;;;;_R1;;;;;;;;;;;$|,H,-,-,HELM-GPT,C_terminal_only,False,none
X2151,CC(C)[C@H](NCP(O)(O)=O)C([*])=O |$;;;;;;;;;;;_R2;$|,-,OH,-,HELM-GPT,N_terminal_only,False,none
X2174,CC[C@H](C)[C@H](N[*])C(=O)NC(=O)[C@@H](N)Cc1ccccc1 |$;;;;;;_R1;;;;;;;;;;;;;;$|,H,-,-,HELM-GPT,C_terminal_only,False,none
K_Me,CC(=O)[C@H](CCCCN)N[*] |$;;;;;;;;;;_R1$|,H,-,-,HELM-GPT,C_terminal_only,False,none
X1018,C[n+]1cscc1C[C@H](N[*])C([*])=O |$;;;;;;;;;_R1;;_R2;$|,H,OH,-,HELM-GPT,flexible,False,none
X1488,CCCCCN1C(=O)C[C@H](NC1=O)C([*])=O |$;;;;;;;;;;;;;;_R2;$|,-,OH,-,HELM-GPT,N_terminal_only,False,none
X1489,CCOC(=O)[C@H](CCc1ccccc1)N[*] |$;;;;;;;;;;;;;;;_R1$|,H,-,-,HELM-GPT,C_terminal_only,False,none
X1491,Cc1ccc(C[C@@H](N[*])C([*])=O)c(C)c1 |$;;;;;;;;_R1;;_R2;;;;$|,H,OH,-,HELM-GPT,flexible,False,none
X1283,CN(C[C@@H](N)Cc1ccccc1)CC([*])=O |$;;;;;;;;;;;;;;_R2;$|,-,OH,-,HELM-GPT,N_terminal_only,False,none
X1330,NC(N)NCCC[C@H](N[*])C([*])=O |$;;;;;;;;;_R1;;_R2;$|,H,OH,-,HELM-GPT,flexible,False,none
X1306,CC(C)(C)OC(=O)N[C@@H](C([*])=O)c1ccsc1 |$;;;;;;;;;;_R2;;;;;;$|,-,OH,-,HELM-GPT,N_terminal_only,False,none
X1253,[*]N1[C@H](Cc2ccccc12)C([*])=O |$_R1;;;;;;;;;;;_R2;$|,H,OH,-,HELM-GPT,flexible,False,none
X1241,[*]N[C@H](Cc1cnc(Cc2ccccc2)[nH]1)C([*])=O |$_R1;;;;;;;;;;;;;;;;;_R2;$|,H,OH,-,HELM-GPT,flexible,False,none
X1408,[*]N[C@@H](CCCCNC1CC1)C([*])=O |$_R1;;;;;;;;;;;;_R2;$|,H,OH,-,HELM-GPT,flexible,False,none
X1242,[*]N[C@H](Cc1c[nH]c2cc(ccc12)N(=O)=O)C([*])=O |$_R1;;;;;;;;;;;;;;;;;_R2;$|,H,OH,-,HELM-GPT,flexible,False,none
Aca,CCCCCCCC[C@H](N[*])C([*])=O |$;;;;;;;;;;_R1;;_R2;$|,H,OH,-,HELM-GPT,flexible,False,none
X1277,CCN1C(=O)c2cccc3c(ccc(C1=O)c23)-n1cc(C[C@H](N[*])C([*])=O)nn1 |$;;;;;;;;;;;;;;;;;;;;;;;_R1;;_R2;;;$|,H,OH,-,HELM-GPT,flexible,False,none
X1471,NC(=N)N1CCC[C@@H]1C([*])=O |$;;;;;;;;;_R2;$|,-,OH,-,HELM-GPT,N_terminal_only,False,none
X1481,"OC(=O)[C@@H](CC1=CCCC=C1)N[*] |$;;;;;;;;;;;;_R1$,c:9,t:5|",H,-,-,HELM-GPT,C_terminal_only,False,none
X1475,NCCCCC[C@H](N[*])C(=O)c1nccs1 |$;;;;;;;;_R1;;;;;;;$|,H,-,-,HELM-GPT,C_terminal_only,False,none
X1126,NCCCC[C@H](NC(=O)OCc1ccccc1N(=O)=O)C([*])=O |$;;;;;;;;;;;;;;;;;;;;;_R2;$|,-,OH,-,HELM-GPT,N_terminal_only,False,none
X242,"CC(C)=CCCC(C)=CC[C@]12C[C@H](N([*])[C@H]1Nc1ccccc21)C([*])=O |w:8.8,$;;;;;;;;;;;;;;_R1;;;;;;;;;;_R2;$|",H,OH,-,HELM-GPT,flexible,False,none
X387,C[C@@H]([C@H](N[*])C([*])=O)c1ccccc1 |$;;;;_R1;;_R2;;;;;;;$|,H,OH,-,HELM-GPT,flexible,False,none
Boc_E,CC(C)(C)OC(=O)N[C@@H](CCC(O)=O)C([*])=O |$;;;;;;;;;;;;;;;_R2;$|,-,OH,-,HELM-GPT,N_terminal_only,False,none
X251,CC(C)(C)OC(=O)N[C@@H](Cc1ccc(cc1)S(O)(=O)=O)C([*])=O |$;;;;;;;;;;;;;;;;;;;;;_R2;$|,-,OH,-,HELM-GPT,N_terminal_only,False,none
Iva,CC[C@](C)(N[*])C([*])=O |$;;;;;_R1;;_R2;$|,H,OH,-,HELM-GPT,flexible,False,none
X268,CC(C)(NCCCC1CCCCC1)C([*])=O |$;;;;;;;;;;;;;;_R2;$|,-,OH,-,HELM-GPT,N_terminal_only,False,none
X572,"FC(F)(F)CNC(NCCCC[C@@H](N[*])C([*])=O)=NCC(F)(F)F |w:18.18,$;;;;;;;;;;;;;;_R1;;_R2;;;;;;;$|",H,OH,-,HELM-GPT,flexible,False,none
X255,[*]N1CSC[C@@H]1C([*])=O |$_R1;;;;;;;_R2;$|,H,OH,-,HELM-GPT,flexible,False,none
X688,CC[C@H](C)[C@H](N[*])C(=O)OCCC(C)C |$;;;;;;_R1;;;;;;;;$|,H,-,-,HELM-GPT,C_terminal_only,False,none
X435,COC(=O)[C@H](Cc1ccc(cc1)C#Cc1ccccc1)N[*] |$;;;;;;;;;;;;;;;;;;;;;_R1$|,H,-,-,HELM-GPT,C_terminal_only,False,none
X440,[*]N(CC([*])=O)Cc1ccco1 |$_R1;;;;_R2;;;;;;;$|,H,OH,-,HELM-GPT,flexible,False,none
X258,NC(=O)NCCCC[C@H](N[*])C([*])=O |$;;;;;;;;;;_R1;;_R2;$|,H,OH,-,HELM-GPT,flexible,False,none
X200,"OC(=O)[C@@H](N[*])C=CCP(O)(O)=O |w:7.7,$;;;;;_R1;;;;;;;$|",H,-,-,HELM-GPT,C_terminal_only,False,none
X169,ClCCN(N=O)C(=O)N1CCC[C@H]1C([*])=O |$;;;;;;;;;;;;;;_R2;$|,-,OH,-,HELM-GPT,N_terminal_only,False,none
R_Me,CC(=O)[C@H](CCCNC(N)=N)N[*] |$;;;;;;;;;;;;_R1$|,H,-,-,HELM-GPT,C_terminal_only,False,none
X171,CC(=O)SCCOP(=O)(OCCSC(C)=O)Oc1ccc(C[C@H](N[*])C([*])=O)cc1 |$;;;;;;;;;;;;;;;;;;;;;;;;_R1;;_R2;;;$|,H,OH,-,HELM-GPT,flexible,False,none
X374,[*]N[C@@H](Cc1ccc(cc1)C(=O)c1ccccc1)C([*])=O |$_R1;;;;;;;;;;;;;;;;;;;_R2;$|,H,OH,-,HELM-GPT,flexible,False,none
X152,CCOC(=O)[C@@H](N[*])C(C(F)(F)F)C(F)(F)F |$;;;;;;;_R1;;;;;;;;;$|,H,-,-,HELM-GPT,C_terminal_only,False,none
X1562,C[C@@](CC=C)(N[*])C([*])=O |$;;;;;;_R1;;_R2;$|,H,OH,-,HELM-GPT,flexible,False,none
EtCO_dPhg,CCOC(=O)N[C@@H](C([*])=O)c1ccccc1 |$;;;;;;;;_R2;;;;;;;$|,-,OH,-,HELM-GPT,N_terminal_only,False,none
X1086,CCCCNC(=O)N[C@@H](Cc1ccccc1)C([*])=O |$;;;;;;;;;;;;;;;;;_R2;$|,-,OH,-,HELM-GPT,N_terminal_only,False,none
X1550,CC(C)[C@H](NCCCS)C([*])=O |$;;;;;;;;;;_R2;$|,-,OH,-,HELM-GPT,N_terminal_only,False,none
X1551,Cn1c[nH+]c(C[C@H](N[*])C([*])=O)c1 |$;;;;;;;;_R1;;_R2;;$|,H,OH,-,HELM-GPT,flexible,False,none
X1632,"CC(C)CCCC(C)=CC[C@]12C[C@H](N([*])[C@H]1Nc1ccccc21)C([*])=O |w:8.8,$;;;;;;;;;;;;;;_R1;;;;;;;;;;_R2;$|",H,OH,-,HELM-GPT,flexible,False,none
X958,CC(C)[C@H](NC(=O)N(c1ccccc1)c1ccccc1)C([*])=O |$;;;;;;;;;;;;;;;;;;;;;_R2;$|,-,OH,-,HELM-GPT,N_terminal_only,False,none
X1449,Oc1ccc(C[C@H](N(CC2CC2)CC2CC2)C([*])=O)cc1 |$;;;;;;;;;;;;;;;;;_R2;;;$|,-,OH,-,HELM-GPT,N_terminal_only,False,none
X1588,"CCCCCCN=C(NCCCC[C@@H](N[*])C([*])=O)NC#N |w:6.5,$;;;;;;;;;;;;;;;_R1;;_R2;;;;$|",H,OH,-,HELM-GPT,flexible,False,none
X594,Fc1ccc(cc1)-c1cn(nn1)[C@H]1C[C@H](N([*])C1)C([*])=O |$;;;;;;;;;;;;;;;;_R1;;;_R2;$|,H,OH,-,HELM-GPT,flexible,False,none
X2582,OC(=O)CCCCCC[C@H](N[*])C([*])=O |$;;;;;;;;;;;_R1;;_R2;$|,H,OH,-,HELM-GPT,flexible,False,none
X2635,CNC(=O)N[C@@H](Cc1c[nH]c2ccccc12)C([*])=O |$;;;;;;;;;;;;;;;;;_R2;$|,-,OH,-,HELM-GPT,N_terminal_only,False,none
X2640,[*]N[C@@H](CC1CCNCC1)C(=O)c1nccs1 |$_R1;;;;;;;;;;;;;;;;$|,H,-,-,HELM-GPT,C_terminal_only,False,none
X2668,CC(C)C[C@H](NC(=O)NCc1ccc(Cl)cc1Cl)C([*])=O |$;;;;;;;;;;;;;;;;;;;_R2;$|,-,OH,-,HELM-GPT,N_terminal_only,False,none
X2632,FC(F)C[C@H](C(=O)[C@H](CC1CCCCC1)N[*])C(=O)c1nc2ccccc2o1 |$;;;;;;;;;;;;;;;;_R1;;;;;;;;;;;$|,H,-,-,HELM-GPT,C_terminal_only,False,none
X2547,C[C@H]1CCC[C@@H](C)N1C(=O)N[C@@H](CC(C)(C)C)C([*])=O |$;;;;;;;;;;;;;;;;;;_R2;$|,-,OH,-,HELM-GPT,N_terminal_only,False,none
X2535,Cc1nn(CC([*])=O)c(=O)n(CC(O)=O)c1=O |$;;;;;;_R2;;;;;;;;;;$|,-,OH,-,HELM-GPT,N_terminal_only,False,none
X2289,[*]N1C[C@H](Cc2ccccc2)NC(=O)C1 |$_R1;;;;;;;;;;;;;;$|,H,-,-,HELM-GPT,C_terminal_only,False,none
X2302,Oc1ccc(C[C@H](N[*])C(=O)c2nc3ccccc3[nH]2)cc1 |$;;;;;;;;_R1;;;;;;;;;;;;;$|,H,-,-,HELM-GPT,C_terminal_only,False,none
X2356,"CS(=O)(=O)CCC=C[C@H](NC(=O)OCc1ccccc1)C([*])=O |w:6.5,$;;;;;;;;;;;;;;;;;;;;;_R2;$|",-,OH,-,HELM-GPT,N_terminal_only,False,none
X2454,CC(C)[C@H](NCc1cc(F)ccc1O)C([*])=O |$;;;;;;;;;;;;;;;_R2;$|,-,OH,-,HELM-GPT,N_terminal_only,False,none
X2412,Oc1ccc(C[C@@H](NC(=O)NC(=O)[C@H](Cc2ccc3ccccc3c2)N[*])C([*])=O)cc1 |$;;;;;;;;;;;;;;;;;;;;;;;;;;_R1;;_R2;;;$|,H,OH,-,HELM-GPT,flexible,False,none
X2354,CCCCCCCCCCn1cncc1C[C@H](N[*])C([*])=O |$;;;;;;;;;;;;;;;;;;_R1;;_R2;$|,H,OH,-,HELM-GPT,flexible,False,none
X2350,NCCCC[C@H](NOC(=O)[C@H](CCCN)N[*])C([*])=O |$;;;;;;;;;;;;;;;;_R1;;_R2;$|,H,OH,-,HELM-GPT,flexible,False,none
X2421,CNCCCC[C@@H](N[*])C(=O)c1nc2ccccc2s1 |$;;;;;;;;_R1;;;;;;;;;;;$|,H,-,-,HELM-GPT,C_terminal_only,False,none
X2441,Cc1cn(C[C@H](N[*])C([*])=O)c(=O)[nH]c1=O |$;;;;;;;_R1;;_R2;;;;;;$|,H,OH,-,HELM-GPT,flexible,False,none
X2473,Clc1ccc(C[C@H](NC(=O)NCC=C)C([*])=O)cc1 |$;;;;;;;;;;;;;;;_R2;;;$|,-,OH,-,HELM-GPT,N_terminal_only,False,none
X2267,OC(=O)CC[C@H](NC(O)=O)C([*])=O |$;;;;;;;;;;;_R2;$|,-,OH,-,HELM-GPT,N_terminal_only,False,none
X2268,CC(C)[C@H](NC(c1ncccc1O)c1ncccc1O)C([*])=O |$;;;;;;;;;;;;;;;;;;;;;_R2;$|,-,OH,-,HELM-GPT,N_terminal_only,False,none
X2257,[*]N[C@@H](CNCc1ccccc1)C([*])=O |$_R1;;;;;;;;;;;;;_R2;$|,H,OH,-,HELM-GPT,flexible,False,none
X2324,CC(C)[C@H](N[*])C(=O)C(F)(F)CNCc1ccccc1 |$;;;;;_R1;;;;;;;;;;;;;;$|,H,-,-,HELM-GPT,C_terminal_only,False,none
X2326,CC(C)(C)OC(=O)NC[C@H](N[*])C=O |$;;;;;;;;;;;_R1;;$|,H,-,-,HELM-GPT,C_terminal_only,False,none
X595,CCCCCCCCCCCCCCCC(=O)OC[C@H](N[*])C([*])=O |$;;;;;;;;;;;;;;;;;;;;;_R1;;_R2;$|,H,OH,-,HELM-GPT,flexible,False,none
X480,NCCCCC[C@H](N[*])C([*])=O |$;;;;;;;;_R1;;_R2;$|,H,OH,-,HELM-GPT,flexible,False,none
X615,CC[C@H]1C[C@@]1(N[*])C(O)=O |$;;;;;;_R1;;;$|,H,-,-,HELM-GPT,C_terminal_only,False,none
X499,FC(F)(F)c1ccc(C[C@H](N[*])C([*])=O)cc1 |$;;;;;;;;;;;_R1;;_R2;;;$|,H,OH,-,HELM-GPT,flexible,False,none
X762,COC(=O)C1(CCCCCC1)N[*] |$;;;;;;;;;;;;_R1$|,H,-,-,HELM-GPT,C_terminal_only,False,none
X710,Cc1cc(C)c(C[C@H](N[*])C([*])=O)c(C)c1 |$;;;;;;;;;_R1;;_R2;;;;$|,H,OH,-,HELM-GPT,flexible,False,none
X711,COC(=O)C[C@H](N[*])C([*])=O |$;;;;;;;_R1;;_R2;$|,H,OH,-,HELM-GPT,flexible,False,none
X974,COC(=O)C(=O)[C@H](CC(F)F)N[*] |$;;;;;;;;;;;;_R1$|,H,-,-,HELM-GPT,C_terminal_only,False,none
X670,[*]N1CSC[C@H]1C([*])=O |$_R1;;;;;;;_R2;$|,H,OH,-,HELM-GPT,flexible,False,none
X2853,CC(=O)OP(=O)(OC(C)=O)Oc1ccc(C[C@H](N)C([*])=O)cc1 |$;;;;;;;;;;;;;;;;;;;_R2;;;$|,-,OH,-,HELM-GPT,N_terminal_only,False,none
dPhe(2-NO2),[*]N[C@H](Cc1ccccc1N(=O)=O)C([*])=O |$_R1;;;;;;;;;;;;;;_R2;$|,H,OH,-,HELM-GPT,flexible,False,none
dPhe(3-NO2),[*]N[C@H](Cc1cccc(c1)N(=O)=O)C([*])=O |$_R1;;;;;;;;;;;;;;_R2;$|,H,OH,-,HELM-GPT,flexible,False,none
X3023,Clc1cccc(C[C@@H]2C[C@H](N([*])C2)C([*])=O)c1 |$;;;;;;;;;;;_R1;;;_R2;;$|,H,OH,-,HELM-GPT,flexible,False,none
X2866,CC(C)C[C@H](NS(=O)(=O)c1ccc2ccccc2c1)C([*])=O |$;;;;;;;;;;;;;;;;;;;;_R2;$|,-,OH,-,HELM-GPT,N_terminal_only,False,none
X2895,CC(C)C[C@H](NC(=O)NC[C@@H](O)CO)C([*])=O |$;;;;;;;;;;;;;;;_R2;$|,-,OH,-,HELM-GPT,N_terminal_only,False,none
X2869,OC(=O)c1ccc(cc1)S(=O)(=O)NCC([*])=O |$;;;;;;;;;;;;;;;_R2;$|,-,OH,-,HELM-GPT,N_terminal_only,False,none
X2544,CC1CCC(CC(=O)[C@H](Cc2ccc(O)cc2)N[C@@H](Cc2ccccc2)C([*])=O)(CC1)S[*] |$;;;;;;;;;;;;;;;;;;;;;;;;;;;_R2;;;;;_R3$|,-,OH,H,HELM-GPT,N_terminal_only,True,none
X2516,NC(=N)NCC[C@@H](N[*])C([*])=O |$;;;;;;;;_R1;;_R2;$|,H,OH,-,HELM-GPT,flexible,False,none
X1645,[*]N[C@@H](Cc1ccc(cc1)N=C=S)C([*])=O |$_R1;;;;;;;;;;;;;;_R2;$|,H,OH,-,HELM-GPT,flexible,False,none
X2254,[*]N[C@@H](CCCOc1ccc(C[C@H](NC(=O)OCc2ccccc2)C([*])=O)cc1)C=O |$_R1;;;;;;;;;;;;;;;;;;;;;;;;;_R2;;;;;$|,H,OH,-,HELM-GPT,flexible,False,none
X2235,NC(=N)N[C@H](C1CCCCC1)C([*])=O |$;;;;;;;;;;;;_R2;$|,-,OH,-,HELM-GPT,N_terminal_only,False,none
X2238,OC(=O)CN([*])N[C@@H](Cc1ccc(O)cc1)C([*])=O |$;;;;;_R1;;;;;;;;;;;;_R2;$|,H,OH,-,HELM-GPT,flexible,False,none
X7,"FC(F)(F)CNC(NCCCC[C@H](N[*])C([*])=O)=NCC(F)(F)F |w:18.18,$;;;;;;;;;;;;;;_R1;;_R2;;;;;;;$|",H,OH,-,HELM-GPT,flexible,False,none
X863,Oc1ccc(CCN([*])CC([*])=O)cc1 |$;;;;;;;;_R1;;;_R2;;;$|,H,OH,-,HELM-GPT,flexible,False,none
X738,CC(C)C[C@@H](N[*])C([O-])=O |$;;;;;;_R1;;;$|,H,-,-,HELM-GPT,C_terminal_only,False,none
X1181,CC(C)(C)C[C@@H](N[*])C([*])=O |$;;;;;;;_R1;;_R2;$|,H,OH,-,HELM-GPT,flexible,False,none
X993,OS(=O)(=O)C[C@@H](N[*])C([*])=O |$;;;;;;;_R1;;_R2;$|,H,OH,-,HELM-GPT,flexible,False,none
X1088,CCCS[C@@H]1CCN([*])[C@H]1C([*])=O |$;;;;;;;;_R1;;;_R2;$|,H,OH,-,HELM-GPT,flexible,False,none
X1034,COC(=O)[C@H](Cc1cccc(OC(=O)C(C)C)c1)N[*] |$;;;;;;;;;;;;;;;;;;;_R1$|,H,-,-,HELM-GPT,C_terminal_only,False,none
X1170,[*]N[C@@H](COc1ccc(cc1)N(=O)=O)C([*])=O |$_R1;;;;;;;;;;;;;;;_R2;$|,H,OH,-,HELM-GPT,flexible,False,none
X981,[*]N[C@@]1(CCc2ccccc2C1)C([*])=O |$_R1;;;;;;;;;;;;;_R2;$|,H,OH,-,HELM-GPT,flexible,False,none
X1115,CC(C)OC(=O)[C@H](CCc1ccccc1)N[*] |$;;;;;;;;;;;;;;;;_R1$|,H,-,-,HELM-GPT,C_terminal_only,False,none
Me_Lys(Me)2,CN(C)CCCC[C@H](N(C)[*])C([*])=O |$;;;;;;;;;;_R1;;_R2;$|,H,OH,-,HELM-GPT,flexible,False,none
X1049,[*]N[C@@H](CCCCNCc1c[nH]c2ccccc12)C([*])=O |$_R1;;;;;;;;;;;;;;;;;;;_R2;$|,H,OH,-,HELM-GPT,flexible,False,none
X859,OC(=O)CC[C@H](NCCCc1ccc2ccccc2c1)C([*])=O |$;;;;;;;;;;;;;;;;;;;;;_R2;$|,-,OH,-,HELM-GPT,N_terminal_only,False,none
X1937,[*]N[C@@H]([C@@H](OCc1ccccc1)c1ccccc1)C([*])=O |$_R1;;;;;;;;;;;;;;;;;;;_R2;$|,H,OH,-,HELM-GPT,flexible,False,none
X1974,[*]C(=O)[C@@H](CS[*])NCc1ccc(cc1)-c1ccccc1 |$_R2;;;;;;_R3;;;;;;;;;;;;;;$|,-,OH,H,HELM-GPT,N_terminal_only,True,none
X1950,C[C@@H]([C@H](N[*])C([*])=O)c1ccc2ccccc2c1 |$;;;;_R1;;_R2;;;;;;;;;;;$|,H,OH,-,HELM-GPT,flexible,False,none
X2060,Clc1ccc(NC(=O)N[C@H](CS[*])C([*])=O)cc1 |$;;;;;;;;;;;;_R3;;_R2;;;$|,-,OH,H,HELM-GPT,N_terminal_only,True,none
X2033,[*]C(=O)[C@@H](CS[*])NC(=O)NC1CCCCC1 |$_R2;;;;;;_R3;;;;;;;;;;$|,-,OH,H,HELM-GPT,N_terminal_only,True,none
X2067,CC[C@@]1(OC(=O)N(CCN)CC([*])=O)C(=O)OCc2c1cc1-c3nc4ccccc4cc3Cn1c2=O |$;;;;;;;;;;;;_R2;;;;;;;;;;;;;;;;;;;;;;;$|,-,OH,-,HELM-GPT,N_terminal_only,False,none
X1949,CC(C)NCc1ccc(C[C@H](N(C)[*])C([*])=O)cc1 |$;;;;;;;;;;;;;_R1;;_R2;;;$|,H,OH,-,HELM-GPT,flexible,False,none
X1825,CN([*])[C@@H](CC(C)(C)OCc1ccccc1)C([*])=O |$;;_R1;;;;;;;;;;;;;;;_R2;$|,H,OH,-,HELM-GPT,flexible,False,none
X1766,COC(=O)n1cc(C[C@H](N[*])C([*])=O)c2ccccc12 |$;;;;;;;;;;_R1;;_R2;;;;;;;$|,H,OH,-,HELM-GPT,flexible,False,none
X1942,[*]N[C@@]1(C[C@H]1c1ccccc1)C([*])=O |$_R1;;;;;;;;;;;;_R2;$|,H,OH,-,HELM-GPT,flexible,False,none
X1796,[*]N1NCCC[C@H]1C([*])=O |$_R1;;;;;;;;_R2;$|,H,OH,-,HELM-GPT,flexible,False,none
X1823,C[C@H](Cc1nc2ccccc2s1)[C@@H](O)[C@H](N(C)[*])C([*])=O |$;;;;;;;;;;;;;;;;;_R1;;_R2;$|,H,OH,-,HELM-GPT,flexible,False,none
X1889,[*]N[C@@H](CCCN=C(NC(=O)OCc1ccccc1)NC(=O)OCc1ccccc1)C([*])=O |$_R1;;;;;;;;;;;;;;;;;;;;;;;;;;;;;;;_R2;$|,H,OH,-,HELM-GPT,flexible,False,none
X1749,[*]N[C@H](C1c2ccccc2-c2ccccc12)C([*])=O |$_R1;;;;;;;;;;;;;;;;;_R2;$|,H,OH,-,HELM-GPT,flexible,False,none
X1801,Cc1[nH]c2ccccc2c1C[C@H](N[*])C([*])=O |$;;;;;;;;;;;;;_R1;;_R2;$|,H,OH,-,HELM-GPT,flexible,False,none
X1735,[*]N[C@H](COCCC1OCCCO1)C([*])=O |$_R1;;;;;;;;;;;;;;_R2;$|,H,OH,-,HELM-GPT,flexible,False,none
X1678,"CSCOC(=O)C=CC[C@@H](C)[C@@H](O)[C@H](N(C)[*])C([*])=O |w:7.7,$;;;;;;;;;;;;;;;;_R1;;_R2;$|",H,OH,-,HELM-GPT,flexible,False,none
X1897,CN1CCC[C@H](N1[*])C([*])=O |$;;;;;;;_R1;;_R2;$|,H,OH,-,HELM-GPT,flexible,False,none
X1877,"CN([*])[C@@H]([C@H](O)C(C)=CCCC[N-][N+]#N)C([*])=O |w:8.8,$;;_R1;;;;;;;;;;;;;;_R2;$|",H,OH,-,HELM-GPT,flexible,False,none
X1740,"C[C@H](CC=CC(=O)OCCF)[C@@H](O)[C@H](N(C)[*])C([*])=O |w:3.2,$;;;;;;;;;;;;;;;;_R1;;_R2;$|",H,OH,-,HELM-GPT,flexible,False,none
X1668,OCCC[C@@H](N[*])C([*])=O |$;;;;;;_R1;;_R2;$|,H,OH,-,HELM-GPT,flexible,False,none
X1734,[*]N[C@H](COCC#N)C([*])=O |$_R1;;;;;;;;;_R2;$|,H,OH,-,HELM-GPT,flexible,False,none
X1934,CN([*])[C@H](SCCn1ccnc1)C([*])=O |$;;_R1;;;;;;;;;;;_R2;$|,H,OH,-,HELM-GPT,flexible,False,none
X1860,CC(C)c1ccc2nc(C[C@@H](C)[C@@H](O)[C@H](N(C)[*])C([*])=O)[nH]c2c1 |$;;;;;;;;;;;;;;;;;_R1;;_R2;;;;$|,H,OH,-,HELM-GPT,flexible,False,none
X1797,"CN(C)C[C@@H]1C[C@H](N([*])N=C1)C([*])=O |$;;;;;;;;_R1;;;;_R2;$,c:9|",H,OH,-,HELM-GPT,flexible,False,none
Tic,[*]N1Cc2ccccc2C[C@H]1C([*])=O |$_R1;;;;;;;;;;;;_R2;$|,H,OH,-,HELM-GPT,flexible,False,none
Phi,[*]N1[C@H]2CCCC[C@H]2C[C@H]1C([*])=O |$_R1;;;;;;;;;;;_R2;$|,H,OH,-,HELM-GPT,flexible,False,none
dGlp,[*]C(=O)[C@H]1CCC(=O)N1 |$_R2;;;;;;;;$|,-,OH,-,HELM-GPT,N_terminal_only,False,none
X120,NC(=N)NCCC[C@H](N[*])C=O |$;;;;;;;;;_R1;;$|,H,-,-,HELM-GPT,C_terminal_only,False,none
Cbz_V,CC(C)[C@H](NC(=O)OCc1ccccc1)C([*])=O |$;;;;;;;;;;;;;;;;_R2;$|,-,OH,-,HELM-GPT,N_terminal_only,False,none
X42,NC(=N)NCCC[C@H]([N-][N+]#N)C([*])=O |$;;;;;;;;;;;;_R2;$|,-,OH,-,HELM-GPT,N_terminal_only,False,none
X2388,Cc1cn(C(=O)CNc2ccc(C[C@H](N[*])C([*])=O)cc2)c(=O)[nH]c1=O |$;;;;;;;;;;;;;;;_R1;;_R2;;;;;;;;$|,H,OH,-,HELM-GPT,flexible,False,none
X2801,CN([*])[C@@H](CCN1CCOCC1)C([*])=O |$;;_R1;;;;;;;;;;;_R2;$|,H,OH,-,HELM-GPT,flexible,False,none
X2885,Fc1ccc(C[C@H](NS(=O)(=O)c2cccs2)C([*])=O)cc1 |$;;;;;;;;;;;;;;;;;_R2;;;$|,-,OH,-,HELM-GPT,N_terminal_only,False,none
X2864,[*]C(=O)[C@H](Cc1cnc[nH]1)NC(=O)NC(=O)[C@@H]1CCC(=O)N1 |$_R2;;;;;;;;;;;;;;;;;;;;;$|,-,OH,-,HELM-GPT,N_terminal_only,False,none
X2767,NCCCC[C@H](N[*])C(=O)CN[C@H](Cc1c[nH]c2ccccc12)C([*])=O |$;;;;;;;_R1;;;;;;;;;;;;;;;;;_R2;$|,H,OH,-,HELM-GPT,flexible,False,none
X2716,CC(C)[C@H](N[*])C(=O)O[C@@H](C)[C@@H](N)C([*])=O |$;;;;;_R1;;;;;;;;;_R2;$|,H,OH,-,HELM-GPT,flexible,False,none
X2706,OC(=O)C[C@@H](N[*])C(=O)Oc1cc(nn1-c1ccccc1)C(F)(F)F |$;;;;;;_R1;;;;;;;;;;;;;;;;;;$|,H,-,-,HELM-GPT,C_terminal_only,False,none
X2086,OC(=O)CC[C@H](NC(=O)OCC1c2ccccc2-c2ccccc12)C([*])=O |$;;;;;;;;;;;;;;;;;;;;;;;;;_R2;$|,-,OH,-,HELM-GPT,N_terminal_only,False,none
X2165,COc1ccc(C[C@H](N[C@@H](Cc2ccccc2)C([*])=O)C(=O)CC2(CCN(C)CC2)S[*])cc1 |$;;;;;;;;;;;;;;;;;;_R2;;;;;;;;;;;;;_R3;;$|,-,OH,H,HELM-GPT,N_terminal_only,True,none
X2155,CC(=O)CCCCC[C@H](N[*])C([*])=O |$;;;;;;;;;;_R1;;_R2;$|,H,OH,-,HELM-GPT,flexible,False,none
X2129,[*]C(=O)[C@@H]1NCCC1=O |$_R2;;;;;;;;$|,-,OH,-,HELM-GPT,N_terminal_only,False,none
X2173,NCCCC[C@H](N[*])C(=O)c1ncco1 |$;;;;;;;_R1;;;;;;;$|,H,-,-,HELM-GPT,C_terminal_only,False,none
X1194,OC(=O)CC[C@H](NCCCCc1ccc2ccc3cccc4ccc1c2c34)C([*])=O |$;;;;;;;;;;;;;;;;;;;;;;;;;;;;_R2;$|,-,OH,-,HELM-GPT,N_terminal_only,False,none
X1073,OCC[C@H](O)[C@H](N[*])C([*])=O |$;;;;;;;_R1;;_R2;$|,H,OH,-,HELM-GPT,flexible,False,none
G_OtBu,CC(C)(C)OC(=O)CN[*] |$;;;;;;;;;_R1$|,H,-,-,HELM-GPT,C_terminal_only,False,none
EtCO_dNal,CCOC(=O)N[C@H](Cc1ccc2ccccc2c1)C([*])=O |$;;;;;;;;;;;;;;;;;;;_R2;$|,-,OH,-,HELM-GPT,N_terminal_only,False,none
X1284,CC(C)(C)OC(=O)N(CC=C)CC([*])=O |$;;;;;;;;;;;;;_R2;$|,-,OH,-,HELM-GPT,N_terminal_only,False,none
X1437,"[*]N[C@@H](CCCN=C(NCc1ccccn1)NC#N)C([*])=O |w:6.5,$_R1;;;;;;;;;;;;;;;;;;;;_R2;$|",H,OH,-,HELM-GPT,flexible,False,none
X1499,CCOCCN([*])CC([*])=O |$;;;;;;_R1;;;_R2;$|,H,OH,-,HELM-GPT,flexible,False,none
X1332,OP(O)(=O)C(F)(F)c1cccc(C[C@@H](N[*])C([*])=O)c1 |$;;;;;;;;;;;;;;;_R1;;_R2;;$|,H,OH,-,HELM-GPT,flexible,False,none
X1276,C[C@@H](N([*])CC([*])=O)c1ccccc1 |$;;;_R1;;;_R2;;;;;;;$|,H,OH,-,HELM-GPT,flexible,False,none
X1454,CCCC(CCC)NCCCC[C@@H](N[*])C([*])=O |$;;;;;;;;;;;;;;_R1;;_R2;$|,H,OH,-,HELM-GPT,flexible,False,none
X1456,CC(C)[C@H](NC(=O)N(N)Cc1ccccc1)C([*])=O |$;;;;;;;;;;;;;;;;;_R2;$|,-,OH,-,HELM-GPT,N_terminal_only,False,none
X1245,COC(=O)[C@](C)(Cc1ccccc1)N[*] |$;;;;;;;;;;;;;;_R1$|,H,-,-,HELM-GPT,C_terminal_only,False,none
X1468,CCN1C(=O)C[C@H](NC1=O)C([*])=O |$;;;;;;;;;;;_R2;$|,-,OH,-,HELM-GPT,N_terminal_only,False,none
X1192,[*]N[C@@H](Cc1cnc([nH]1)C1CC1)C([*])=O |$_R1;;;;;;;;;;;;;_R2;$|,H,OH,-,HELM-GPT,flexible,False,none
X1206,[*]N[C@H](CCCc1ccccc1)C([*])=O |$_R1;;;;;;;;;;;;;_R2;$|,H,OH,-,HELM-GPT,flexible,False,none
X241,COc1cc(ccc1O)[C@H]1N[C@@H](Cc2c1[nH]c1ccccc21)C([*])=O |$;;;;;;;;;;;;;;;;;;;;;;;_R2;$|,-,OH,-,HELM-GPT,N_terminal_only,False,none
X319,[*]N1C[C@H](C[C@H]1C([*])=O)OCc1ccccc1 |$_R1;;;;;;;_R2;;;;;;;;;$|,H,OH,-,HELM-GPT,flexible,False,none
X183,CCCCN(C#N)c1ccc(C[C@H](N[*])C([*])=O)cc1 |$;;;;;;;;;;;;;;_R1;;_R2;;;$|,H,OH,-,HELM-GPT,flexible,False,none
X189,[*]N[C@H](Cc1ccc(cc1)-c1ccccc1)C([*])=O |$_R1;;;;;;;;;;;;;;;;;_R2;$|,H,OH,-,HELM-GPT,flexible,False,none
X398,NC(=N)N[C@@H](Cc1ccc(O)cc1)C([*])=O |$;;;;;;;;;;;;;;_R2;$|,-,OH,-,HELM-GPT,N_terminal_only,False,none
X678,[*]N[C@H](C1CCCC1)C([*])=O |$_R1;;;;;;;;;_R2;$|,H,OH,-,HELM-GPT,flexible,False,none
X512,CC(C)(C)OC(=O)N1[C@H](Cc2ccccc12)C([*])=O |$;;;;;;;;;;;;;;;;;_R2;$|,-,OH,-,HELM-GPT,N_terminal_only,False,none
X407,COCC[C@H](N[*])C([*])=O |$;;;;;;_R1;;_R2;$|,H,OH,-,HELM-GPT,flexible,False,none
X203,NCCCCN([*])CC([*])=O |$;;;;;;_R1;;;_R2;$|,H,OH,-,HELM-GPT,flexible,False,none
X403,Oc1ccc(C[C@H](N[*])C([*])=O)cc1I |$;;;;;;;;_R1;;_R2;;;;$|,H,OH,-,HELM-GPT,flexible,False,none
X271,CC(C)[C@H](NC[C@@H](N)CS)C([*])=O |$;;;;;;;;;;;_R2;$|,-,OH,-,HELM-GPT,N_terminal_only,False,none
X257,CC(C)NC(=O)N[C@@H](Cc1ccccc1)C([*])=O |$;;;;;;;;;;;;;;;;_R2;$|,-,OH,-,HELM-GPT,N_terminal_only,False,none
X575,"[*]N[C@@H](CC1=NCNC1)C([*])=O |$_R1;;;;;;;;;;_R2;$,t:4|",H,OH,-,HELM-GPT,flexible,False,none
X626,CCCC[C@H](NCc1ccccc1)C([*])=O |$;;;;;;;;;;;;;;_R2;$|,-,OH,-,HELM-GPT,N_terminal_only,False,none
X628,CC(C)C[C@H](NS(=O)(=O)c1ccccc1)C([*])=O |$;;;;;;;;;;;;;;;;_R2;$|,-,OH,-,HELM-GPT,N_terminal_only,False,none
X1596,[*]N[C@H](C(C1CCCCC1)C1CCCCC1)C([*])=O |$_R1;;;;;;;;;;;;;;;;;_R2;$|,H,OH,-,HELM-GPT,flexible,False,none
X1612,Cc1ccc(cc1)S(=O)(=O)NCCCC[C@H](N[*])C([*])=O |$;;;;;;;;;;;;;;;;;_R1;;_R2;$|,H,OH,-,HELM-GPT,flexible,False,none
X909,CC(C)=CC[C@]12C[C@H](N([*])[C@H]1Nc1ccccc21)C([*])=O |$;;;;;;;;;_R1;;;;;;;;;;_R2;$|,H,OH,-,HELM-GPT,flexible,False,none
X1537,COC(=O)[C@@H](C)N(C)[*] |$;;;;;;;;_R1$|,H,-,-,HELM-GPT,C_terminal_only,False,none
X1706,CCCC[C@@H](C)C[C@H](N[*])C([*])=O |$;;;;;;;;;_R1;;_R2;$|,H,OH,-,HELM-GPT,flexible,False,none
X1549,"CC=CCC[C@H](N[*])C([*])=O |w:1.0,$;;;;;;;_R1;;_R2;$|",H,OH,-,HELM-GPT,flexible,False,none
X1921,CN([*])[C@@H](CC(C)=C)C([*])=O |$;;_R1;;;;;;;_R2;$|,H,OH,-,HELM-GPT,flexible,False,none
X1634,CN(CCCC[C@H](N[*])C([*])=O)CC#C |$;;;;;;;;_R1;;_R2;;;;$|,H,OH,-,HELM-GPT,flexible,False,none
X76,OC(=O)[C@H]1[C@@H]2CC[C@](N[*])([C@H]12)C([*])=O |$;;;;;;;;;_R1;;;_R2;$|,H,OH,-,HELM-GPT,flexible,False,none
X1924,C[C@H](Cc1nc2ccccc2[nH]1)[C@@H](O)[C@H](N(C)[*])C([*])=O |$;;;;;;;;;;;;;;;;;_R1;;_R2;$|,H,OH,-,HELM-GPT,flexible,False,none
X540,FC(F)C[C@H](N[*])C([*])=O |$;;;;;;_R1;;_R2;$|,H,OH,-,HELM-GPT,flexible,False,none
dCit,NC(=O)NCCC[C@@H](N[*])C([*])=O |$;;;;;;;;;_R1;;_R2;$|,H,OH,-,HELM-GPT,flexible,False,none
X2578,[*]N[C@@H](CCCCOc1ccc(C[C@H](NC(=O)OCc2ccccc2)C([*])=O)cc1)C=O |$_R1;;;;;;;;;;;;;;;;;;;;;;;;;;_R2;;;;;$|,H,OH,-,HELM-GPT,flexible,False,none
X2589,CSCC[C@H](NC(=O)Nc1cccc(C)c1)C([*])=O |$;;;;;;;;;;;;;;;;;_R2;$|,-,OH,-,HELM-GPT,N_terminal_only,False,none
X2689,CCSCCN([*])CC([*])=O |$;;;;;;_R1;;;_R2;$|,H,OH,-,HELM-GPT,flexible,False,none
X2630,CCCC[C@H](N[*])C(=O)CN[C@@H](CCCC)C([*])=O |$;;;;;;_R1;;;;;;;;;;;_R2;$|,H,OH,-,HELM-GPT,flexible,False,none
X2646,CC(C)[C@H](N[*])C(=O)C(F)(F)C(O)=O |$;;;;;_R1;;;;;;;;$|,H,-,-,HELM-GPT,C_terminal_only,False,none
X2550,CCC(=C)CCCCC[C@H](N[*])C([*])=O |$;;;;;;;;;;;_R1;;_R2;$|,H,OH,-,HELM-GPT,flexible,False,none
X2568,C[C@@](CCCNC(N)=N)(N[*])C(=O)c1nc2ccccc2s1 |$;;;;;;;;;;_R1;;;;;;;;;;;$|,H,-,-,HELM-GPT,C_terminal_only,False,none
X2569,CCOC(=O)[C@H](Cc1cnc[nH]1)N[*] |$;;;;;;;;;;;;;_R1$|,H,-,-,HELM-GPT,C_terminal_only,False,none
X2291,CC(C)[C@H](NCc1cc(Br)ccc1O)C([*])=O |$;;;;;;;;;;;;;;;_R2;$|,-,OH,-,HELM-GPT,N_terminal_only,False,none
X2316,CC(C)(C)OC(=O)[C@@H](Cc1c[nH]c2ccccc12)N[*] |$;;;;;;;;;;;;;;;;;;;_R1$|,H,-,-,HELM-GPT,C_terminal_only,False,none
X2312,N[C@@H](CCCNC(N)=N)C(=O)O[C@H]1C[C@H](N([*])C1)C([*])=O |$;;;;;;;;;;;;;;;;_R1;;;_R2;$|,H,OH,-,HELM-GPT,flexible,False,none
X2314,[*]N[C@@H](C[C@@H]1CCNC1=O)C=O |$_R1;;;;;;;;;;;$|,H,-,-,HELM-GPT,C_terminal_only,False,none
X2358,[*]N1C[C@@H](C[C@H]1C([*])=O)OC(=O)NCc1cccc2ccccc12 |$_R1;;;;;;;_R2;;;;;;;;;;;;;;;;$|,H,OH,-,HELM-GPT,flexible,False,none
X2376,OC[C@H](N[*])C(=O)[C@H]1[C@H](CCN1C(=O)N[C@@H](Cc1ccccc1)C([*])=O)Sc1ccccc1 |$;;;;_R1;;;;;;;;;;;;;;;;;;;;_R2;;;;;;;;$|,H,OH,-,HELM-GPT,flexible,False,none
X2377,"OCC=C1O[C@@H]2CC(=O)N2[C@H]1C([*])=O |w:2.1,$;;;;;;;;;;;;_R2;$|",-,OH,-,HELM-GPT,N_terminal_only,False,none
X2385,NC(=N)NCCC[C@@H](NS(=O)(=O)CCc1ccccc1)C([*])=O |$;;;;;;;;;;;;;;;;;;;;;_R2;$|,-,OH,-,HELM-GPT,N_terminal_only,False,none
X2363,CC(C)C[C@H](N[*])C(=O)CN1Cc2ccccc2C[C@H]1C([*])=O |$;;;;;;_R1;;;;;;;;;;;;;;;_R2;$|,H,OH,-,HELM-GPT,flexible,False,none
X2341,[*]C(=O)CN1CCNCCNCCNCC1 |$_R2;;;;;;;;;;;;;;;$|,-,OH,-,HELM-GPT,N_terminal_only,False,none
X2429,OC(=O)[C@]1(C[C@@H]1C=C)N[*] |$;;;;;;;;;_R1$|,H,-,-,HELM-GPT,C_terminal_only,False,none
X2456,Clc1cccc2CN(Cc12)C(=O)O[C@@H]1C[C@H](N([*])C1)C([*])=O |$;;;;;;;;;;;;;;;;;_R1;;;_R2;$|,H,OH,-,HELM-GPT,flexible,False,none
X2420,CC(C)[C@H](N[*])C(=O)c1cc2ccccc2o1 |$;;;;;_R1;;;;;;;;;;;$|,H,-,-,HELM-GPT,C_terminal_only,False,none
X2455,CC[C@H](C)[C@H](N[*])C(=O)C(C)=O |$;;;;;;_R1;;;;;$|,H,-,-,HELM-GPT,C_terminal_only,False,none
X2295,CC1(C)CCN([*])[C@@H]1C([*])=O |$;;;;;;_R1;;;_R2;$|,H,OH,-,HELM-GPT,flexible,False,none
X2305,[*]N1C[C@@H](C[C@H]1C([*])=O)Oc1ccncc1 |$_R1;;;;;;;_R2;;;;;;;;$|,H,OH,-,HELM-GPT,flexible,False,none
X597,C[C@H](N([*])c1ccc2ccccc2c1)C([*])=O |$;;;_R1;;;;;;;;;;;;_R2;$|,H,OH,-,HELM-GPT,flexible,False,none
X551,[*]N(CCC(c1ccccc1)c1ccccc1)CC([*])=O |$_R1;;;;;;;;;;;;;;;;;;;_R2;$|,H,OH,-,HELM-GPT,flexible,False,none
X552,Clc1ccc(CCN([*])CC([*])=O)c(Cl)c1 |$;;;;;;;;_R1;;;_R2;;;;$|,H,OH,-,HELM-GPT,flexible,False,none
X777,OC(=O)C[C@H](N[*])C(=O)c1cccnc1 |$;;;;;;_R1;;;;;;;;$|,H,-,-,HELM-GPT,C_terminal_only,False,none
X484,CCCCOC(=O)[C@H](C)N[*] |$;;;;;;;;;;_R1$|,H,-,-,HELM-GPT,C_terminal_only,False,none
X920,[*]N[C@@H](CCC(=O)OC1CCCCC1)C([*])=O |$_R1;;;;;;;;;;;;;;;_R2;$|,H,OH,-,HELM-GPT,flexible,False,none
X971,C[C@H](Nc1ccc(c2nonc12)N(=O)=O)C([*])=O |$;;;;;;;;;;;;;;;;_R2;$|,-,OH,-,HELM-GPT,N_terminal_only,False,none
X557,Cc1cc(C)c(cc1C)-c1cn(nn1)[C@H]1C[C@H](N([*])C1)C([*])=O |$;;;;;;;;;;;;;;;;;;_R1;;;_R2;$|,H,OH,-,HELM-GPT,flexible,False,none
X610,OC(=O)[C@]1(C[C@H]1C=C)N[*] |$;;;;;;;;;_R1$|,H,-,-,HELM-GPT,C_terminal_only,False,none
X905,"[*]N1CC=C[C@H]1C([*])=O |$_R1;;;;;;;_R2;$,c:3|",H,OH,-,HELM-GPT,flexible,False,none
X907,C[C@H](N([*])CC=C)C([*])=O |$;;;_R1;;;;;_R2;$|,H,OH,-,HELM-GPT,flexible,False,none
X2879,"FC(F)(F)CNC(=N)NCCC[C@H](N[*])C([*])=O |w:5.4,$;;;;;;;;;;;;;;_R1;;_R2;$|",H,OH,-,HELM-GPT,flexible,False,none
Phg(3-Cl),N[C@H](C([*])=O)c1cccc(Cl)c1 |$;;;_R2;;;;;;;;$|,-,OH,-,HELM-GPT,N_terminal_only,False,none
X2900,COC(=O)c1ccc(cc1)S(=O)(=O)N[C@@H](Cc1ccccc1)C([*])=O |$;;;;;;;;;;;;;;;;;;;;;;;_R2;$|,-,OH,-,HELM-GPT,N_terminal_only,False,none
X2873,CC(C)C[C@H](NC(=O)OCCCOS(O)(=O)=O)C([*])=O |$;;;;;;;;;;;;;;;;;;_R2;$|,-,OH,-,HELM-GPT,N_terminal_only,False,none
X2876,[*]N[C@@H](CCCCNC(=O)NCc1ccccc1)C([*])=O |$_R1;;;;;;;;;;;;;;;;;;;_R2;$|,H,OH,-,HELM-GPT,flexible,False,none
X2501,COC(=O)[C@H](Cc1ccc(Oc2cc(C[C@H](NC(=O)OCc3ccccc3)C([*])=O)ccc2O)cc1)N[*] |$;;;;;;;;;;;;;;;;;;;;;;;;;;;;_R2;;;;;;;;;_R1$|,H,OH,-,HELM-GPT,flexible,False,none
X2482,[*]N[C@H](C([*])=O)C(=O)c1c[nH]c2ccccc12 |$_R1;;;;_R2;;;;;;;;;;;;$|,H,OH,-,HELM-GPT,flexible,False,none
X2507,[*]N[C@H](Cc1c[n+](OCc2ccccc2)c[nH]1)C([*])=O |$_R1;;;;;;;;;;;;;;;;;;_R2;$|,H,OH,-,HELM-GPT,flexible,False,none
X501,CNC(=O)Nc1ccc(C[C@@H](N[*])C([*])=O)cc1 |$;;;;;;;;;;;;_R1;;_R2;;;$|,H,OH,-,HELM-GPT,flexible,False,none
X1585,CCOC(=O)[C@H](CCSC)N[*] |$;;;;;;;;;;;_R1$|,H,-,-,HELM-GPT,C_terminal_only,False,none
X1586,[*]N1C[C@@H](C[C@H]1C([*])=O)Oc1cc(nc2ccccc12)-c1ccccc1 |$_R1;;;;;;;_R2;;;;;;;;;;;;;;;;;;$|,H,OH,-,HELM-GPT,flexible,False,none
X694,FC(F)(F)CCC[C@H](N[*])C([*])=O |$;;;;;;;;;_R1;;_R2;$|,H,OH,-,HELM-GPT,flexible,False,none
X1351,OS(=O)(=O)SC[C@H](N[*])C([*])=O |$;;;;;;;;_R1;;_R2;$|,H,OH,-,HELM-GPT,flexible,False,none
X1646,CNC(=N)NCCCC[C@H](N[*])C([*])=O |$;;;;;;;;;;;_R1;;_R2;$|,H,OH,-,HELM-GPT,flexible,False,none
X16,[*]NC1(CCCCCCCCCCC1)C([*])=O |$_R1;;;;;;;;;;;;;;;_R2;$|,H,OH,-,HELM-GPT,flexible,False,none
X2225,Nc1ccn(C[C@H](N[*])C([*])=O)c(=O)n1 |$;;;;;;;;_R1;;_R2;;;;$|,H,OH,-,HELM-GPT,flexible,False,none
X2222,OC(=O)C[C@H](N[*])C(=O)OCCc1ccccc1 |$;;;;;;_R1;;;;;;;;;;;$|,H,-,-,HELM-GPT,C_terminal_only,False,none
Glp,[*]N1[C@@H](CCC1=O)C([*])=O |$_R1;;;;;;;;_R2;$|,H,OH,-,HELM-GPT,flexible,False,none
X877,[*]N1C[C@H](CCc2ccccc2)C[C@H]1C([*])=O |$_R1;;;;;;;;;;;;;;;_R2;$|,H,OH,-,HELM-GPT,flexible,False,none
X944,COc1ccc(CNCCC[C@H](NCc2ccccc2)C([*])=O)cc1 |$;;;;;;;;;;;;;;;;;;;;;_R2;;;$|,-,OH,-,HELM-GPT,N_terminal_only,False,none
X737,C[C@@H]([C@@H](N[*])C([*])=O)c1c[nH]c2ccccc12 |$;;;;_R1;;_R2;;;;;;;;;;$|,H,OH,-,HELM-GPT,flexible,False,none
X747,C[C@@]1(CO1)C(=O)[C@H](CCCNC(N)=N)N[*] |$;;;;;;;;;;;;;;;_R1$|,H,-,-,HELM-GPT,C_terminal_only,False,none
Boc_dY,CC(C)(C)OC(=O)N[C@H](Cc1ccc(O)cc1)C([*])=O |$;;;;;;;;;;;;;;;;;;_R2;$|,-,OH,-,HELM-GPT,N_terminal_only,False,none
X1154,[*]C(=O)[C@@H]1CC(=O)NC(=O)N1Cc1ccccc1 |$_R2;;;;;;;;;;;;;;;;;$|,-,OH,-,HELM-GPT,N_terminal_only,False,none
X1102,CCOCCOCCNC(=O)Nc1ccc(C[C@H](N[*])C([*])=O)cc1 |$;;;;;;;;;;;;;;;;;;;_R1;;_R2;;;$|,H,OH,-,HELM-GPT,flexible,False,none
X1105,FC(F)(F)C(=O)CN[*] |$;;;;;;;;_R1$|,H,-,-,HELM-GPT,C_terminal_only,False,none
X1173,[*]N[C@H](Cc1ccc(NC(=S)Cc2ccccc2)cc1)C([*])=O |$_R1;;;;;;;;;;;;;;;;;;;;;_R2;$|,H,OH,-,HELM-GPT,flexible,False,none
X1116,OC[C@H](NCCCC(O)=O)C([*])=O |$;;;;;;;;;;;_R2;$|,-,OH,-,HELM-GPT,N_terminal_only,False,none
X1043,CCNC(=O)N[C@@H](CCSC)C([*])=O |$;;;;;;;;;;;;_R2;$|,-,OH,-,HELM-GPT,N_terminal_only,False,none
X1111,CC[C@H](NC[C@@H](N)CS)C([*])=O |$;;;;;;;;;;_R2;$|,-,OH,-,HELM-GPT,N_terminal_only,False,none
X1113,"[*]N1CC=CC[C@@H]1C([*])=O |$_R1;;;;;;;;_R2;$,c:3|",H,OH,-,HELM-GPT,flexible,False,none
X791,CCC[C@H](N[*])C(=O)C(F)(F)C(F)(F)F |$;;;;;_R1;;;;;;;;;$|,H,-,-,HELM-GPT,C_terminal_only,False,none
X860,CN[C@@H](CCC(O)=O)C(=S)N[C@@H]([C@@H](C)O)C([*])=O |$;;;;;;;;;;;;;;;;_R2;$|,-,OH,-,HELM-GPT,N_terminal_only,False,none
dF_OMe,COC(=O)[C@@H](Cc1ccccc1)N[*] |$;;;;;;;;;;;;;_R1$|,H,-,-,HELM-GPT,C_terminal_only,False,none
X1682,"C[C@H](C=CCC(O)=O)[C@@H](O)[C@H](N(C)[*])C([*])=O |w:3.3,$;;;;;;;;;;;;;_R1;;_R2;$|",H,OH,-,HELM-GPT,flexible,False,none
X1765,NCCNC(=O)O[C@H]1C[C@H](N([*])C1)C([*])=O |$;;;;;;;;;;;_R1;;;_R2;$|,H,OH,-,HELM-GPT,flexible,False,none
X1696,CC(C)[C@@](O)(N[*])C([*])=O |$;;;;;;_R1;;_R2;$|,H,OH,-,HELM-GPT,flexible,False,none
X103,[*]N[C@@H](CC=O)C([*])=O |$_R1;;;;;;;_R2;$|,H,OH,-,HELM-GPT,flexible,False,none
X1984,N[C@H](Cc1c[nH]c(c1)C(O)=O)C([*])=O |$;;;;;;;;;;;;_R2;$|,-,OH,-,HELM-GPT,N_terminal_only,False,none
Me_dC,CN([*])[C@H](CS[*])C([*])=O |$;;_R1;;;;_R3;;_R2;$|,H,OH,H,HELM-GPT,flexible,True,none
X2019,[*]N[C@H](C([*])=O)c1cccc(c1)C#N |$_R1;;;;_R2;;;;;;;;;$|,H,OH,-,HELM-GPT,flexible,False,none
X2054,CCNCCC[C@H](N[*])C([*])=O |$;;;;;;;;_R1;;_R2;$|,H,OH,-,HELM-GPT,flexible,False,none
X1989,Fc1c(F)c(F)c([C@H](N[*])C([*])=O)c(F)c1F |$;;;;;;;;;_R1;;_R2;;;;;$|,H,OH,-,HELM-GPT,flexible,False,none
X1968,CC(C)NCCC[C@H](N[*])C([*])=O |$;;;;;;;;;_R1;;_R2;$|,H,OH,-,HELM-GPT,flexible,False,none
X2025,C[C@H](NS(=O)(=O)c1ccc2ccccc2c1)C([*])=O |$;;;;;;;;;;;;;;;;;_R2;$|,-,OH,-,HELM-GPT,N_terminal_only,False,none
X1981,NC(=N)NCC[C@H]1CCN([*])[C@H]1C([*])=O |$;;;;;;;;;;_R1;;;_R2;$|,H,OH,-,HELM-GPT,flexible,False,none
X1987,C[C@@](N[*])(C([*])=O)c1csc2ccccc12 |$;;;_R1;;_R2;;;;;;;;;;$|,H,OH,-,HELM-GPT,flexible,False,none
X2075,CC(C)=NCCC[C@@H](N[*])C([*])=O |$;;;;;;;;;_R1;;_R2;$|,H,OH,-,HELM-GPT,flexible,False,none
X1969,[*]N[C@@H](Cc1cccc(c1)-c1ccccc1)C([*])=O |$_R1;;;;;;;;;;;;;;;;;_R2;$|,H,OH,-,HELM-GPT,flexible,False,none
X1912,CC=C=CC[C@@H](C)[C@@H](O)[C@H](N(C)[*])C([*])=O |$;;;;;;;;;;;;_R1;;_R2;$|,H,OH,-,HELM-GPT,flexible,False,none
X1903,CC(C)OC(=O)COCCOCCOC[C@@H](N[*])C([*])=O |$;;;;;;;;;;;;;;;;;_R1;;_R2;$|,H,OH,-,HELM-GPT,flexible,False,none
X1914,CCOC(=O)CCC[C@@H](C)[C@@H](O)[C@H](N(C)[*])C([*])=O |$;;;;;;;;;;;;;;;_R1;;_R2;$|,H,OH,-,HELM-GPT,flexible,False,none
X1927,CN([*])[C@H](SCCN1CCOCC1)C([*])=O |$;;_R1;;;;;;;;;;;;_R2;$|,H,OH,-,HELM-GPT,flexible,False,none
X1926,CN([*])[C@H](SCCO)C([*])=O |$;;_R1;;;;;;;_R2;$|,H,OH,-,HELM-GPT,flexible,False,none
X1864,Ic1ccc(C[C@@H](N[*])C([*])=O)cc1 |$;;;;;;;;_R1;;_R2;;;$|,H,OH,-,HELM-GPT,flexible,False,none
X1865,CCn1cc([C@H](N[*])C([*])=O)c(=O)c2ccccc12 |$;;;;;;;_R1;;_R2;;;;;;;;;$|,H,OH,-,HELM-GPT,flexible,False,none
X1815,[*]N[C@@H](Cc1ccc(cc1)N(Cc1ccccc1)Cc1ccccc1)C([*])=O |$_R1;;;;;;;;;;;;;;;;;;;;;;;;;;_R2;$|,H,OH,-,HELM-GPT,flexible,False,none
X1729,CCCn1cc(C[C@H](N[*])C([*])=O)c2ccccc12 |$;;;;;;;;;_R1;;_R2;;;;;;;$|,H,OH,-,HELM-GPT,flexible,False,none
X1899,"OCC=CCOC[C@@H](N[*])C([*])=O |w:3.3,$;;;;;;;;;_R1;;_R2;$|",H,OH,-,HELM-GPT,flexible,False,none
X1528,[*]N[C@@]1(C[C@@H]1c1ccccc1)C([*])=O |$_R1;;;;;;;;;;;;_R2;$|,H,OH,-,HELM-GPT,flexible,False,none
X1885,[*]N[C@@H](Cc1ccc(NCc2ccccc2)cc1)C([*])=O |$_R1;;;;;;;;;;;;;;;;;;;_R2;$|,H,OH,-,HELM-GPT,flexible,False,none
X1932,[*]N[C@@H](CCCCCC(=O)[C@H]1CO1)C([*])=O |$_R1;;;;;;;;;;;;;;_R2;$|,H,OH,-,HELM-GPT,flexible,False,none
X1701,CCC[C@H](C)[C@H](N(C)[*])C([*])=O |$;;;;;;;;_R1;;_R2;$|,H,OH,-,HELM-GPT,flexible,False,none
X1850,Clc1c(cnc2ccccc12)[C@@H](N[*])C([*])=O |$;;;;;;;;;;;;;_R1;;_R2;$|,H,OH,-,HELM-GPT,flexible,False,none
X39,CC(C)C[C@H](N[*])C=O |$;;;;;;_R1;;$|,H,-,-,HELM-GPT,C_terminal_only,False,none
F_MeCl,ClCC(=O)[C@H](Cc1ccccc1)N[*] |$;;;;;;;;;;;;;_R1$|,H,-,-,HELM-GPT,C_terminal_only,False,none
X139,C[C@H]([C@@H](N[*])C([*])=O)c1ccccc1 |$;;;;_R1;;_R2;;;;;;;$|,H,OH,-,HELM-GPT,flexible,False,none
Me_dPhg,CN([*])[C@@H](C([*])=O)c1ccccc1 |$;;_R1;;;_R2;;;;;;;$|,H,OH,-,HELM-GPT,flexible,False,none
X429,OC(=O)CC[C@H](NCCc1ccc(F)c(F)c1F)C([*])=O |$;;;;;;;;;;;;;;;;;;;_R2;$|,-,OH,-,HELM-GPT,N_terminal_only,False,none
X432,CC(C)(C)OC(=O)N[C@@H](Cc1ccc(CS(O)(=O)=O)cc1)C([*])=O |$;;;;;;;;;;;;;;;;;;;;;;_R2;$|,-,OH,-,HELM-GPT,N_terminal_only,False,none
W_OMe,COC(=O)[C@H](Cc1c[nH]c2ccccc12)N[*] |$;;;;;;;;;;;;;;;;_R1$|,H,-,-,HELM-GPT,C_terminal_only,False,none
X298,C[C@]1(CCCN1[*])C([*])=O |$;;;;;;_R1;;_R2;$|,H,OH,-,HELM-GPT,flexible,False,none
X417,Ic1ccc(C[C@H](N[*])C([*])=O)cc1 |$;;;;;;;;_R1;;_R2;;;$|,H,OH,-,HELM-GPT,flexible,False,none
X145,Clc1ccc2c(C[C@H](N[*])C([*])=O)c[nH]c2c1 |$;;;;;;;;;_R1;;_R2;;;;;$|,H,OH,-,HELM-GPT,flexible,False,none
X424,Nc1ccc2c(Cn3cc(C[C@H](N[*])C([*])=O)nn3)cc(=O)oc2c1 |$;;;;;;;;;;;;;_R1;;_R2;;;;;;;;;$|,H,OH,-,HELM-GPT,flexible,False,none
dalloI,CC[C@H](C)[C@@H](N[*])C([*])=O |$;;;;;;_R1;;_R2;$|,H,OH,-,HELM-GPT,flexible,False,none
X44,C[C@@]1(CO1)C(=O)[C@H](Cc1ccccc1)N[*] |$;;;;;;;;;;;;;;;_R1$|,H,-,-,HELM-GPT,C_terminal_only,False,none
X27,COC(=O)C(=O)[C@@H](N[*])C(C)C |$;;;;;;;;_R1;;;$|,H,-,-,HELM-GPT,C_terminal_only,False,none
X2105,"N[C@@H](CC=CC[C@H](N[*])C(O)=O)C([*])=O |w:4.4,$;;;;;;;;_R1;;;;;_R2;$|",H,OH,-,HELM-GPT,flexible,False,none
X2759,CCCCCCCCCCCCNCC([*])=O |$;;;;;;;;;;;;;;;_R2;$|,-,OH,-,HELM-GPT,N_terminal_only,False,none
X2788,NC(=N)c1ccc(C[C@H](N[*])C(=O)c2nc3ccccc3s2)cc1 |$;;;;;;;;;;_R1;;;;;;;;;;;;;$|,H,-,-,HELM-GPT,C_terminal_only,False,none
X2760,[*]C(=O)[C@@H](Cc1cccc2ccccc12)NC(=O)OCc1ccccc1 |$_R2;;;;;;;;;;;;;;;;;;;;;;;;;$|,-,OH,-,HELM-GPT,N_terminal_only,False,none
X2772,FC(F)(F)c1ccc2CN(Cc2c1)C(=O)O[C@@H]1C[C@H](N([*])C1)C([*])=O |$;;;;;;;;;;;;;;;;;;;;_R1;;;_R2;$|,H,OH,-,HELM-GPT,flexible,False,none
X2345,[*]N[C@@H](CCCCCOc1ccc(C[C@H](NC(=O)OCc2ccccc2)C([*])=O)cc1)C=O |$_R1;;;;;;;;;;;;;;;;;;;;;;;;;;;_R2;;;;;$|,H,OH,-,HELM-GPT,flexible,False,none
X2831,Nc1c(I)cc(C[C@@H](N[*])C([*])=O)cc1I |$;;;;;;;;;_R1;;_R2;;;;$|,H,OH,-,HELM-GPT,flexible,False,none
X2817,CC(C)C[C@H](NC(=S)Nc1ccc2c(c1)C(=O)OC21c2ccc(O)cc2Oc2cc(O)ccc12)C([*])=O |$;;;;;;;;;;;;;;;;;;;;;;;;;;;;;;;;;;;_R2;$|,-,OH,-,HELM-GPT,N_terminal_only,False,none
X2526,[*]N[C@@H](Cc1cn(CCCCCCCCc2ccccc2)c2ccccc12)C([*])=O |$_R1;;;;;;;;;;;;;;;;;;;;;;;;;;;;_R2;$|,H,OH,-,HELM-GPT,flexible,False,none
X2850,[*]N[C@@H](CSCc1ccccc1)C([*])=O |$_R1;;;;;;;;;;;;;_R2;$|,H,OH,-,HELM-GPT,flexible,False,none
Abu_COEt,CCOC(=O)C(=O)[C@H](CC)N[*] |$;;;;;;;;;;;_R1$|,H,-,-,HELM-GPT,C_terminal_only,False,none
X2714,COc1ccc2nc(sc2c1)C(=O)[C@H](CCCNC(N)=N)N[*] |$;;;;;;;;;;;;;;;;;;;;;;_R1$|,H,-,-,HELM-GPT,C_terminal_only,False,none
X2717,N[C@@H](Cc1ccc(O)cc1)ON[C@H](Cc1ccccc1)C([*])=O |$;;;;;;;;;;;;;;;;;;;;;_R2;$|,-,OH,-,HELM-GPT,N_terminal_only,False,none
X2708,CC(C)CCCN([*])CC([*])=O |$;;;;;;;_R1;;;_R2;$|,H,OH,-,HELM-GPT,flexible,False,none
X2080,[*]N[C@@H](CCCCN[C@@H]1C[C@H]1c1ccccc1)C([*])=O |$_R1;;;;;;;;;;;;;;;;;;_R2;$|,H,OH,-,HELM-GPT,flexible,False,none
X2081,[*]N[C@@H](CCCC[N-][N+]#N)C([*])=O |$_R1;;;;;;;;;;;_R2;$|,H,OH,-,HELM-GPT,flexible,False,none
X2087,OC[C@H](N[*])C(=O)[C@@H]1CCCN1C(=O)N[C@@H](Cc1ccccc1)C([*])=O |$;;;;_R1;;;;;;;;;;;;;;;;;;;;_R2;$|,H,OH,-,HELM-GPT,flexible,False,none
X2205,Fc1ccc(cc1)S(=O)(=O)N[C@@H](Cc1ccc(OCCCC[C@H](N[*])C=O)cc1)C([*])=O |$;;;;;;;;;;;;;;;;;;;;;;;;_R1;;;;;;_R2;$|,H,OH,-,HELM-GPT,flexible,False,none
dW_OBzl,[*]N[C@H](Cc1c[nH]c2ccccc12)C(=O)OCc1ccccc1 |$_R1;;;;;;;;;;;;;;;;;;;;;;$|,H,-,-,HELM-GPT,C_terminal_only,False,none
Ser(tBu),CC(C)(C)OC[C@H](N[*])C([*])=O |$;;;;;;;;_R1;;_R2;$|,H,OH,-,HELM-GPT,flexible,False,none
X2157,[*]C(=O)[C@@H](Cc1ccccc1)NS(=O)(=O)Cc1ccccc1 |$_R2;;;;;;;;;;;;;;;;;;;;;$|,-,OH,-,HELM-GPT,N_terminal_only,False,none
X2209,N[C@@H](CCC(O)=O)C(=O)c1ccccc1NC(=O)N[C@@H](CO)C([*])=O |$;;;;;;;;;;;;;;;;;;;;;;;_R2;$|,-,OH,-,HELM-GPT,N_terminal_only,False,none
X2201,CC(C)C[C@H](N[*])C(=O)COC(=O)c1c(C)cccc1C |$;;;;;;_R1;;;;;;;;;;;;;;$|,H,-,-,HELM-GPT,C_terminal_only,False,none
X2189,COC(=O)[C@H](Cc1ccc(OC(=O)Cc2ccccc2)cc1)N[*] |$;;;;;;;;;;;;;;;;;;;;;;;_R1$|,H,-,-,HELM-GPT,C_terminal_only,False,none
X2212,[*]C(=O)[C@@H]1CC(=O)CN1 |$_R2;;;;;;;;$|,-,OH,-,HELM-GPT,N_terminal_only,False,none
X2127,CCCCCCCCCCCCCCCCS(=O)(=O)N[C@@H](Cc1c[nH]c2ccccc12)C([*])=O |$;;;;;;;;;;;;;;;;;;;;;;;;;;;;;;;;_R2;$|,-,OH,-,HELM-GPT,N_terminal_only,False,none
X1970,NC(=N)NCCCCN([*])[C@H](CS[*])C([*])=O |$;;;;;;;;;_R1;;;;_R3;;_R2;$|,H,OH,H,HELM-GPT,flexible,True,none
X1017,Cc1ccccc1-c1cn(nn1)[C@H]1C[C@H](N([*])C1)C([*])=O |$;;;;;;;;;;;;;;;;_R1;;;_R2;$|,H,OH,-,HELM-GPT,flexible,False,none
X1081,CCCO[C@H]1C[C@H](N([*])C1)C([*])=O |$;;;;;;;;_R1;;;_R2;$|,H,OH,-,HELM-GPT,flexible,False,none
X1436,CC(C)(C)c1ncc(C[C@H](N[*])C([*])=O)[nH]1 |$;;;;;;;;;;;_R1;;_R2;;$|,H,OH,-,HELM-GPT,flexible,False,none
X1477,[*]N[C@@H](Cc1nc2c(ccc3ccccc23)[nH]1)C([*])=O |$_R1;;;;;;;;;;;;;;;;;;_R2;$|,H,OH,-,HELM-GPT,flexible,False,none
X1257,[*]N(CC([*])=O)C1CCCC1 |$_R1;;;;_R2;;;;;;$|,H,OH,-,HELM-GPT,flexible,False,none
X1442,[*]N[C@@H](CCCNC(=N)NC#N)C([*])=O |$_R1;;;;;;;;;;;;;_R2;$|,H,OH,-,HELM-GPT,flexible,False,none
X1225,CCN(CC)C(=N)NCCCC[C@@H](N[*])C([*])=O |$;;;;;;;;;;;;;;_R1;;_R2;$|,H,OH,-,HELM-GPT,flexible,False,none
X1325,[*]N[C@H](Cc1cccc-2c1Cc1ccccc-21)C([*])=O |$_R1;;;;;;;;;;;;;;;;;;_R2;$|,H,OH,-,HELM-GPT,flexible,False,none
X1473,COC(=O)CCC(=O)[C@H](Cc1ccccc1)N[*] |$;;;;;;;;;;;;;;;;;_R1$|,H,-,-,HELM-GPT,C_terminal_only,False,none
X1347,CN1C(=O)C[C@@H](NC1=O)C([*])=O |$;;;;;;;;;;_R2;$|,-,OH,-,HELM-GPT,N_terminal_only,False,none
X1318,C[C@@H]([C@@H](N[*])C([*])=O)c1ccccc1 |$;;;;_R1;;_R2;;;;;;;$|,H,OH,-,HELM-GPT,flexible,False,none
X1447,[*]N[C@@H](C[C@@H]1CCNC1=O)C(=O)c1cccs1 |$_R1;;;;;;;;;;;;;;;;$|,H,-,-,HELM-GPT,C_terminal_only,False,none
Me_Phg,CN([*])[C@H](C([*])=O)c1ccccc1 |$;;_R1;;;_R2;;;;;;;$|,H,OH,-,HELM-GPT,flexible,False,none
X1121,CCNCCCC[C@H](N[*])C([*])=O |$;;;;;;;;;_R1;;_R2;$|,H,OH,-,HELM-GPT,flexible,False,none
X1190,[*]N1C[C@H](C[C@H]1C([*])=O)n1cc(nn1)-c1ccc(CCc2ccccc2)cc1 |$_R1;;;;;;;_R2;;;;;;;;;;;;;;;;;;;;$|,H,OH,-,HELM-GPT,flexible,False,none
X1078,CC(C)[C@H](NS(=O)(=O)c1ccccc1)C([*])=O |$;;;;;;;;;;;;;;;_R2;$|,-,OH,-,HELM-GPT,N_terminal_only,False,none
G_OPh,[*]NCC(=O)Oc1ccccc1 |$_R1;;;;;;;;;;;$|,H,-,-,HELM-GPT,C_terminal_only,False,none
X175,"CNC(NCCCC[C@@H](N[*])C([*])=O)=NC |w:14.14,1.0,$;;;;;;;;;;_R1;;_R2;;;$|",H,OH,-,HELM-GPT,flexible,False,none
X324,CCCCN[C@@H](Cc1cnc[nH]1)C([*])=O |$;;;;;;;;;;;;;_R2;$|,-,OH,-,HELM-GPT,N_terminal_only,False,none
X325,CC(C)(C)OC(=O)N[C@@H](C([*])=O)c1ccc(O)cc1 |$;;;;;;;;;;_R2;;;;;;;;$|,-,OH,-,HELM-GPT,N_terminal_only,False,none
X265,[*]N(CCc1ccccc1)CC([*])=O |$_R1;;;;;;;;;;;;_R2;$|,H,OH,-,HELM-GPT,flexible,False,none
X513,COc1ccc2c(O[C@@H]3C[C@H](N([*])C3)C([*])=O)ccnc2c1 |$;;;;;;;;;;;;_R1;;;_R2;;;;;;$|,H,OH,-,HELM-GPT,flexible,False,none
X193,CC(C)(C)OC(=O)N[C@@H](CCCNC(N)=N)C([*])=O |$;;;;;;;;;;;;;;;;;_R2;$|,-,OH,-,HELM-GPT,N_terminal_only,False,none
X682,[*]C(=O)[C@@H]1N[C@@H](C[N-][N+]#N)C[C@H]1C[N-][N+]#N |$_R2;;;;;;;;;;;;;;;$|,-,OH,-,HELM-GPT,N_terminal_only,False,none
EtCO_meF,CCOC(=O)N(C)[C@@H](Cc1ccccc1)C([*])=O |$;;;;;;;;;;;;;;;;_R2;$|,-,OH,-,HELM-GPT,N_terminal_only,False,none
X331,OC(=O)C(=O)[C@H](CC(F)F)N[*] |$;;;;;;;;;;;_R1$|,H,-,-,HELM-GPT,C_terminal_only,False,none
X343,Cc1ccccc1C[C@H](N[*])C([*])=O |$;;;;;;;;;;_R1;;_R2;$|,H,OH,-,HELM-GPT,flexible,False,none
X436,CC[C@@H](C)[C@H](NC(N)=N)C([*])=O |$;;;;;;;;;;_R2;$|,-,OH,-,HELM-GPT,N_terminal_only,False,none
Cbz_Ser(tBu),CC(C)(C)OC[C@H](NC(=O)OCc1ccccc1)C([*])=O |$;;;;;;;;;;;;;;;;;;;_R2;$|,-,OH,-,HELM-GPT,N_terminal_only,False,none
X314,"CCCCSNC(NC#N)=NCCCC[C@@H](N[*])C([*])=O |w:10.10,$;;;;;;;;;;;;;;;;;_R1;;_R2;$|",H,OH,-,HELM-GPT,flexible,False,none
X1525,O[C@@H]1CCC[C@@]1(N[*])C([*])=O |$;;;;;;;_R1;;_R2;$|,H,OH,-,HELM-GPT,flexible,False,none
X1844,[*]N[C@@H](C([*])=O)c1cnc2ccccc2c1N1CCCCC1 |$_R1;;;;_R2;;;;;;;;;;;;;;;;;$|,H,OH,-,HELM-GPT,flexible,False,none
X1626,C[C@H](NCCC1CCCCC1)C([*])=O |$;;;;;;;;;;;;_R2;$|,-,OH,-,HELM-GPT,N_terminal_only,False,none
X1779,FC(F)(F)C(F)(F)C(=O)CCCCC[C@H](N[*])C([*])=O |$;;;;;;;;;;;;;;;;_R1;;_R2;$|,H,OH,-,HELM-GPT,flexible,False,none
V_MeCl,CC(C)[C@H](N[*])C(=O)CCl |$;;;;;_R1;;;;$|,H,-,-,HELM-GPT,C_terminal_only,False,none
X1649,[*]N[C@@H]1CCCCNC1=O |$_R1;;;;;;;;;$|,H,-,-,HELM-GPT,C_terminal_only,False,none
X1071,CC(C)(C)OC(=O)N[C@H](CCCCN)C([*])=O |$;;;;;;;;;;;;;;;_R2;$|,-,OH,-,HELM-GPT,N_terminal_only,False,none
X1637,C[C@H](O)[C@H](N([*])C(C)(C)C)C(O)=O |$;;;;;_R1;;;;;;;$|,H,-,-,HELM-GPT,C_terminal_only,False,none
X1589,"CCCCCCN=C(NCCCC[C@H](N[*])C([*])=O)NC#N |w:6.5,$;;;;;;;;;;;;;;;_R1;;_R2;;;;$|",H,OH,-,HELM-GPT,flexible,False,none
X1660,OP(O)(=O)N[C@@H](Cc1ccccc1)C([*])=O |$;;;;;;;;;;;;;;_R2;$|,-,OH,-,HELM-GPT,N_terminal_only,False,none
X460,CS[C@H]1CCN([*])[C@H]1C([*])=O |$;;;;;;_R1;;;_R2;$|,H,OH,-,HELM-GPT,flexible,False,none
X1602,NC(=O)N[C@@H](Cc1ccccc1)C([*])=O |$;;;;;;;;;;;;;_R2;$|,-,OH,-,HELM-GPT,N_terminal_only,False,none
X1603,COC(=O)N[C@@H](C(C)C)C([*])=O |$;;;;;;;;;;_R2;$|,-,OH,-,HELM-GPT,N_terminal_only,False,none
X652,[*]N[C@@H](Cc1ccc([N-][N+]#N)cc1)C([*])=O |$_R1;;;;;;;;;;;;;;_R2;$|,H,OH,-,HELM-GPT,flexible,False,none
T_OBzl,C[C@@H](O)[C@H](N[*])C(=O)OCc1ccccc1 |$;;;;;_R1;;;;;;;;;;$|,H,-,-,HELM-GPT,C_terminal_only,False,none
X2555,NC(=N)NCCC[C@H](N[*])C(=O)c1nc2CCCCc2s1 |$;;;;;;;;;_R1;;;;;;;;;;;$|,H,-,-,HELM-GPT,C_terminal_only,False,none
X2629,C[C@H](N([*])CC([*])=O)c1ccccc1 |$;;;_R1;;;_R2;;;;;;;$|,H,OH,-,HELM-GPT,flexible,False,none
X2752,OC(=O)C[C@@H]1N([*])C[C@H](CCc2ccccc2)NC1=O |$;;;;;;_R1;;;;;;;;;;;;;$|,H,-,-,HELM-GPT,C_terminal_only,False,none
X2698,C[C@H](NO[C@@H](N)Cc1ccc(O)cc1)C([*])=O |$;;;;;;;;;;;;;;;_R2;$|,-,OH,-,HELM-GPT,N_terminal_only,False,none
X2719,Nn1cnc(C[C@H](N[*])C([*])=O)c1 |$;;;;;;;;_R1;;_R2;;$|,H,OH,-,HELM-GPT,flexible,False,none
X2527,CC(=O)Oc1ccc(Oc2ccc(C[C@H](N[*])C([*])=O)cc2)cc1 |$;;;;;;;;;;;;;;;;_R1;;_R2;;;;;$|,H,OH,-,HELM-GPT,flexible,False,none
X2574,C[C@@]12C[C@@H](N([*])[C@]1(C)CCCC2)C([*])=O |$;;;;;_R1;;;;;;;;_R2;$|,H,OH,-,HELM-GPT,flexible,False,none
X2562,[*]C(=O)[C@@H](Cc1c[nH]c2ccccc12)NS(=O)(=O)Cc1ccccc1 |$_R2;;;;;;;;;;;;;;;;;;;;;;;;$|,-,OH,-,HELM-GPT,N_terminal_only,False,none
X2329,[*]N[C@@H](Cc1ccc(cc1)-c1ccccc1-c1ccccc1)C([*])=O |$_R1;;;;;;;;;;;;;;;;;;;;;;;_R2;$|,H,OH,-,HELM-GPT,flexible,False,none
X2313,[*]N[C@@H](Cc1cncn1CCCC1CCCCC1)C([*])=O |$_R1;;;;;;;;;;;;;;;;;;;_R2;$|,H,OH,-,HELM-GPT,flexible,False,none
X2361,COc1ccc(C[C@H](NC(=O)OCc2ccccc2)C([*])=O)c(OC)c1OC |$;;;;;;;;;;;;;;;;;;;;_R2;;;;;;;$|,-,OH,-,HELM-GPT,N_terminal_only,False,none
X2424,OC(=O)C[C@H](N[*])C(=O)c1ncc(o1)-c1ccccc1Cl |$;;;;;;_R1;;;;;;;;;;;;;;$|,H,-,-,HELM-GPT,C_terminal_only,False,none
X2375,[*]N[C@@H](CCCNCc1ccccc1)C([*])=O |$_R1;;;;;;;;;;;;;;;_R2;$|,H,OH,-,HELM-GPT,flexible,False,none
X2439,CC(C)C[C@H](N[*])C(=O)C(F)(F)F |$;;;;;;_R1;;;;;;$|,H,-,-,HELM-GPT,C_terminal_only,False,none
X2413,CC(C)C[C@H](N[*])C(=O)c1ccco1 |$;;;;;;_R1;;;;;;;$|,H,-,-,HELM-GPT,C_terminal_only,False,none
X2474,Cn1c(nc2ccccc12)C(=O)[C@H](CCCNC(N)=N)N[*] |$;;;;;;;;;;;;;;;;;;;;;_R1$|,H,-,-,HELM-GPT,C_terminal_only,False,none
X2487,Oc1ccc(C[C@H](N[*])C(=O)[CH-][N+]#N)cc1 |$;;;;;;;;_R1;;;;;;;$|,H,-,-,HELM-GPT,C_terminal_only,False,none
X2510,C[C@@H](O)[C@H](Nc1cccc(CCSC[C@H](N[*])C(O)=O)c1)C([*])=O |$;;;;;;;;;;;;;;;;_R1;;;;;;_R2;$|,H,OH,-,HELM-GPT,flexible,False,none
X2317,N[C@@H](CO)C(=O)CN[C@@H](Cc1ccccc1)C([*])=O |$;;;;;;;;;;;;;;;;;_R2;$|,-,OH,-,HELM-GPT,N_terminal_only,False,none
X2275,Cc1nc(sc1C)C(=O)[C@H](C[C@@H]1CCNC1=O)N[*] |$;;;;;;;;;;;;;;;;;;_R1$|,H,-,-,HELM-GPT,C_terminal_only,False,none
X473,[*]NC1(CCCCCCCC1)C([*])=O |$_R1;;;;;;;;;;;;_R2;$|,H,OH,-,HELM-GPT,flexible,False,none
X778,CC(C)[C@H](NCc1ccccc1)C([*])=O |$;;;;;;;;;;;;;_R2;$|,-,OH,-,HELM-GPT,N_terminal_only,False,none
X496,Oc1c(cc(C[C@H](N[*])C([*])=O)cc1N(=O)=O)N(=O)=O |$;;;;;;;;_R1;;_R2;;;;;;;;;$|,H,OH,-,HELM-GPT,flexible,False,none
X754,CC(C)COC(=O)N[C@@H](C(C)C)C([*])=O |$;;;;;;;;;;;;;_R2;$|,-,OH,-,HELM-GPT,N_terminal_only,False,none
lalloI_OMe,CC[C@@H](C)[C@H](N[*])C(=O)OC |$;;;;;;_R1;;;;$|,H,-,-,HELM-GPT,C_terminal_only,False,none
X783,NC(=N)NCCCC[C@@H](N[*])C([*])=O |$;;;;;;;;;;_R1;;_R2;$|,H,OH,-,HELM-GPT,flexible,False,none
L_OVnl,CC(C)C[C@H](N[*])C(=O)OC=C |$;;;;;;_R1;;;;;$|,H,-,-,HELM-GPT,C_terminal_only,False,none
X590,"[*]N1C[C@H](C[C@H]1C([*])=O)n1cc(nn1)C1=CCCCC1 |$_R1;;;;;;;_R2;;;;;;;;;;;;$,t:16|",H,OH,-,HELM-GPT,flexible,False,none
X517,CC(C)(C)[C@H](NC(N)=N)C([*])=O |$;;;;;;;;;;_R2;$|,-,OH,-,HELM-GPT,N_terminal_only,False,none
X642,CCCC(CCC)C(=O)OC[C@H](N[*])C([*])=O |$;;;;;;;;;;;;;_R1;;_R2;$|,H,OH,-,HELM-GPT,flexible,False,none
X2854,CCOC(=O)[C@H](C)OC(=O)[C@H](C)N[*] |$;;;;;;;;;;;;;_R1$|,H,-,-,HELM-GPT,C_terminal_only,False,none
X2880,CC(C)C[C@H](NC(=O)NCCCO)C([*])=O |$;;;;;;;;;;;;;;_R2;$|,-,OH,-,HELM-GPT,N_terminal_only,False,none
X3007,Clc1ccccc1C[C@@H]1C[C@H](N([*])C1)C([*])=O |$;;;;;;;;;;;;_R1;;;_R2;$|,H,OH,-,HELM-GPT,flexible,False,none
dPhe(2-Cl),Clc1ccccc1C[C@@H](N[*])C([*])=O |$;;;;;;;;;;_R1;;_R2;$|,H,OH,-,HELM-GPT,flexible,False,none
X3004,NC(=O)NCC(=O)C[C@H](N[*])C([*])=O |$;;;;;;;;;;_R1;;_R2;$|,H,OH,-,HELM-GPT,flexible,False,none
X3006,[*]N[C@@H](Cn1cc(CCc2ccccc2)nn1)C([*])=O |$_R1;;;;;;;;;;;;;;;;;;_R2;$|,H,OH,-,HELM-GPT,flexible,False,none
X2870,N[C@@H](CCCCNC(=S)Nc1ccc(c(c1)C(O)=O)-c1c2ccccc2oc2cc(=O)ccc12)C([*])=O |$;;;;;;;;;;;;;;;;;;;;;;;;;;;;;;;;;;;_R2;$|,-,OH,-,HELM-GPT,N_terminal_only,False,none
X2891,COc1cccc(NC(=O)NCCCC[C@H](N[*])C([*])=O)c1 |$;;;;;;;;;;;;;;;;;_R1;;_R2;;$|,H,OH,-,HELM-GPT,flexible,False,none
F_COEt,CCOC(=O)C(=O)[C@H](Cc1ccccc1)N[*] |$;;;;;;;;;;;;;;;;_R1$|,H,-,-,HELM-GPT,C_terminal_only,False,none
X2546,CCCC[C@H](N[*])C(=O)CN[C@@H](CCC(O)=O)C([*])=O |$;;;;;;_R1;;;;;;;;;;;;_R2;$|,H,OH,-,HELM-GPT,flexible,False,none
X439,CC(C)CN([*])CC([*])=O |$;;;;;_R1;;;_R2;$|,H,OH,-,HELM-GPT,flexible,False,none
X505,CCNC(=O)Nc1ccc(C[C@@H](N[*])C([*])=O)cc1 |$;;;;;;;;;;;;;_R1;;_R2;;;$|,H,OH,-,HELM-GPT,flexible,False,none
X1350,"CCCCN=C(NCCC[C@H](N[*])C([*])=O)NC#N |w:4.3,$;;;;;;;;;;;;_R1;;_R2;;;;$|",H,OH,-,HELM-GPT,flexible,False,none
X1355,[*]N[C@@H](CC1CCNCC1)C([*])=O |$_R1;;;;;;;;;;;_R2;$|,H,OH,-,HELM-GPT,flexible,False,none
dDpr,[*]N[C@H](CN[*])C([*])=O |$_R1;;;;;_R3;;_R2;$|,H,OH,H,HELM-GPT,flexible,True,none
X1650,"CC=CC=CC=CC(=O)OC[C@H](N[*])C([*])=O |w:1.0,4.4,6.6,$;;;;;;;;;;;;;_R1;;_R2;$|",H,OH,-,HELM-GPT,flexible,False,none
X1652,CN(C)[C@@H](Cc1c(C)cc(O)cc1C)C([*])=O |$;;;;;;;;;;;;;;;_R2;$|,-,OH,-,HELM-GPT,N_terminal_only,False,none
X2278,Clc1cc2CN(Cc2cc1Cl)C(=O)O[C@@H]1C[C@H](N([*])C1)C([*])=O |$;;;;;;;;;;;;;;;;;;_R1;;;_R2;$|,H,OH,-,HELM-GPT,flexible,False,none
X2284,CCCCCCCCCCCCCCNC(=O)N[C@@H](Cc1ccccc1)C([*])=O |$;;;;;;;;;;;;;;;;;;;;;;;;;;;_R2;$|,-,OH,-,HELM-GPT,N_terminal_only,False,none
X2233,NCC1CCC(CC1)[C@@H](N[*])C(=O)c1nc2ccccc2s1 |$;;;;;;;;;;_R1;;;;;;;;;;;$|,H,-,-,HELM-GPT,C_terminal_only,False,none
X11,"[*]N=C(Cc1ccccc1)C([*])=O |w:1.0,$_R1;;;;;;;;;;;_R2;$|",H,OH,-,HELM-GPT,flexible,False,none
X870,C[C@](Cc1ccc(O)cc1)(N[*])C([*])=O |$;;;;;;;;;;;_R1;;_R2;$|,H,OH,-,HELM-GPT,flexible,False,none
X733,Fc1c(F)c(F)c(C[C@H](N[*])C([*])=O)c(F)c1F |$;;;;;;;;;;_R1;;_R2;;;;;$|,H,OH,-,HELM-GPT,flexible,False,none
X739,C[N+](C)(C)CCC[C@H]([N-][N+]#N)C([*])=O |$;;;;;;;;;;;;_R2;$|,-,OH,-,HELM-GPT,N_terminal_only,False,none
X951,CS[C@H]1C[C@H](N([*])C1)C([*])=O |$;;;;;;_R1;;;_R2;$|,H,OH,-,HELM-GPT,flexible,False,none
X1107,CSCC[C@H](NC(=O)NCC(C)C)C([*])=O |$;;;;;;;;;;;;;;_R2;$|,-,OH,-,HELM-GPT,N_terminal_only,False,none
X1215,C[C@H](N(C(C)=O)C(=O)CCCCCN)C([*])=O |$;;;;;;;;;;;;;;;_R2;$|,-,OH,-,HELM-GPT,N_terminal_only,False,none
X1097,"COC1=CC(=O)N([C@H]1Cc1ccccc1)C(=O)[C@@H](OC(=O)[C@H]1CCCN1[*])C(C)C |$;;;;;;;;;;;;;;;;;;;;;;;;;;_R1;;;$,t:2|",H,-,-,HELM-GPT,C_terminal_only,False,none
X992,OS(=O)(=O)Cc1cccc(C[C@@H](N[*])C([*])=O)c1 |$;;;;;;;;;;;;;_R1;;_R2;;$|,H,OH,-,HELM-GPT,flexible,False,none
X1209,CC(C)C[C@H](NCCCCCCCCC(C)=O)C([*])=O |$;;;;;;;;;;;;;;;;;;_R2;$|,-,OH,-,HELM-GPT,N_terminal_only,False,none
X1185,COc1ccc(cc1)-c1cn(nn1)[C@H]1C[C@H](N([*])C1)C([*])=O |$;;;;;;;;;;;;;;;;;_R1;;;_R2;$|,H,OH,-,HELM-GPT,flexible,False,none
X1020,NC(=N)N[C@H]1C[C@H](N([*])C1)C([*])=O |$;;;;;;;;_R1;;;_R2;$|,H,OH,-,HELM-GPT,flexible,False,none
EtCO_dPhe(4-NH2),CCOC(=O)N[C@H](Cc1ccc(N)cc1)C([*])=O |$;;;;;;;;;;;;;;;;_R2;$|,-,OH,-,HELM-GPT,N_terminal_only,False,none
X1082,O[C@@H]([C@H](N[*])C([*])=O)c1ccccc1 |$;;;;_R1;;_R2;;;;;;;$|,H,OH,-,HELM-GPT,flexible,False,none
X871,C[C@H](NS(=O)(=O)c1cccc2cnccc12)C([*])=O |$;;;;;;;;;;;;;;;;;_R2;$|,-,OH,-,HELM-GPT,N_terminal_only,False,none
X939,CCCO[C@H]1C[C@@H](N([*])C1)C([*])=O |$;;;;;;;;_R1;;;_R2;$|,H,OH,-,HELM-GPT,flexible,False,none
X1834,CN([*])[C@@](Cc1ccccc1)(C([*])=O)C(F)(F)F |$;;_R1;;;;;;;;;;_R2;;;;;$|,H,OH,-,HELM-GPT,flexible,False,none
X1694,FC(F)[C@@](Cc1ccccc1)(N[*])C([*])=O |$;;;;;;;;;;;;_R1;;_R2;$|,H,OH,-,HELM-GPT,flexible,False,none
Tyr(Bzl),[*]N[C@@H](Cc1ccc(OCc2ccccc2)cc1)C([*])=O |$_R1;;;;;;;;;;;;;;;;;;;_R2;$|,H,OH,-,HELM-GPT,flexible,False,none
X1773,[*]N[C@@H](Cc1c([nH]c2ccccc12)C#N)C([*])=O |$_R1;;;;;;;;;;;;;;;;_R2;$|,H,OH,-,HELM-GPT,flexible,False,none
X1975,COc1ccc(C[C@H](N[*])C([*])=O)c(OC)c1 |$;;;;;;;;;_R1;;_R2;;;;;$|,H,OH,-,HELM-GPT,flexible,False,none
X2070,CCCCCCCCN([*])CC([*])=O |$;;;;;;;;;_R1;;;_R2;$|,H,OH,-,HELM-GPT,flexible,False,none
X1119,Oc1ccc2[nH]cc(C[C@H](N[*])C([*])=O)c2c1 |$;;;;;;;;;;;_R1;;_R2;;;$|,H,OH,-,HELM-GPT,flexible,False,none
X1993,C[C@H]([C@H](N[*])C([*])=O)c1ccc2ccccc2c1 |$;;;;_R1;;_R2;;;;;;;;;;;$|,H,OH,-,HELM-GPT,flexible,False,none
X2008,[*]N1C[C@H](C[C@H]1C([*])=O)S[*] |$_R1;;;;;;;_R2;;;_R3$|,H,OH,H,HELM-GPT,flexible,True,none
X2055,CCc1ccc(C[C@@H](N[*])C([*])=O)cc1 |$;;;;;;;;;_R1;;_R2;;;$|,H,OH,-,HELM-GPT,flexible,False,none
X1951,COC(=O)C[C@@H](N[*])C([*])=O |$;;;;;;;_R1;;_R2;$|,H,OH,-,HELM-GPT,flexible,False,none
X1967,[*]N[C@H](C([*])=O)c1ccccc1N(=O)=O |$_R1;;;;_R2;;;;;;;;;;$|,H,OH,-,HELM-GPT,flexible,False,none
X1954,NC(=O)N[C@H](CS[*])C([*])=O |$;;;;;;;_R3;;_R2;$|,-,OH,H,HELM-GPT,N_terminal_only,True,none
X1992,NC(=N)CC[C@@](CCNC(N)=N)(N[*])C([*])=O |$;;;;;;;;;;;;;_R1;;_R2;$|,H,OH,-,HELM-GPT,flexible,False,none
X2030,Oc1ccc(CC[C@@H](N[*])C([*])=O)cc1 |$;;;;;;;;;_R1;;_R2;;;$|,H,OH,-,HELM-GPT,flexible,False,none
X2057,CC(C)CN(CC(C)C)Cc1ccc(C[C@H](N[*])C([*])=O)cc1 |$;;;;;;;;;;;;;;;;;_R1;;_R2;;;$|,H,OH,-,HELM-GPT,flexible,False,none
X2035,[*]N[C@H](Cc1ccc([N-][N+]#N)cc1)C([*])=O |$_R1;;;;;;;;;;;;;;_R2;$|,H,OH,-,HELM-GPT,flexible,False,none
X1689,[*]N[C@@H](CCCCCS[*])C([*])=O |$_R1;;;;;;;;;_R3;;_R2;$|,H,OH,H,HELM-GPT,flexible,True,none
X1835,"CCOC(=O)C=CC[C@@H](C)[C@@H](O)[C@H](N(C)[*])C([*])=O |w:6.6,$;;;;;;;;;;;;;;;_R1;;_R2;$|",H,OH,-,HELM-GPT,flexible,False,none
dDab,[*]N[C@H](CCN[*])C([*])=O |$_R1;;;;;;_R3;;_R2;$|,H,OH,H,HELM-GPT,flexible,True,none
X1675,C[C@@H](OP(O)(O)=O)[C@@H](N[*])C([*])=O |$;;;;;;;;;_R1;;_R2;$|,H,OH,-,HELM-GPT,flexible,False,none
X1804,COCC[C@@H](C)[C@@H](O)[C@H](N(C)[*])C([*])=O |$;;;;;;;;;;;_R1;;_R2;$|,H,OH,-,HELM-GPT,flexible,False,none
X1882,CN(C)CCS[C@H](N(C)[*])C([*])=O |$;;;;;;;;;_R1;;_R2;$|,H,OH,-,HELM-GPT,flexible,False,none
X1671,C[C@H](O)C(=O)CCCCC[C@H](N[*])C([*])=O |$;;;;;;;;;;;;_R1;;_R2;$|,H,OH,-,HELM-GPT,flexible,False,none
X1196,CCC(=O)CCCCC[C@H](N[*])C([*])=O |$;;;;;;;;;;;_R1;;_R2;$|,H,OH,-,HELM-GPT,flexible,False,none
X1741,[*]N1CC(=C)COC[C@@H]1C([*])=O |$_R1;;;;;;;;;;_R2;$|,H,OH,-,HELM-GPT,flexible,False,none
X1892,CCN(CC)CCCC[C@@H](N[*])C([*])=O |$;;;;;;;;;;;_R1;;_R2;$|,H,OH,-,HELM-GPT,flexible,False,none
X1732,CN([*])[C@H](SCCN1CCCCC1)C([*])=O |$;;_R1;;;;;;;;;;;;_R2;$|,H,OH,-,HELM-GPT,flexible,False,none
Asu,[*]N[C@@H](CCCCCC([*])=O)C([*])=O |$_R1;;;;;;;;;_R3;;;_R2;$|,H,OH,OH,HELM-GPT,flexible,True,none
X1820,C[C@@H](OCCCO)[C@H](N[*])C([*])=O |$;;;;;;;;;_R1;;_R2;$|,H,OH,-,HELM-GPT,flexible,False,none
X1780,C[C@H](Cc1nc2ccccc2c(=O)[nH]1)[C@@H](O)[C@H](N(C)[*])C([*])=O |$;;;;;;;;;;;;;;;;;;;_R1;;_R2;$|,H,OH,-,HELM-GPT,flexible,False,none
X1700,C[C@@]1(CCN1[*])C([*])=O |$;;;;;_R1;;_R2;$|,H,OH,-,HELM-GPT,flexible,False,none
X49,FC(F)(F)C(C[C@H](N[*])C([*])=O)C(F)(F)F |$;;;;;;;;_R1;;_R2;;;;;$|,H,OH,-,HELM-GPT,flexible,False,none
dTic,[*]N1Cc2ccccc2C[C@@H]1C([*])=O |$_R1;;;;;;;;;;;;_R2;$|,H,OH,-,HELM-GPT,flexible,False,none
X291,Brc1ccc(C[C@H](N[*])C([*])=O)cc1 |$;;;;;;;;_R1;;_R2;;;$|,H,OH,-,HELM-GPT,flexible,False,none
X93,[*]N[C@@H](CCCCNC1CCCC1)C([*])=O |$_R1;;;;;;;;;;;;;;_R2;$|,H,OH,-,HELM-GPT,flexible,False,none
X286,CC(C)(C)C(=O)C[C@H](N[*])C([*])=O |$;;;;;;;;;_R1;;_R2;$|,H,OH,-,HELM-GPT,flexible,False,none
X133,CC(C)(O)[C@H](N[*])C([*])=O |$;;;;;;_R1;;_R2;$|,H,OH,-,HELM-GPT,flexible,False,none
L_OMe,COC(=O)[C@H](CC(C)C)N[*] |$;;;;;;;;;;_R1$|,H,-,-,HELM-GPT,C_terminal_only,False,none
X299,CC1(C)SC[C@@H](N1[*])C([*])=O |$;;;;;;;_R1;;_R2;$|,H,OH,-,HELM-GPT,flexible,False,none
X113,ClC[C@H](N[*])C([*])=O |$;;;;_R1;;_R2;$|,H,OH,-,HELM-GPT,flexible,False,none
X47,NCCCCCCC(=O)OC[C@H](N[*])C([*])=O |$;;;;;;;;;;;;;_R1;;_R2;$|,H,OH,-,HELM-GPT,flexible,False,none
G_OBzl,[*]NCC(=O)OCc1ccccc1 |$_R1;;;;;;;;;;;;$|,H,-,-,HELM-GPT,C_terminal_only,False,none
X2727,CC(=O)C(=O)CCCCC[C@H](N[*])C([*])=O |$;;;;;;;;;;;;_R1;;_R2;$|,H,OH,-,HELM-GPT,flexible,False,none
X2773,CSCC[C@H](NC(=O)Nc1ccccc1)C([*])=O |$;;;;;;;;;;;;;;;;_R2;$|,-,OH,-,HELM-GPT,N_terminal_only,False,none
X1247,COc1ccc(C[C@H](N(C)[*])C([*])=O)cc1 |$;;;;;;;;;;_R1;;_R2;;;$|,H,OH,-,HELM-GPT,flexible,False,none
X2126,CCCCOC(=O)NCC(F)(F)C(=O)[C@@H](N[*])C(C)C |$;;;;;;;;;;;;;;;;_R1;;;$|,H,-,-,HELM-GPT,C_terminal_only,False,none
X2787,CN(C)C(=O)N[C@@H](Cc1ccc(Cl)cc1)C([*])=O |$;;;;;;;;;;;;;;;;_R2;$|,-,OH,-,HELM-GPT,N_terminal_only,False,none
X2672,N[C@@H](CCC(O)=O)C(=O)c1ccc(NC(=O)N[C@@H](CO)C([*])=O)cc1 |$;;;;;;;;;;;;;;;;;;;;;_R2;;;$|,-,OH,-,HELM-GPT,N_terminal_only,False,none
X2823,[*]N(Cc1ccccc1)C1(CCN(Cc2ccccc2)CC1)C([*])=O |$_R1;;;;;;;;;;;;;;;;;;;;;;;_R2;$|,H,OH,-,HELM-GPT,flexible,False,none
X2308,[*]N[C@@H](C1CCNCC1)C([*])=O |$_R1;;;;;;;;;;_R2;$|,H,OH,-,HELM-GPT,flexible,False,none
X2749,COc1c(O)cc(cc1Oc1ccc(cc1N(=O)=O)[C@@H](O)[C@@H](NC(=O)OC(C)(C)C)C([*])=O)[C@@H](N[*])C(=O)OC(C)(C)C |$;;;;;;;;;;;;;;;;;;;;;;;;;;;;;;;_R2;;;;_R1;;;;;;;$|,H,OH,-,HELM-GPT,flexible,False,none
X2722,CC(C)C[C@H](NCCCCC(=O)C[C@H](N[*])C=O)C([*])=O |$;;;;;;;;;;;;;;;_R1;;;;_R2;$|,H,OH,-,HELM-GPT,flexible,False,none
X2737,"CC(C)CCC[C@@H](C)[C@H]1CC[C@H]2[C@@H]3CC=C4C[C@H](CC[C@]4(C)[C@H]3CC[C@]12C)OC(=O)[C@H](CCCCN)N[*] |$;;;;;;;;;;;;;;;;;;;;;;;;;;;;;;;;;;;;;_R1$,t:14|",H,-,-,HELM-GPT,C_terminal_only,False,none
X2724,CC(C)C(=O)CCCCC[C@H](N[*])C([*])=O |$;;;;;;;;;;;;_R1;;_R2;$|,H,OH,-,HELM-GPT,flexible,False,none
X1948,N[C@H](C([*])=O)C1(CCCCC1)S[*] |$;;;_R2;;;;;;;;;_R3$|,-,OH,H,HELM-GPT,N_terminal_only,True,none
X2115,CCCCNC(=O)N[C@@]1(CC[C@@H](CC1)c1ccccc1)C([*])=O |$;;;;;;;;;;;;;;;;;;;;;_R2;$|,-,OH,-,HELM-GPT,N_terminal_only,False,none
X2187,COC(=O)[C@H](CC(C)(C)C)N[*] |$;;;;;;;;;;;_R1$|,H,-,-,HELM-GPT,C_terminal_only,False,none
X2124,CCC1(CC)C[C@]1(N[*])C(O)=O |$;;;;;;;;_R1;;;$|,H,-,-,HELM-GPT,C_terminal_only,False,none
X2145,NCC1CCC(C[C@H](N[*])C([*])=O)CC1 |$;;;;;;;;;_R1;;_R2;;;$|,H,OH,-,HELM-GPT,flexible,False,none
X2198,[*]C(=O)Cn1ccc(=O)[nH]c1=O |$_R2;;;;;;;;;;;$|,-,OH,-,HELM-GPT,N_terminal_only,False,none
X2159,OC(=O)CN1CCN(CC(O)=O)CCN(CC([*])=O)CCN(CC(O)=O)CC1 |$;;;;;;;;;;;;;;;;;_R2;;;;;;;;;;$|,-,OH,-,HELM-GPT,N_terminal_only,False,none
X2000,Fc1cc(cc(F)c1F)[C@H](N[*])C([*])=O |$;;;;;;;;;;;_R1;;_R2;$|,H,OH,-,HELM-GPT,flexible,False,none
D_MeCl,OC(=O)C[C@H](N[*])C(=O)CCl |$;;;;;;_R1;;;;$|,H,-,-,HELM-GPT,C_terminal_only,False,none
dLys(Me),CNCCCC[C@@H](N[*])C([*])=O |$;;;;;;;;_R1;;_R2;$|,H,OH,-,HELM-GPT,flexible,False,none
X1370,C[C@@](CCC(O)=O)(N[*])C([*])=O |$;;;;;;;;_R1;;_R2;$|,H,OH,-,HELM-GPT,flexible,False,none
X1465,[*]N1C[C@H](C[C@H]1C([*])=O)n1cc(CSc2ccccc2)nn1 |$_R1;;;;;;;_R2;;;;;;;;;;;;;;$|,H,OH,-,HELM-GPT,flexible,False,none
X1391,Clc1cc2nc(C[C@H](N[*])C([*])=O)[nH]c2cc1Cl |$;;;;;;;;;_R1;;_R2;;;;;;$|,H,OH,-,HELM-GPT,flexible,False,none
X1417,C[C@@H](NC(N)=N)C([*])=O |$;;;;;;;_R2;$|,-,OH,-,HELM-GPT,N_terminal_only,False,none
X1450,[*]C(=O)[C@@H](NC(=O)NC1CCCCC1)C(c1ccccc1)c1ccccc1 |$_R2;;;;;;;;;;;;;;;;;;;;;;;;;;$|,-,OH,-,HELM-GPT,N_terminal_only,False,none
X1232,C[C@@H]([C@@H](N)C([*])=O)c1ccc(O)cc1 |$;;;;;_R2;;;;;;;;$|,-,OH,-,HELM-GPT,N_terminal_only,False,none
X1191,OC(=O)N[C@@H](Cc1ccc(cc1)S(O)(=O)=O)C([*])=O |$;;;;;;;;;;;;;;;;;_R2;$|,-,OH,-,HELM-GPT,N_terminal_only,False,none
EtCO_dR,CCOC(=O)N[C@H](CCCNC(N)=N)C([*])=O |$;;;;;;;;;;;;;;;_R2;$|,-,OH,-,HELM-GPT,N_terminal_only,False,none
dHph,[*]N[C@H](CCc1ccccc1)C([*])=O |$_R1;;;;;;;;;;;;_R2;$|,H,OH,-,HELM-GPT,flexible,False,none
X1080,NCCCC[C@H](NC(=S)Nc1ccc2c(c1)C(=O)OC21c2ccc(O)cc2Oc2cc(O)ccc12)C([*])=O |$;;;;;;;;;;;;;;;;;;;;;;;;;;;;;;;;;;;;_R2;$|,-,OH,-,HELM-GPT,N_terminal_only,False,none
X231,[*]C(=O)CN1C(=O)c2ccccc2C1=O |$_R2;;;;;;;;;;;;;;$|,-,OH,-,HELM-GPT,N_terminal_only,False,none
X380,C[C@H](NS(=O)(=O)c1ccc(N(C)C)c2ccccc12)C([*])=O |$;;;;;;;;;;;;;;;;;;;;_R2;$|,-,OH,-,HELM-GPT,N_terminal_only,False,none
X391,OS(=O)(=O)OC[C@H](N[*])C([*])=O |$;;;;;;;;_R1;;_R2;$|,H,OH,-,HELM-GPT,flexible,False,none
X340,CONC(=O)NCC[C@@H](N[*])C([*])=O |$;;;;;;;;;;_R1;;_R2;$|,H,OH,-,HELM-GPT,flexible,False,none
X191,Cc1cc(C)c(C[C@@H](N[*])C([*])=O)c(C)c1 |$;;;;;;;;;_R1;;_R2;;;;$|,H,OH,-,HELM-GPT,flexible,False,none
X333,OC(=O)C[C@H](N[*])C(=O)CCCc1ccccc1 |$;;;;;;_R1;;;;;;;;;;;$|,H,-,-,HELM-GPT,C_terminal_only,False,none
X402,[*]N[C@@H](Cc1nc2ccccc2s1)C([*])=O |$_R1;;;;;;;;;;;;;;_R2;$|,H,OH,-,HELM-GPT,flexible,False,none
Boc_L,CC(C)C[C@H](NC(=O)OC(C)(C)C)C([*])=O |$;;;;;;;;;;;;;;_R2;$|,-,OH,-,HELM-GPT,N_terminal_only,False,none
X438,[*]C(=O)CNCC#C |$_R2;;;;;;;$|,-,OH,-,HELM-GPT,N_terminal_only,False,none
Boc_W,CC(C)(C)OC(=O)N[C@@H](Cc1c[nH]c2ccccc12)C([*])=O |$;;;;;;;;;;;;;;;;;;;;_R2;$|,-,OH,-,HELM-GPT,N_terminal_only,False,none
X566,OC(=O)COc1ccc(C[C@H](N[*])C([*])=O)cc1C(O)=O |$;;;;;;;;;;;;_R1;;_R2;;;;;;$|,H,OH,-,HELM-GPT,flexible,False,none
dCys(tBu),CC(C)(C)SC[C@@H](N[*])C([*])=O |$;;;;;;;;_R1;;_R2;$|,H,OH,-,HELM-GPT,flexible,False,none
X238,Fc1cccc(C[C@H](N[*])C([*])=O)c1 |$;;;;;;;;;_R1;;_R2;;$|,H,OH,-,HELM-GPT,flexible,False,none
X138,Cc1cc(O)cc(C)c1C[C@H](N[*])C([*])=O |$;;;;;;;;;;;;_R1;;_R2;$|,H,OH,-,HELM-GPT,flexible,False,none
X310,[*]N[C@@H](Cc1nc2ccccc2o1)C([*])=O |$_R1;;;;;;;;;;;;;;_R2;$|,H,OH,-,HELM-GPT,flexible,False,none
X315,"CCCCSNC(NC#N)=NCCCC[C@H](N[*])C([*])=O |w:10.10,$;;;;;;;;;;;;;;;;;_R1;;_R2;$|",H,OH,-,HELM-GPT,flexible,False,none
X377,"[*]N[C@H](CCCCNC1=NCCCN1)C([*])=O |$_R1;;;;;;;;;;;;;;;_R2;$,t:8|",H,OH,-,HELM-GPT,flexible,False,none
d4-Pal,[*]N[C@H](Cc1ccncc1)C([*])=O |$_R1;;;;;;;;;;;_R2;$|,H,OH,-,HELM-GPT,flexible,False,none
X1422,C[C@H]([C@@H](N)C([*])=O)c1c(C)cc(O)cc1C |$;;;;;_R2;;;;;;;;;;$|,-,OH,-,HELM-GPT,N_terminal_only,False,none
X1703,CN([*])[C@H](SCCCN1CCOCC1)C([*])=O |$;;_R1;;;;;;;;;;;;;_R2;$|,H,OH,-,HELM-GPT,flexible,False,none
F_OtBu,CC(C)(C)OC(=O)[C@H](Cc1ccccc1)N[*] |$;;;;;;;;;;;;;;;;_R1$|,H,-,-,HELM-GPT,C_terminal_only,False,none
X160,CC(C)[C@H](N[*])C(=O)C(F)(F)C(F)(F)F |$;;;;;_R1;;;;;;;;;$|,H,-,-,HELM-GPT,C_terminal_only,False,none
X1661,C[C@H]1[C@@H](N([*])Cc2ccccc12)C([*])=O |$;;;;_R1;;;;;;;;;_R2;$|,H,OH,-,HELM-GPT,flexible,False,none
X607,CNC(=O)N[C@@H](CCSC)C([*])=O |$;;;;;;;;;;;_R2;$|,-,OH,-,HELM-GPT,N_terminal_only,False,none
X441,ClN([*])[C@H](C([*])=O)c1ccccc1 |$;;_R1;;;_R2;;;;;;;$|,H,OH,-,HELM-GPT,flexible,False,none
X1515,COC(=O)[C@H](Cc1cccc(OC(=O)C=C(C)C)c1)N[*] |$;;;;;;;;;;;;;;;;;;;;_R1$|,H,-,-,HELM-GPT,C_terminal_only,False,none
X1604,CCS[C@@H]1CCN([*])[C@H]1C([*])=O |$;;;;;;;_R1;;;_R2;$|,H,OH,-,HELM-GPT,flexible,False,none
X2530,COC(=O)[C@@H](Cc1ccc(O)c(Oc2ccc(C[C@H](N)C([*])=O)cc2)c1)N[*] |$;;;;;;;;;;;;;;;;;;;;;_R2;;;;;;_R1$|,H,OH,-,HELM-GPT,flexible,False,none
X2538,OC(=O)C[C@H](N[*])C(=O)CON1[C@H]2CCCC[C@H]2CC1=O |$;;;;;;_R1;;;;;;;;;;;;;;$|,H,-,-,HELM-GPT,C_terminal_only,False,none
X2580,ClCCN(CCCl)c1cccc(C[C@H](N[*])C([*])=O)c1 |$;;;;;;;;;;;;;;;_R1;;_R2;;$|,H,OH,-,HELM-GPT,flexible,False,none
X2597,CCNC(=N)NCCC[C@H](N)C(=O)NC(=N)NCCC[C@H](N)C([*])=O |$;;;;;;;;;;;;;;;;;;;;;;;_R2;$|,-,OH,-,HELM-GPT,N_terminal_only,False,none
X2613,COCCC[C@H](N[*])C(=O)c1nc2ccccc2s1 |$;;;;;;;_R1;;;;;;;;;;;$|,H,-,-,HELM-GPT,C_terminal_only,False,none
X2701,CCN([*])[C@H](Cc1cc2ccccc2s1)C([*])=O |$;;;_R1;;;;;;;;;;;;;_R2;$|,H,OH,-,HELM-GPT,flexible,False,none
X2680,Clc1ccc(Cl)c2CN(Cc12)C(=O)O[C@@H]1C[C@H](N([*])C1)C([*])=O |$;;;;;;;;;;;;;;;;;;_R1;;;_R2;$|,H,OH,-,HELM-GPT,flexible,False,none
X2691,CC(C)C[C@H](NC(=O)Nc1cc(C)on1)C([*])=O |$;;;;;;;;;;;;;;;;_R2;$|,-,OH,-,HELM-GPT,N_terminal_only,False,none
X2586,OP(O)(=O)CCCCC[C@H](N[*])C([*])=O |$;;;;;;;;;;;_R1;;_R2;$|,H,OH,-,HELM-GPT,flexible,False,none
X2623,CC(C)[C@H](N[*])C(=O)c1ncoc1-c1ccccc1 |$;;;;;_R1;;;;;;;;;;;;;$|,H,-,-,HELM-GPT,C_terminal_only,False,none
X2746,Cc1cc(O)cc(O)c1C[C@H](N)C([*])=O |$;;;;;;;;;;;;;_R2;$|,-,OH,-,HELM-GPT,N_terminal_only,False,none
X2625,CC(C)(OP(O)(O)=O)[C@H](N[*])C(O)=O |$;;;;;;;;;;_R1;;;$|,H,-,-,HELM-GPT,C_terminal_only,False,none
X2616,CC(C)C[C@H](NC(=O)NCc1ccc(F)cc1)C([*])=O |$;;;;;;;;;;;;;;;;;;_R2;$|,-,OH,-,HELM-GPT,N_terminal_only,False,none
X2659,OC(=O)C(C[C@H](NC(=O)OCC1c2ccccc2-c2ccccc12)C([*])=O)C(O)=O |$;;;;;;;;;;;;;;;;;;;;;;;;;_R2;;;;$|,-,OH,-,HELM-GPT,N_terminal_only,False,none
X2560,Cc1ccc(NC(=O)NCCCC[C@H](N[*])C([*])=O)cc1 |$;;;;;;;;;;;;;;;_R1;;_R2;;;$|,H,OH,-,HELM-GPT,flexible,False,none
X2566,OC(=O)[C@H]1CCC(=O)N1N1CCC[C@H]1C([*])=O |$;;;;;;;;;;;;;;;_R2;$|,-,OH,-,HELM-GPT,N_terminal_only,False,none
X2277,C[n+]1cccc(c1)C(=O)[C@@H]1CCCN1[C@@H](Cc1ccc(O)cc1)C([*])=O |$;;;;;;;;;;;;;;;;;;;;;;;;_R2;$|,-,OH,-,HELM-GPT,N_terminal_only,False,none
X2338,CSCC[C@H](NC(=O)Nc1ccc(Cl)cc1)C([*])=O |$;;;;;;;;;;;;;;;;;_R2;$|,-,OH,-,HELM-GPT,N_terminal_only,False,none
X2315,[*]C(=O)[C@H](Cc1cccc2ccccc12)NC(=O)OCc1ccccc1 |$_R2;;;;;;;;;;;;;;;;;;;;;;;;;$|,-,OH,-,HELM-GPT,N_terminal_only,False,none
X2362,"Oc1ccc(C[C@H](N=CCC(=O)[C@@H]2CCCN2[*])C([*])=O)cc1 |w:8.8,$;;;;;;;;;;;;;;;;;_R1;;_R2;;;$|",H,OH,-,HELM-GPT,flexible,False,none
X2425,CC(C)[C@H](N[*])C(=O)c1nc2cc(Cl)ccc2o1 |$;;;;;_R1;;;;;;;;;;;;$|,H,-,-,HELM-GPT,C_terminal_only,False,none
X2419,NCCCC[C@H](NC(=S)[C@@H](N)CCCNC(N)=N)C([*])=O |$;;;;;;;;;;;;;;;;;;;_R2;$|,-,OH,-,HELM-GPT,N_terminal_only,False,none
X2464,[*]C(=O)[C@@H](Cc1ccccc1)n1c(=O)[nH]c2ccccc2c1=O |$_R2;;;;;;;;;;;;;;;;;;;;;;$|,-,OH,-,HELM-GPT,N_terminal_only,False,none
Cbz_Glu(OtBu),CC(C)(C)OC(=O)CC[C@H](NC(=O)OCc1ccccc1)C([*])=O |$;;;;;;;;;;;;;;;;;;;;;;_R2;$|,-,OH,-,HELM-GPT,N_terminal_only,False,none
X2457,OC(=O)CN1CCN(CC([*])=O)CC1 |$;;;;;;;;;;_R2;;;$|,-,OH,-,HELM-GPT,N_terminal_only,False,none
X458,CCS[C@H]1CCN([*])[C@H]1C([*])=O |$;;;;;;;_R1;;;_R2;$|,H,OH,-,HELM-GPT,flexible,False,none
X537,[*]N[C@H](Cc1csc2ccccc12)C([*])=O |$_R1;;;;;;;;;;;;;;_R2;$|,H,OH,-,HELM-GPT,flexible,False,none
X756,CC[C@H](O)[C@H](N[*])C([*])=O |$;;;;;;_R1;;_R2;$|,H,OH,-,HELM-GPT,flexible,False,none
X619,C[C@@](Cc1ccc(O)cc1)(N[*])C([*])=O |$;;;;;;;;;;;_R1;;_R2;$|,H,OH,-,HELM-GPT,flexible,False,none
X674,OP(O)(=O)OC[C@@H](N[*])C([*])=O |$;;;;;;;;_R1;;_R2;$|,H,OH,-,HELM-GPT,flexible,False,none
X897,[*]N[C@@H](CCSN=O)C([*])=O |$_R1;;;;;;;;;_R2;$|,H,OH,-,HELM-GPT,flexible,False,none
X898,[*]N[C@@H](CC1CC1)C([*])=O |$_R1;;;;;;;;_R2;$|,H,OH,-,HELM-GPT,flexible,False,none
X825,FC(F)C[C@H](N[*])C(=O)c1nccs1 |$;;;;;;_R1;;;;;;;$|,H,-,-,HELM-GPT,C_terminal_only,False,none
X826,Oc1ccc(CCC(=O)ONCC([*])=O)cc1 |$;;;;;;;;;;;;;_R2;;;$|,-,OH,-,HELM-GPT,N_terminal_only,False,none
X975,Nc1cc(C[C@H](N[*])C([*])=O)ccc1O |$;;;;;;;_R1;;_R2;;;;;$|,H,OH,-,HELM-GPT,flexible,False,none
X841,CCOC(=O)[C@@H](Cc1ccccc1)N[*] |$;;;;;;;;;;;;;;_R1$|,H,-,-,HELM-GPT,C_terminal_only,False,none
dalloThr(Bzl),C[C@@H](OCc1ccccc1)[C@@H](N[*])C([*])=O |$;;;;;;;;;;;;_R1;;_R2;$|,H,OH,-,HELM-GPT,flexible,False,none
X448,[*]N[C@@H](Cc1cnc[nH]1)C=O |$_R1;;;;;;;;;;$|,H,-,-,HELM-GPT,C_terminal_only,False,none
X525,CCC(CC)(N[*])C([*])=O |$;;;;;;_R1;;_R2;$|,H,OH,-,HELM-GPT,flexible,False,none
X588,Cn1cncc1C[C@H](N[*])C([*])=O |$;;;;;;;;;_R1;;_R2;$|,H,OH,-,HELM-GPT,flexible,False,none
X2889,ONC(=N)NCCC[C@H](N[*])C([*])=O |$;;;;;;;;;;_R1;;_R2;$|,H,OH,-,HELM-GPT,flexible,False,none
X2893,[*]N[C@@H](C1CC1)C([*])=O |$_R1;;;;;;;_R2;$|,H,OH,-,HELM-GPT,flexible,False,none
X3019,"CC(C)=CCCC(C)=CCCC(C)=CC[C@]12C[C@H](N([*])[C@@H]1Nc1ccccc21)C([*])=O |w:8.8,13.13,$;;;;;;;;;;;;;;;;;;;_R1;;;;;;;;;;_R2;$|",H,OH,-,HELM-GPT,flexible,False,none
X2871,COc1ccc(COC(=O)N[C@@H](COCc2ccccc2)C([*])=O)cc1 |$;;;;;;;;;;;;;;;;;;;;;;_R2;;;$|,-,OH,-,HELM-GPT,N_terminal_only,False,none
X2533,CC(=O)[C@@H](Cc1c[nH]c2ccccc12)N[C@@H](Cc1ccccc1)C([*])=O |$;;;;;;;;;;;;;;;;;;;;;;;;_R2;$|,-,OH,-,HELM-GPT,N_terminal_only,False,none
X1955,N[C@@H](Cc1ccc(O)c(F)c1)C([*])=O |$;;;;;;;;;;;;_R2;$|,-,OH,-,HELM-GPT,N_terminal_only,False,none
X681,COC(=O)[C@H](Cc1ccc(O)c(O)c1)N[*] |$;;;;;;;;;;;;;;;_R1$|,H,-,-,HELM-GPT,C_terminal_only,False,none
X1486,OC(=O)C[C@H](N[*])C(=O)c1ncc[nH]1 |$;;;;;;_R1;;;;;;;$|,H,-,-,HELM-GPT,C_terminal_only,False,none
X10,Oc1ccc(C[C@H](NCC=C)C([*])=O)cc1 |$;;;;;;;;;;;;_R2;;;$|,-,OH,-,HELM-GPT,N_terminal_only,False,none
X2273,[*]C(=O)[C@H](Cc1ccccc1)NS(=O)(=O)Cc1ccccc1 |$_R2;;;;;;;;;;;;;;;;;;;;;$|,-,OH,-,HELM-GPT,N_terminal_only,False,none
X2264,CN[C@H](C(c1ccccc1)c1ccccc1)C([*])=O |$;;;;;;;;;;;;;;;;;_R2;$|,-,OH,-,HELM-GPT,N_terminal_only,False,none
X2246,OC(=O)C[C@H](N[*])C(=O)COP(=O)(c1ccccc1)c1ccccc1 |$;;;;;;_R1;;;;;;;;;;;;;;;;;;$|,H,-,-,HELM-GPT,C_terminal_only,False,none
X4,CC(C)NCCCC[C@H](N[*])C([*])=O |$;;;;;;;;;;_R1;;_R2;$|,H,OH,-,HELM-GPT,flexible,False,none
Phe(4-Me),Cc1ccc(C[C@H](N[*])C([*])=O)cc1 |$;;;;;;;;_R1;;_R2;;;$|,H,OH,-,HELM-GPT,flexible,False,none
X800,CSCCN([*])CC([*])=O |$;;;;;_R1;;;_R2;$|,H,OH,-,HELM-GPT,flexible,False,none
X946,[*]N1CS(=O)C[C@@H]1C([*])=O |$_R1;;;;;;;;_R2;$|,H,OH,-,HELM-GPT,flexible,False,none
X880,OP(O)(=O)c1ccc(C[C@H](N[*])C([*])=O)cc1 |$;;;;;;;;;;;_R1;;_R2;;;$|,H,OH,-,HELM-GPT,flexible,False,none
X883,Fc1ccccc1C[C@H](N[*])C([*])=O |$;;;;;;;;;;_R1;;_R2;$|,H,OH,-,HELM-GPT,flexible,False,none
X1213,CCOc1ccc(C[C@@H](N[*])C([*])=O)cc1 |$;;;;;;;;;;_R1;;_R2;;;$|,H,OH,-,HELM-GPT,flexible,False,none
X1023,"CCCCCCCCCCCCCCCCCC(=O)OC[C@@H](COC(=O)[C@@H](N[*])[C@@H](C)CC)OC(=O)CCCC=CCC=CCC=CCC=CCCCCC |w:39.38,42.41,45.44,48.47,$;;;;;;;;;;;;;;;;;;;;;;;;;;;;_R1;;;;;;;;;;;;;;;;;;;;;;;;;;$|",H,-,-,HELM-GPT,C_terminal_only,False,none
X1033,CCC[C@H](NCCCC1CCCCC1)C([*])=O |$;;;;;;;;;;;;;;;_R2;$|,-,OH,-,HELM-GPT,N_terminal_only,False,none
dTle,CC(C)(C)[C@@H](N[*])C([*])=O |$;;;;;;_R1;;_R2;$|,H,OH,-,HELM-GPT,flexible,False,none
X979,Cc1cc(C)cc(C[C@H](N[*])C([*])=O)c1 |$;;;;;;;;;;_R1;;_R2;;$|,H,OH,-,HELM-GPT,flexible,False,none
X1041,NC(=N)NCC([*])=O |$;;;;;;_R2;$|,-,OH,-,HELM-GPT,N_terminal_only,False,none
X1210,[*]C(=O)CNCCCN1CCCC1=O |$_R2;;;;;;;;;;;;;$|,-,OH,-,HELM-GPT,N_terminal_only,False,none
V_Me,CC(C)[C@H](N[*])C(C)=O |$;;;;;_R1;;;$|,H,-,-,HELM-GPT,C_terminal_only,False,none
X1042,CC(C)[C@H](NC(=O)Oc1ccccc1)C([*])=O |$;;;;;;;;;;;;;;;_R2;$|,-,OH,-,HELM-GPT,N_terminal_only,False,none
X1112,CCN[C@@H](Cc1ccccc1)C([*])=O |$;;;;;;;;;;;;_R2;$|,-,OH,-,HELM-GPT,N_terminal_only,False,none
X873,CC(C)C[C@H](NC(=O)Nc1ccccc1)C([*])=O |$;;;;;;;;;;;;;;;;_R2;$|,-,OH,-,HELM-GPT,N_terminal_only,False,none
X1910,CC1(C)C[C@@H](N([*])C1)C([*])=O |$;;;;;;_R1;;;_R2;$|,H,OH,-,HELM-GPT,flexible,False,none
X1911,CN([*])[C@](Cc1ccccc1)(C([*])=O)C(F)(F)F |$;;_R1;;;;;;;;;;_R2;;;;;$|,H,OH,-,HELM-GPT,flexible,False,none
X1771,[*]N[C@@H](CCCCCC(=O)[C@@H]1CO1)C([*])=O |$_R1;;;;;;;;;;;;;;_R2;$|,H,OH,-,HELM-GPT,flexible,False,none
X1938,CC(=N)NCCC[C@H](N[*])C([*])=O |$;;;;;;;;;_R1;;_R2;$|,H,OH,-,HELM-GPT,flexible,False,none
X1962,[*]C(=O)[C@@H](CS[*])N(CCCc1ccccc1)CCCc1ccccc1 |$_R2;;;;;;_R3;;;;;;;;;;;;;;;;;;;$|,-,OH,H,HELM-GPT,N_terminal_only,True,none
X2010,CC(C)CNCc1ccc(C[C@H](N[*])C([*])=O)cc1 |$;;;;;;;;;;;;;_R1;;_R2;;;$|,H,OH,-,HELM-GPT,flexible,False,none
X2058,CCCCCCN[C@H](CS[*])C([*])=O |$;;;;;;;;;;_R3;;_R2;$|,-,OH,H,HELM-GPT,N_terminal_only,True,none
X1913,C[C@@H](OC(c1ccccc1)(c1ccccc1)c1ccccc1)[C@@H](N[*])C([*])=O |$;;;;;;;;;;;;;;;;;;;;;;;;_R1;;_R2;$|,H,OH,-,HELM-GPT,flexible,False,none
X1790,CC(C)(C)OC(=O)NC[C@@H](N[*])C([*])=O |$;;;;;;;;;;;_R1;;_R2;$|,H,OH,-,HELM-GPT,flexible,False,none
X1743,FC(F)(F)[C@](Cc1ccccc1)(N[*])C([*])=O |$;;;;;;;;;;;;;_R1;;_R2;$|,H,OH,-,HELM-GPT,flexible,False,none
X1705,COn1cc(C[C@H](N(C)[*])C([*])=O)c2ccccc12 |$;;;;;;;;;_R1;;_R2;;;;;;;$|,H,OH,-,HELM-GPT,flexible,False,none
X1813,"[*]N=C(Cc1cccnc1)C([*])=O |w:1.0,$_R1;;;;;;;;;;;_R2;$|",H,OH,-,HELM-GPT,flexible,False,none
X1880,COC[C@@H](N[*])C([*])=O |$;;;;;_R1;;_R2;$|,H,OH,-,HELM-GPT,flexible,False,none
X1883,CSCOC(=O)CCC[C@@H](C)[C@@H](O)[C@H](N(C)[*])C([*])=O |$;;;;;;;;;;;;;;;;_R1;;_R2;$|,H,OH,-,HELM-GPT,flexible,False,none
X1673,CC1(C)C[C@H](N([*])C1)C([*])=O |$;;;;;;_R1;;;_R2;$|,H,OH,-,HELM-GPT,flexible,False,none
X1739,CC(=O)OCCOC[C@@H](N[*])C([*])=O |$;;;;;;;;;;_R1;;_R2;$|,H,OH,-,HELM-GPT,flexible,False,none
Me_Lys(Boc),CN([*])[C@@H](CCCCNC(=O)OC(C)(C)C)C([*])=O |$;;_R1;;;;;;;;;;;;;;;_R2;$|,H,OH,-,HELM-GPT,flexible,False,none
X866,CCCCCC[C@H](N[*])C([*])=O |$;;;;;;;;_R1;;_R2;$|,H,OH,-,HELM-GPT,flexible,False,none
X1401,CCCCCCCCCC[C@H](N[*])C([*])=O |$;;;;;;;;;;;;_R1;;_R2;$|,H,OH,-,HELM-GPT,flexible,False,none
X1895,[*]N[C@@H](Cc1c([nH]c2ccccc12)-c1ccccc1)C([*])=O |$_R1;;;;;;;;;;;;;;;;;;;;_R2;$|,H,OH,-,HELM-GPT,flexible,False,none
X1710,CN(C)CCS[C@@H](N(C)[*])C([*])=O |$;;;;;;;;;_R1;;_R2;$|,H,OH,-,HELM-GPT,flexible,False,none
X3000,[*]N[C@@H](Cn1cc(Cc2ccccc2)nn1)C([*])=O |$_R1;;;;;;;;;;;;;;;;;_R2;$|,H,OH,-,HELM-GPT,flexible,False,none
X1853,"C[C@H](CC=CC=C)[C@@H](O)[C@H](N(C)[*])C([*])=O |w:3.2,$;;;;;;;;;;;;_R1;;_R2;$|",H,OH,-,HELM-GPT,flexible,False,none
Cit,NC(=O)NCCC[C@H](N[*])C([*])=O |$;;;;;;;;;_R1;;_R2;$|,H,OH,-,HELM-GPT,flexible,False,none
X70,[*]N[C@H](Cc1ccc(cc1)C(=O)c1ccccc1)C([*])=O |$_R1;;;;;;;;;;;;;;;;;;;_R2;$|,H,OH,-,HELM-GPT,flexible,False,none
Me_Sar,CN(C)CC([*])=O |$;;;;;_R2;$|,-,OH,-,HELM-GPT,N_terminal_only,False,none
X222,[*]N[C@@H](CCCCCC=C)C([*])=O |$_R1;;;;;;;;;;;_R2;$|,H,OH,-,HELM-GPT,flexible,False,none
X155,Cc1[nH]c2ccccc2c1C[C@@H](N[*])C([*])=O |$;;;;;;;;;;;;;_R1;;_R2;$|,H,OH,-,HELM-GPT,flexible,False,none
X110,C[C@@H](N[*])C(=O)C(F)(F)F |$;;;_R1;;;;;;$|,H,-,-,HELM-GPT,C_terminal_only,False,none
X118,[*]N[C@@H](Cc1ccccc1)C=O |$_R1;;;;;;;;;;;$|,H,-,-,HELM-GPT,C_terminal_only,False,none
X281,C[C@@H](Nc1nccs1)C([*])=O |$;;;;;;;;;_R2;$|,-,OH,-,HELM-GPT,N_terminal_only,False,none
X425,NC(=N)NC[C@H](N[*])C([*])=O |$;;;;;;;_R1;;_R2;$|,H,OH,-,HELM-GPT,flexible,False,none
Hyp,O[C@@H]1C[C@H](N([*])C1)C([*])=O |$;;;;;_R1;;;_R2;$|,H,OH,-,HELM-GPT,flexible,False,none
X1774,"C[C@H](CC=CCO)[C@@H](O)[C@H](N(C)[*])C([*])=O |w:3.2,$;;;;;;;;;;;;_R1;;_R2;$|",H,OH,-,HELM-GPT,flexible,False,none
X2792,CS(=O)(=O)N[C@H](CCCNC(N)=N)C([*])=O |$;;;;;;;;;;;;;;_R2;$|,-,OH,-,HELM-GPT,N_terminal_only,False,none
X2904,Clc1cccc(NC(=O)NCCCC[C@H](N[*])C([*])=O)c1 |$;;;;;;;;;;;;;;;;_R1;;_R2;;$|,H,OH,-,HELM-GPT,flexible,False,none
X2186,CN([C@H](N[*])C(=O)c1ccccc1)C(=O)N[C@H](Cc1c[nH]c2ccccc12)C([*])=O |$;;;;_R1;;;;;;;;;;;;;;;;;;;;;;;;_R2;$|,H,OH,-,HELM-GPT,flexible,False,none
X2798,ClCCN(N=O)C(=O)NCCCC[C@H](NC(=O)N(CCCl)N=O)C([*])=O |$;;;;;;;;;;;;;;;;;;;;;;;;_R2;$|,-,OH,-,HELM-GPT,N_terminal_only,False,none
X2806,CC(C)C[C@H](NC(=O)OC[C@H](O)CO)C([*])=O |$;;;;;;;;;;;;;;;_R2;$|,-,OH,-,HELM-GPT,N_terminal_only,False,none
X2846,CC(C)C[C@H](NC(=O)OCCCO)C([*])=O |$;;;;;;;;;;;;;;_R2;$|,-,OH,-,HELM-GPT,N_terminal_only,False,none
X2827,Cc1ccccc1NC(=O)NCCCCC[C@H](N[*])C([*])=O |$;;;;;;;;;;;;;;;;;;_R1;;_R2;$|,H,OH,-,HELM-GPT,flexible,False,none
X2830,[*]N[C@@H](Cc1ccn[nH]1)C([*])=O |$_R1;;;;;;;;;;_R2;$|,H,OH,-,HELM-GPT,flexible,False,none
X2757,CN([C@@H](N[*])C(=O)c1ccccc1)C(=O)N[C@@H](Cc1c[nH]c2ccccc12)C([*])=O |$;;;;_R1;;;;;;;;;;;;;;;;;;;;;;;;_R2;$|,H,OH,-,HELM-GPT,flexible,False,none
X2778,OC(=O)C[C@H](N[*])C(=O)c1ncc(o1)-c1c(Cl)cccc1Cl |$;;;;;;_R1;;;;;;;;;;;;;;;$|,H,-,-,HELM-GPT,C_terminal_only,False,none
X2040,CC(C)CCNCCC[C@H](N[*])C([*])=O |$;;;;;;;;;;;_R1;;_R2;$|,H,OH,-,HELM-GPT,flexible,False,none
X2171,CCS(=O)(=O)N[C@H](CC1CCCCC1)C([*])=O |$;;;;;;;;;;;;;;;_R2;$|,-,OH,-,HELM-GPT,N_terminal_only,False,none
X2176,"CCCCCCCC=CCn1cncc1C[C@H](N[*])C([*])=O |w:8.8,$;;;;;;;;;;;;;;;;;;_R1;;_R2;$|",H,OH,-,HELM-GPT,flexible,False,none
X2232,NCCOC(=O)[C@H](Cc1ccc(O)cc1)N[*] |$;;;;;;;;;;;;;;;;_R1$|,H,-,-,HELM-GPT,C_terminal_only,False,none
X2247,N[C@@H](C1c2ccccc2CCc2ccccc12)C([*])=O |$;;;;;;;;;;;;;;;;;;_R2;$|,-,OH,-,HELM-GPT,N_terminal_only,False,none
X1994,COc1cc(C[C@H](N[*])C([*])=O)ccc1O |$;;;;;;;;_R1;;_R2;;;;;$|,H,OH,-,HELM-GPT,flexible,False,none
X2039,[*]C(=O)[C@@H](CS[*])NCc1cccnc1 |$_R2;;;;;;_R3;;;;;;;;$|,-,OH,H,HELM-GPT,N_terminal_only,True,none
X1133,OP(O)(=O)CC(=O)CN[*] |$;;;;;;;;;_R1$|,H,-,-,HELM-GPT,C_terminal_only,False,none
X1492,[*]N1C[C@H]2C[C@H]2[C@H]1C([*])=O |$_R1;;;;;;;;_R2;$|,H,OH,-,HELM-GPT,flexible,False,none
X1295,NC(=N)NCCC[C@H](N[*])C(=O)c1nc2ccccc2s1 |$;;;;;;;;;_R1;;;;;;;;;;;$|,H,-,-,HELM-GPT,C_terminal_only,False,none
X1250,COc1cc(C[C@@H](N[*])C([*])=O)cc(OC)c1OC |$;;;;;;;;_R1;;_R2;;;;;;;;$|,H,OH,-,HELM-GPT,flexible,False,none
X1321,CC(C)[C@H](NS(=O)(=O)C(F)(F)F)C([*])=O |$;;;;;;;;;;;;;_R2;$|,-,OH,-,HELM-GPT,N_terminal_only,False,none
X1376,[*]N(CCC1CCCCC1)CC([*])=O |$_R1;;;;;;;;;;;;_R2;$|,H,OH,-,HELM-GPT,flexible,False,none
X1314,[*]N[C@@H](CCC(=O)OCc1ccccc1N(=O)=O)C([*])=O |$_R1;;;;;;;;;;;;;;;;;;;_R2;$|,H,OH,-,HELM-GPT,flexible,False,none
X1453,[*]N[C@H](C=O)C1CCCCC1 |$_R1;;;;;;;;;;$|,H,-,-,HELM-GPT,C_terminal_only,False,none
X1301,CNC(=N)NCC[C@H](N[*])C([*])=O |$;;;;;;;;;_R1;;_R2;$|,H,OH,-,HELM-GPT,flexible,False,none
X1482,CCCCCCCCCCCCCCCCCCOc1ccc(C[C@H](N[*])C([*])=O)cc1 |$;;;;;;;;;;;;;;;;;;;;;;;;;;_R1;;_R2;;;$|,H,OH,-,HELM-GPT,flexible,False,none
X1236,[*]N[C@@H](C1CCCC1)C([*])=O |$_R1;;;;;;;;;_R2;$|,H,OH,-,HELM-GPT,flexible,False,none
X1005,[*]N[C@H](CCCCNC1CCCCC1)C([*])=O |$_R1;;;;;;;;;;;;;;;_R2;$|,H,OH,-,HELM-GPT,flexible,False,none
Spg_OMe,COC(=O)C1(CCCC1)N[*] |$;;;;;;;;;;_R1$|,H,-,-,HELM-GPT,C_terminal_only,False,none
X1199,CSCC[C@@H](N[*])C=O |$;;;;;;_R1;;$|,H,-,-,HELM-GPT,C_terminal_only,False,none
X252,CSC(C)(C)[C@H](N[*])C([*])=O |$;;;;;;;_R1;;_R2;$|,H,OH,-,HELM-GPT,flexible,False,none
X634,"[*]N1C[C@@H](C[C@H]1C([*])=O)ON=Cc1ccc-2c(Cc3ccccc-23)c1 |w:10.10,$_R1;;;;;;;_R2;;;;;;;;;;;;;;;;;$|",H,OH,-,HELM-GPT,flexible,False,none
X684,OC(=O)C[C@H](NC(=O)OCC1c2ccccc2-c2ccccc12)C([*])=O |$;;;;;;;;;;;;;;;;;;;;;;;;_R2;$|,-,OH,-,HELM-GPT,N_terminal_only,False,none
X686,CCS[C@@H]1CCN([*])[C@@H]1C([*])=O |$;;;;;;;_R1;;;_R2;$|,H,OH,-,HELM-GPT,flexible,False,none
X564,CN(C)CCC[C@H]([N-][N+]#N)C([*])=O |$;;;;;;;;;;;_R2;$|,-,OH,-,HELM-GPT,N_terminal_only,False,none
X199,FC(F)(F)c1cc(COC(=O)[C@H](Cc2c[nH]c3ccccc23)N[*])cc(c1)C(F)(F)F |$;;;;;;;;;;;;;;;;;;;;;;;_R1;;;;;;;$|,H,-,-,HELM-GPT,C_terminal_only,False,none
dalloT,C[C@@H](O)[C@@H](N[*])C([*])=O |$;;;;;_R1;;_R2;$|,H,OH,-,HELM-GPT,flexible,False,none
X1505,C[C@@](Cc1ccccc1F)(N[*])C([*])=O |$;;;;;;;;;;;_R1;;_R2;$|,H,OH,-,HELM-GPT,flexible,False,none
X1609,OC(=O)Cc1ccc(C[C@H](N[*])C([*])=O)cc1C(O)=O |$;;;;;;;;;;;_R1;;_R2;;;;;;$|,H,OH,-,HELM-GPT,flexible,False,none
X288,[*]N[C@H](Cc1c[nH]c2ccccc12)C=O |$_R1;;;;;;;;;;;;;;$|,H,-,-,HELM-GPT,C_terminal_only,False,none
X967,CC(C)(C)OC(=O)NCCCC[C@@H](N[*])C=O |$;;;;;;;;;;;;;;_R1;;$|,H,-,-,HELM-GPT,C_terminal_only,False,none
X680,Oc1ccc(C[C@H](N[*])C([*])=O)cc1O |$;;;;;;;;_R1;;_R2;;;;$|,H,OH,-,HELM-GPT,flexible,False,none
X796,N[C@@H](Cc1ccc(O)cc1)c1cn(CC([*])=O)nn1 |$;;;;;;;;;;;;;;;_R2;;;$|,-,OH,-,HELM-GPT,N_terminal_only,False,none
X1608,CC(C)(C)OC(=O)N[C@H](C1CCCCC1)C([*])=O |$;;;;;;;;;;;;;;;;_R2;$|,-,OH,-,HELM-GPT,N_terminal_only,False,none
Boc_D,CC(C)(C)OC(=O)N[C@@H](CC(O)=O)C([*])=O |$;;;;;;;;;;;;;;_R2;$|,-,OH,-,HELM-GPT,N_terminal_only,False,none
X1699,C[C@]1(CCN1[*])C([*])=O |$;;;;;_R1;;_R2;$|,H,OH,-,HELM-GPT,flexible,False,none
X1704,CN([*])[C@@H](CC(C)(C)O)C([*])=O |$;;_R1;;;;;;;;_R2;$|,H,OH,-,HELM-GPT,flexible,False,none
X1557,[*]N1CCC(=C)[C@H]1C([*])=O |$_R1;;;;;;;;_R2;$|,H,OH,-,HELM-GPT,flexible,False,none
Boc_Glu(OBzl),CC(C)(C)OC(=O)N[C@@H](CCC(=O)OCc1ccccc1)C([*])=O |$;;;;;;;;;;;;;;;;;;;;;;_R2;$|,-,OH,-,HELM-GPT,N_terminal_only,False,none
X1606,CCCS[C@H]1CCN([*])[C@H]1C([*])=O |$;;;;;;;;_R1;;;_R2;$|,H,OH,-,HELM-GPT,flexible,False,none
C_OBzl,SC[C@H](N[*])C(=O)OCc1ccccc1 |$;;;;_R1;;;;;;;;;;$|,H,-,-,HELM-GPT,C_terminal_only,False,none
X2587,COc1cc(C)c([C@H](C)[C@@H](N[*])C([*])=O)c(C)c1 |$;;;;;;;;;;;_R1;;_R2;;;;$|,H,OH,-,HELM-GPT,flexible,False,none
X2718,C[C@H](NC(O)=O)C([*])=O |$;;;;;;;_R2;$|,-,OH,-,HELM-GPT,N_terminal_only,False,none
H_OBzl,[*]N[C@@H](Cc1cnc[nH]1)C(=O)OCc1ccccc1 |$_R1;;;;;;;;;;;;;;;;;;$|,H,-,-,HELM-GPT,C_terminal_only,False,none
Cbz_Hyp,O[C@@H]1C[C@H](N(C1)C(=O)OCc1ccccc1)C([*])=O |$;;;;;;;;;;;;;;;;;_R2;$|,-,OH,-,HELM-GPT,N_terminal_only,False,none
X2702,Cc1cc(C)cc(c1)-c1ccc(C[C@H](N[*])C([*])=O)cc1 |$;;;;;;;;;;;;;;;_R1;;_R2;;;$|,H,OH,-,HELM-GPT,flexible,False,none
X2636,C[C@H](OC(=O)[C@H](Cc1ccccc1)N[*])c1ccccc1 |$;;;;;;;;;;;;;;_R1;;;;;;$|,H,-,-,HELM-GPT,C_terminal_only,False,none
X2682,CCOC(=O)C(F)(F)C(=O)[C@H](CC1CCCCC1)N[*] |$;;;;;;;;;;;;;;;;;;;_R1$|,H,-,-,HELM-GPT,C_terminal_only,False,none
X2631,CN(C)[C@@H](CCCCN)C(=O)O[C@@H]1C[C@H](N([*])C1)C([*])=O |$;;;;;;;;;;;;;;;;_R1;;;_R2;$|,H,OH,-,HELM-GPT,flexible,False,none
X2703,OC(=O)[C@]1(C[C@H]1CCc1ccccc1)N[*] |$;;;;;;;;;;;;;;;_R1$|,H,-,-,HELM-GPT,C_terminal_only,False,none
X2704,[*]C(=O)[C@@H](Cc1cnc[nH]1)NC(=O)OC1CCCCC1 |$_R2;;;;;;;;;;;;;;;;;;;$|,-,OH,-,HELM-GPT,N_terminal_only,False,none
X2643,CCOC(=O)[C@H](Cc1c[nH]c2ccccc12)N[*] |$;;;;;;;;;;;;;;;;;_R1$|,H,-,-,HELM-GPT,C_terminal_only,False,none
X2733,CC(C)(C)[C@H](NCCCc1cnc[nH]1)C([*])=O |$;;;;;;;;;;;;;;;_R2;$|,-,OH,-,HELM-GPT,N_terminal_only,False,none
X2731,[*]N[C@@]1(CCc2ccccc12)C([*])=O |$_R1;;;;;;;;;;;;_R2;$|,H,OH,-,HELM-GPT,flexible,False,none
X2651,CN([*])[C@@H](CCCNC(N)=N)C(=O)c1nc2ccccc2s1 |$;;_R1;;;;;;;;;;;;;;;;;;;$|,H,-,-,HELM-GPT,C_terminal_only,False,none
X2319,COc1ccc(CN([*])CC([*])=O)cc1OC |$;;;;;;;;_R1;;;_R2;;;;;$|,H,OH,-,HELM-GPT,flexible,False,none
X2297,C[C@H]1CCN([*])[C@@H]1C([*])=O |$;;;;;_R1;;;_R2;$|,H,OH,-,HELM-GPT,flexible,False,none
X2331,OC(=O)C(=O)C1(CC1)N[*] |$;;;;;;;;;_R1$|,H,-,-,HELM-GPT,C_terminal_only,False,none
X2470,CC(C)[C@H](N[*])C(=O)c1nc2ccccc2[nH]1 |$;;;;;_R1;;;;;;;;;;;$|,H,-,-,HELM-GPT,C_terminal_only,False,none
X2475,[*]N[C@@H](CCC=O)C([*])=O |$_R1;;;;;;;;_R2;$|,H,OH,-,HELM-GPT,flexible,False,none
X2378,CCCCCCCCCCCCCCCCS(=O)(=O)N[C@@H](Cc1ccccc1)C([*])=O |$;;;;;;;;;;;;;;;;;;;;;;;;;;;;;_R2;$|,-,OH,-,HELM-GPT,N_terminal_only,False,none
X2343,COC(=O)[C@H](CSCc1c[nH]c(=O)[nH]c1=O)N[*] |$;;;;;;;;;;;;;;;;;_R1$|,H,-,-,HELM-GPT,C_terminal_only,False,none
X2438,C[C@](CCCNC(N)=N)(N[*])C(=O)c1nc2ccccc2s1 |$;;;;;;;;;;_R1;;;;;;;;;;;$|,H,-,-,HELM-GPT,C_terminal_only,False,none
X2398,[*]Sc1ccccn1 |$_R3;;;;;;;$|,-,-,H,HELM-GPT,unknown,True,none
Me_dCha,CN[C@H](CC1CCCCC1)C([*])=O |$;;;;;;;;;;;_R2;$|,-,OH,-,HELM-GPT,N_terminal_only,False,none
X2402,[*]N[C@@H](C[C@@H]1CCNC1=O)C(=O)c1ncc(s1)-c1ccccc1 |$_R1;;;;;;;;;;;;;;;;;;;;;;$|,H,-,-,HELM-GPT,C_terminal_only,False,none
X2458,"CC(C)C[C@H](NC(=O)N[C@@H]([C@@H]1CCN=C(N)N1)C([*])=O)C(O)=O |$;;;;;;;;;;;;;;;;;;_R2;;;;$,t:13|",-,OH,-,HELM-GPT,N_terminal_only,False,none
X2307,[*]N1[C@H]([C@@H]1C(=O)OCc1ccccc1)C(=O)OCc1ccccc1 |$_R1;;;;;;;;;;;;;;;;;;;;;;;$|,H,-,-,HELM-GPT,C_terminal_only,False,none
X531,CC(C)(C)c1ccc(cc1)S(=O)(=O)N[C@@H](CCCNC(N)=N)C([*])=O |$;;;;;;;;;;;;;;;;;;;;;;;_R2;$|,-,OH,-,HELM-GPT,N_terminal_only,False,none
X591,[*]N[C@@H](Cc1cccc2cc[nH]c12)C([*])=O |$_R1;;;;;;;;;;;;;;_R2;$|,H,OH,-,HELM-GPT,flexible,False,none
Cbz_F,[*]C(=O)[C@H](Cc1ccccc1)NC(=O)OCc1ccccc1 |$_R2;;;;;;;;;;;;;;;;;;;;;$|,-,OH,-,HELM-GPT,N_terminal_only,False,none
X765,CC(C)(C)OC(=O)N[C@H](CCCN)C([*])=O |$;;;;;;;;;;;;;;_R2;$|,-,OH,-,HELM-GPT,N_terminal_only,False,none
X843,N[C@]1(C[C@H](CO)C1)C([*])=O |$;;;;;;;;_R2;$|,-,OH,-,HELM-GPT,N_terminal_only,False,none
EtCO_dHph,CCOC(=O)N[C@H](CCc1ccccc1)C([*])=O |$;;;;;;;;;;;;;;;;_R2;$|,-,OH,-,HELM-GPT,N_terminal_only,False,none
X755,[*]C(=O)[C@@H]([N-][N+]#N)c1ccccc1 |$_R2;;;;;;;;;;;;$|,-,OH,-,HELM-GPT,N_terminal_only,False,none
X523,Cc1cc(O)ccc1C[C@H](N[*])C([*])=O |$;;;;;;;;;;;_R1;;_R2;$|,H,OH,-,HELM-GPT,flexible,False,none
X646,CC(C)C[C@@](C)(N[*])C([*])=O |$;;;;;;;_R1;;_R2;$|,H,OH,-,HELM-GPT,flexible,False,none
X519,NCCC[C@H]([N-][N+]#N)C([*])=O |$;;;;;;;;;_R2;$|,-,OH,-,HELM-GPT,N_terminal_only,False,none
X462,C[C@H]1C[C@@]1(N[*])C(O)=O |$;;;;;_R1;;;$|,H,-,-,HELM-GPT,C_terminal_only,False,none
dPhe(2-Me),Cc1ccccc1C[C@@H](N[*])C([*])=O |$;;;;;;;;;;_R1;;_R2;$|,H,OH,-,HELM-GPT,flexible,False,none
X3013,FC(F)(F)c1cccc(C[C@@H](N[*])C([*])=O)c1 |$;;;;;;;;;;;;_R1;;_R2;;$|,H,OH,-,HELM-GPT,flexible,False,none
X3022,Fc1ccc(C[C@H](N[*])C(=O)OCc2cc(cc(c2)C(F)(F)F)C(F)(F)F)cc1 |$;;;;;;;;_R1;;;;;;;;;;;;;;;;;;;;$|,H,-,-,HELM-GPT,C_terminal_only,False,none
Asp(OtBu),CC(C)(C)OC(=O)C[C@H](N[*])C([*])=O |$;;;;;;;;;;_R1;;_R2;$|,H,OH,-,HELM-GPT,flexible,False,none
X2858,CC(C)[C@H](NC(=O)OCCCCCn1cnc2c(ncnc12)N(C)C)C([*])=O |$;;;;;;;;;;;;;;;;;;;;;;;;;;_R2;$|,-,OH,-,HELM-GPT,N_terminal_only,False,none
X2897,Clc1ccc(NC(=O)NCCCC[C@H](N[*])C([*])=O)cc1 |$;;;;;;;;;;;;;;;_R1;;_R2;;;$|,H,OH,-,HELM-GPT,flexible,False,none
X2892,"CC(=O)N([C@@H](Cc1ccccc1)C([*])=O)C(=O)C=Cc1ccccc1 |w:17.17,$;;;;;;;;;;;;;_R2;;;;;;;;;;;$|",-,OH,-,HELM-GPT,N_terminal_only,False,none
X2515,[*]N1C[C@@H](Cc2ccccc2)NC(=O)C1 |$_R1;;;;;;;;;;;;;;$|,H,-,-,HELM-GPT,C_terminal_only,False,none
X2505,[*]N(CC([*])=O)C(c1ccccc1)c1ccccc1 |$_R1;;;;_R2;;;;;;;;;;;;;;$|,H,OH,-,HELM-GPT,flexible,False,none
X2493,CC(C)N([*])[C@@H](CCCCN)C([*])=O |$;;;;_R1;;;;;;;;_R2;$|,H,OH,-,HELM-GPT,flexible,False,none
X633,C[C@@H](OP(O)(O)=O)[C@H](N[*])C([*])=O |$;;;;;;;;;_R1;;_R2;$|,H,OH,-,HELM-GPT,flexible,False,none
X1572,NC(=N)NCCC[C@H](N[*])C(=O)C=O |$;;;;;;;;;_R1;;;;$|,H,-,-,HELM-GPT,C_terminal_only,False,none
X2244,[*]N[C@@H](Cc1ccccc1)C(=O)c1nc2ccccc2[nH]1 |$_R1;;;;;;;;;;;;;;;;;;;;$|,H,-,-,HELM-GPT,C_terminal_only,False,none
X2274,OP(O)(=O)[C@H](N[*])C([*])=O |$;;;;;;_R1;;_R2;$|,H,OH,-,HELM-GPT,flexible,False,none
X2217,[*]N[C@H]([C@H](Oc1ccc(C=O)cc1)c1ccccc1)C([*])=O |$_R1;;;;;;;;;;;;;;;;;;;;_R2;$|,H,OH,-,HELM-GPT,flexible,False,none
X3,Fc1ccc(C[C@H](N[*])C([*])=O)cc1 |$;;;;;;;;_R1;;_R2;;;$|,H,OH,-,HELM-GPT,flexible,False,none
X809,C[C@](CO)(N[*])C([*])=O |$;;;;;_R1;;_R2;$|,H,OH,-,HELM-GPT,flexible,False,none
X881,[*]N1C[C@H](C[C@H]1C([*])=O)n1cc(nn1)-c1cccc2ccccc12 |$_R1;;;;;;;_R2;;;;;;;;;;;;;;;;$|,H,OH,-,HELM-GPT,flexible,False,none
X886,"CC(=O)CC=C[C@H](N[*])C(O)=O |w:4.3,$;;;;;;;;_R1;;;$|",H,-,-,HELM-GPT,C_terminal_only,False,none
X955,N[C@H](CNCC([*])=O)Cc1ccccc1 |$;;;;;;_R2;;;;;;;;$|,-,OH,-,HELM-GPT,N_terminal_only,False,none
X956,"CC(=N[*])C([*])=O |w:2.2,$;;;_R1;;_R2;$|",H,OH,-,HELM-GPT,flexible,False,none
X1217,NC(=N)NC[C@H]1C[C@@](C1)(N[*])C(O)=O |$;;;;;;;;;;_R1;;;$|,H,-,-,HELM-GPT,C_terminal_only,False,none
X1159,CC(C)[C@H](N[*])C(O)c1ncco1 |$;;;;;_R1;;;;;;;$|,H,-,-,HELM-GPT,C_terminal_only,False,none
X1029,CCC[C@H](C)[C@H](N[*])C([*])=O |$;;;;;;;_R1;;_R2;$|,H,OH,-,HELM-GPT,flexible,False,none
X1161,C[C@H](NS(=O)(=O)c1cccc2c(cccc12)N(C)C)C([*])=O |$;;;;;;;;;;;;;;;;;;;;_R2;$|,-,OH,-,HELM-GPT,N_terminal_only,False,none
X1022,[*]N[C@@H](CCCC=C)C([*])=O |$_R1;;;;;;;;;_R2;$|,H,OH,-,HELM-GPT,flexible,False,none
X1165,Oc1ccc2CN([*])[C@H](Cc2c1)C([*])=O |$;;;;;;;_R1;;;;;;_R2;$|,H,OH,-,HELM-GPT,flexible,False,none
X936,C[C@@]1(CO1)C(=O)[C@H](Cc1ccc(N)cc1)N[*] |$;;;;;;;;;;;;;;;;_R1$|,H,-,-,HELM-GPT,C_terminal_only,False,none
X1762,CCCC[C@@H](C)[C@@H](O)[C@H](N(C)[*])C([*])=O |$;;;;;;;;;;;_R1;;_R2;$|,H,OH,-,HELM-GPT,flexible,False,none
X1918,[*]N1COC[C@@H]1C([*])=O |$_R1;;;;;;;_R2;$|,H,OH,-,HELM-GPT,flexible,False,none
X2005,Oc1ccc(cc1)[C@@H]1CCN[C@H]1C([*])=O |$;;;;;;;;;;;;;_R2;$|,-,OH,-,HELM-GPT,N_terminal_only,False,none
X2016,[*]N[C@H](C([*])=O)c1c[nH]c2ccccc12 |$_R1;;;;_R2;;;;;;;;;;$|,H,OH,-,HELM-GPT,flexible,False,none
X1957,[*]C(=O)[C@@H](CS[*])NC(=O)Nc1ccc(cc1)-c1ccccc1 |$_R2;;;;;;_R3;;;;;;;;;;;;;;;;$|,-,OH,H,HELM-GPT,N_terminal_only,True,none
X1965,C[C@H]([C@@H](N[*])C([*])=O)c1ccc2ccccc2c1 |$;;;;_R1;;_R2;;;;;;;;;;;$|,H,OH,-,HELM-GPT,flexible,False,none
X1980,Oc1ccc(C[C@H](N[*])C([*])=O)c(I)c1 |$;;;;;;;;_R1;;_R2;;;;$|,H,OH,-,HELM-GPT,flexible,False,none
Me_dalloT,C[C@@H](O)[C@@H](N(C)[*])C([*])=O |$;;;;;;_R1;;_R2;$|,H,OH,-,HELM-GPT,flexible,False,none
dPen,CC(C)(S[*])[C@@H](N[*])C([*])=O |$;;;;_R3;;;_R1;;_R2;$|,H,OH,H,HELM-GPT,flexible,True,none
X1952,N[C@@H](Cc1ccc(N)c(I)c1)C([*])=O |$;;;;;;;;;;;;_R2;$|,-,OH,-,HELM-GPT,N_terminal_only,False,none
X2063,Oc1ccc(cc1)[C@@H]1CCN[C@@H]1C([*])=O |$;;;;;;;;;;;;;_R2;$|,-,OH,-,HELM-GPT,N_terminal_only,False,none
Me_dT,C[C@H](O)[C@@H](N(C)[*])C([*])=O |$;;;;;;_R1;;_R2;$|,H,OH,-,HELM-GPT,flexible,False,none
X2066,CCCCOc1ccc(C[C@@H](N[*])C([*])=O)cc1 |$;;;;;;;;;;;;_R1;;_R2;;;$|,H,OH,-,HELM-GPT,flexible,False,none
X1830,[*]N(CC=C)[C@H](Cc1ccccc1)C([*])=O |$_R1;;;;;;;;;;;;;;_R2;$|,H,OH,-,HELM-GPT,flexible,False,none
X1688,[*]N[C@H](CCOCCS[*])C([*])=O |$_R1;;;;;;;;;_R3;;_R2;$|,H,OH,H,HELM-GPT,flexible,True,none
X1904,COC(=O)CCC[C@@H](C)[C@@H](O)[C@H](N(C)[*])C([*])=O |$;;;;;;;;;;;;;;_R1;;_R2;$|,H,OH,-,HELM-GPT,flexible,False,none
X1831,CN([*])[C@@H](Cc1ccc(Br)cc1)C([*])=O |$;;_R1;;;;;;;;;;;_R2;$|,H,OH,-,HELM-GPT,flexible,False,none
X1929,CC(C)(C)OC(=O)COC[C@@H](N[*])C([*])=O |$;;;;;;;;;;;;_R1;;_R2;$|,H,OH,-,HELM-GPT,flexible,False,none
X1708,"[*]N[C@H](C([*])=O)C1=CCC=CC1 |$_R1;;;;_R2;;;;;;;$,c:9,t:6|",H,OH,-,HELM-GPT,flexible,False,none
X1946,COC(=O)CCCC[C@H](N[*])C([*])=O |$;;;;;;;;;;_R1;;_R2;$|,H,OH,-,HELM-GPT,flexible,False,none
X1869,OP(O)(=O)OC(F)(F)c1ccc(C[C@@H](N[*])C([*])=O)cc1 |$;;;;;;;;;;;;;;;_R1;;_R2;;;$|,H,OH,-,HELM-GPT,flexible,False,none
X1891,CCN([*])[C@@H](C(C)C)C([*])=O |$;;;_R1;;;;;;_R2;$|,H,OH,-,HELM-GPT,flexible,False,none
X1676,[*]N[C@@H](C([*])=O)c1cccs1 |$_R1;;;;_R2;;;;;;$|,H,OH,-,HELM-GPT,flexible,False,none
X1822,"CC(C)OC(=O)CCC=C(C)[C@@H](O)[C@H](N(C)[*])C([*])=O |w:8.7,$;;;;;;;;;;;;;;;;_R1;;_R2;$|",H,OH,-,HELM-GPT,flexible,False,none
X1680,[*]N[C@H](COCC[N-][N+]#N)C([*])=O |$_R1;;;;;;;;;;;_R2;$|,H,OH,-,HELM-GPT,flexible,False,none
X1874,COC(=O)CCCCCC[C@H](N[*])C([*])=O |$;;;;;;;;;;;;_R1;;_R2;$|,H,OH,-,HELM-GPT,flexible,False,none
X1811,COC(=O)COCCOCCOCCNCCOCCOCCn1cc(C[C@@H](N(C)[*])C([*])=O)nn1 |$;;;;;;;;;;;;;;;;;;;;;;;;;;;;;;_R1;;_R2;;;$|,H,OH,-,HELM-GPT,flexible,False,none
X1812,[*]NC1([C@@H]([C@H]1c1ccccc1)c1ccccc1)C([*])=O |$_R1;;;;;;;;;;;;;;;;;;_R2;$|,H,OH,-,HELM-GPT,flexible,False,none
Lys(Boc),CC(C)(C)OC(=O)NCCCC[C@H](N[*])C([*])=O |$;;;;;;;;;;;;;;_R1;;_R2;$|,H,OH,-,HELM-GPT,flexible,False,none
X1859,C[C@H](Cc1nc2ccc(C)cc2[nH]1)[C@@H](O)[C@H](N(C)[*])C([*])=O |$;;;;;;;;;;;;;;;;;;_R1;;_R2;$|,H,OH,-,HELM-GPT,flexible,False,none
X1791,CCN(CC)C[C@@H](N[*])C([*])=O |$;;;;;;;;_R1;;_R2;$|,H,OH,-,HELM-GPT,flexible,False,none
X1713,"[*]N1N=CCC[C@H]1C([*])=O |$_R1;;;;;;;;_R2;$,c:2|",H,OH,-,HELM-GPT,flexible,False,none
X1933,CC(C)N(C)CCS[C@@H](N(C)[*])C([*])=O |$;;;;;;;;;;;_R1;;_R2;$|,H,OH,-,HELM-GPT,flexible,False,none
X58,CN(C)c1cccc2c(cccc12)S(=O)(=O)NCC([*])=O |$;;;;;;;;;;;;;;;;;;;_R2;$|,-,OH,-,HELM-GPT,N_terminal_only,False,none
Cbz_S,OC[C@H](NC(=O)OCc1ccccc1)C([*])=O |$;;;;;;;;;;;;;;;_R2;$|,-,OH,-,HELM-GPT,N_terminal_only,False,none
Dpr,[*]N[C@@H](CN[*])C([*])=O |$_R1;;;;;_R3;;_R2;$|,H,OH,H,HELM-GPT,flexible,True,none
Cbz_A,C[C@H](NC(=O)OCc1ccccc1)C([*])=O |$;;;;;;;;;;;;;;_R2;$|,-,OH,-,HELM-GPT,N_terminal_only,False,none
X121,[*]NC1(CCCCCC1)C([*])=O |$_R1;;;;;;;;;;_R2;$|,H,OH,-,HELM-GPT,flexible,False,none
Cbz_R,NC(=N)NCCC[C@H](NC(=O)OCc1ccccc1)C([*])=O |$;;;;;;;;;;;;;;;;;;;;_R2;$|,-,OH,-,HELM-GPT,N_terminal_only,False,none
X161,CC(C)[C@H](NC(=O)N(C)C)C([*])=O |$;;;;;;;;;;;_R2;$|,-,OH,-,HELM-GPT,N_terminal_only,False,none
dL_OMe,COC(=O)[C@@H](CC(C)C)N[*] |$;;;;;;;;;;_R1$|,H,-,-,HELM-GPT,C_terminal_only,False,none
X226,OC(=O)CC[C@H](NCCCc1c2ccccc2cc2ccccc12)C([*])=O |$;;;;;;;;;;;;;;;;;;;;;;;;;_R2;$|,-,OH,-,HELM-GPT,N_terminal_only,False,none
X2725,[*]N[C@@H](C([*])=O)C(=O)Cc1ccccc1 |$_R1;;;;_R2;;;;;;;;;;$|,H,OH,-,HELM-GPT,flexible,False,none
X2789,CCN([*])[C@H](Cc1ccc(O)cc1)C([*])=O |$;;;_R1;;;;;;;;;;;_R2;$|,H,OH,-,HELM-GPT,flexible,False,none
X2791,[*]N[C@@H](Cc1ccc(cc1)-c1cccc(c1)-c1ccccc1)C([*])=O |$_R1;;;;;;;;;;;;;;;;;;;;;;;_R2;$|,H,OH,-,HELM-GPT,flexible,False,none
dmeD,CN([*])[C@H](CC([*])=O)C([*])=O |$;;_R1;;;;_R3;;;_R2;$|,H,OH,OH,HELM-GPT,flexible,True,none
X2320,[*]N[C@H](CCC1CCCCC1)C([*])=O |$_R1;;;;;;;;;;;;_R2;$|,H,OH,-,HELM-GPT,flexible,False,none
X2279,CCOC(=O)[C@@H]1[C@H](N1[*])C([*])=O |$;;;;;;;;_R1;;_R2;$|,H,OH,-,HELM-GPT,flexible,False,none
X2147,[*]N[C@@H](Cc1ccc(cc1)-c1cccc2ccccc12)C([*])=O |$_R1;;;;;;;;;;;;;;;;;;;;;_R2;$|,H,OH,-,HELM-GPT,flexible,False,none
X2349,COC(=O)[C@H](Cc1ccc(Oc2cc(C[C@H](N)C([*])=O)ccc2O)cc1)N[*] |$;;;;;;;;;;;;;;;;;;_R2;;;;;;;;;_R1$|,H,OH,-,HELM-GPT,flexible,False,none
X2840,"CCCCCCC=CC(=O)N([C@@H](Cc1ccc(F)cc1)C([*])=O)C(C)=O |w:6.5,$;;;;;;;;;;;;;;;;;;;;;_R2;;;;$|",-,OH,-,HELM-GPT,N_terminal_only,False,none
X2446,CN([*])[C@@H](CC(O)=O)C(=O)COc1cc(nn1-c1ccccc1)C(F)(F)F |$;;_R1;;;;;;;;;;;;;;;;;;;;;;;;$|,H,-,-,HELM-GPT,C_terminal_only,False,none
X2673,COc1ccc(cc1)-c1cn(nn1)[C@@H]1C[C@H](N([*])C1)C([*])=O |$;;;;;;;;;;;;;;;;;_R1;;;_R2;$|,H,OH,-,HELM-GPT,flexible,False,none
X2845,CCCCCCCCCCCCNCCC[C@@H](N[*])C([*])=O |$;;;;;;;;;;;;;;;;;;_R1;;_R2;$|,H,OH,-,HELM-GPT,flexible,False,none
X2819,NS(=O)(=O)Cc1ccc(C[C@H](N[*])C([*])=O)cc1 |$;;;;;;;;;;;;_R1;;_R2;;;$|,H,OH,-,HELM-GPT,flexible,False,none
X2842,C[C@H](NCc1ccc(cc1)C(O)=O)C([*])=O |$;;;;;;;;;;;;;;_R2;$|,-,OH,-,HELM-GPT,N_terminal_only,False,none
X2808,COCn1cc(C[C@@H](N[*])C([*])=O)c2ccccc12 |$;;;;;;;;;_R1;;_R2;;;;;;;$|,H,OH,-,HELM-GPT,flexible,False,none
X2848,[*]C(=O)[C@H](CSCc1ccccc1)NC(=O)OCc1ccccc1 |$_R2;;;;;;;;;;;;;;;;;;;;;;;$|,-,OH,-,HELM-GPT,N_terminal_only,False,none
X2843,[*]N[C@H](Cc1ccc(cc1)[N+]#N)C([*])=O |$_R1;;;;;;;;;;;;;_R2;$|,H,OH,-,HELM-GPT,flexible,False,none
dAad,[*]N[C@H](CCCC([*])=O)C([*])=O |$_R1;;;;;;;_R3;;;_R2;$|,H,OH,OH,HELM-GPT,flexible,True,none
X2829,"CS(=O)(=O)CC[C@H](N[*])C(=O)C=CS(=O)(=O)c1ccccc1 |w:11.10,$;;;;;;;;_R1;;;;;;;;;;;;;$|",H,-,-,HELM-GPT,C_terminal_only,False,none
X2735,OC(=O)C[C@H](NS(=O)(=O)Cc1ccccc1)C([*])=O |$;;;;;;;;;;;;;;;;;_R2;$|,-,OH,-,HELM-GPT,N_terminal_only,False,none
X2776,CC(C)COC(=O)N[C@@H](Cc1c[nH]c2ccccc12)C([*])=O |$;;;;;;;;;;;;;;;;;;;;_R2;$|,-,OH,-,HELM-GPT,N_terminal_only,False,none
X2768,CCCCC(=O)C(=O)[C@@H](N[*])C(C)C |$;;;;;;;;;;_R1;;;$|,H,-,-,HELM-GPT,C_terminal_only,False,none
X2770,[*]N[C@]1(CCc2ccccc12)C([*])=O |$_R1;;;;;;;;;;;;_R2;$|,H,OH,-,HELM-GPT,flexible,False,none
Boc_L-alpha-t-butylglycine,CC(C)(C)OC(=O)N[C@H](C([*])=O)C(C)(C)C |$;;;;;;;;;;_R2;;;;;$|,-,OH,-,HELM-GPT,N_terminal_only,False,none
X2101,[*]N1C[C@@H](C[C@H]1C([*])=O)OC(=O)N1CCc2ccccc2C1 |$_R1;;;;;;;_R2;;;;;;;;;;;;;;$|,H,OH,-,HELM-GPT,flexible,False,none
X2107,"CC(C)(C)OC(=O)N[C@@H](CCCCCC=C[C@@H]1C[C@]1(N[*])C(O)=O)C([*])=O |w:14.13,$;;;;;;;;;;;;;;;;;;;;_R1;;;;;_R2;$|",H,OH,-,HELM-GPT,flexible,False,none
X2110,"COC(=O)[C@H](Cc1cccc(OC(=O)C=Cc2ccccc2)c1)N[*] |w:14.13,$;;;;;;;;;;;;;;;;;;;;;;;;_R1$|",H,-,-,HELM-GPT,C_terminal_only,False,none
X2179,NCC[C@H](NC(=O)Nc1cccc(c1)-c1ccccc1)C([*])=O |$;;;;;;;;;;;;;;;;;;;;;_R2;$|,-,OH,-,HELM-GPT,N_terminal_only,False,none
X2167,CC(C)[C@H](NC[C@@H]1COCCCN([*])[C@@H](C)C(=O)N1)C([*])=O |$;;;;;;;;;;;;;_R1;;;;;;;_R2;$|,H,OH,-,HELM-GPT,flexible,False,none
X2002,FC(F)(F)c1cccc(c1)[C@H](N[*])C([*])=O |$;;;;;;;;;;;;_R1;;_R2;$|,H,OH,-,HELM-GPT,flexible,False,none
X1125,FC(F)(F)c1ccc(CNCCCC[C@H](N[*])C([*])=O)cc1 |$;;;;;;;;;;;;;;;;_R1;;_R2;;;$|,H,OH,-,HELM-GPT,flexible,False,none
X1077,CC(C)[C@H](NC(=O)Nc1ccc(F)cc1)C([*])=O |$;;;;;;;;;;;;;;;;_R2;$|,-,OH,-,HELM-GPT,N_terminal_only,False,none
X1282,[*]N[C@H](CCCN(N=C=S)N=C=S)C([*])=O |$_R1;;;;;;;;;;;;;;_R2;$|,H,OH,-,HELM-GPT,flexible,False,none
dPhe(3-Cl),Clc1cccc(C[C@@H](N[*])C([*])=O)c1 |$;;;;;;;;;_R1;;_R2;;$|,H,OH,-,HELM-GPT,flexible,False,none
X1493,[*]N[C@@H](Cc1ccc(cc1)C#N)C=O |$_R1;;;;;;;;;;;;;$|,H,-,-,HELM-GPT,C_terminal_only,False,none
X1266,CN(C)C(=O)NCCCC[C@H](N[*])C([*])=O |$;;;;;;;;;;;;_R1;;_R2;$|,H,OH,-,HELM-GPT,flexible,False,none
X1500,Oc1ccc(C[C@H](N[*])C([*])=O)c(c1)N(=O)=O |$;;;;;;;;_R1;;_R2;;;;;;$|,H,OH,-,HELM-GPT,flexible,False,none
X1249,C[C@H]([C@@H](N[*])C([*])=O)c1c(C)cccc1C |$;;;;_R1;;_R2;;;;;;;;;$|,H,OH,-,HELM-GPT,flexible,False,none
X1478,NCCCCCCCCN[C@@H](Cc1ccc(O)cc1)C([*])=O |$;;;;;;;;;;;;;;;;;;;;_R2;$|,-,OH,-,HELM-GPT,N_terminal_only,False,none
X1371,[*]C(=O)Cn1c(=O)[nH]c2ccccc2c1=O |$_R2;;;;;;;;;;;;;;;$|,-,OH,-,HELM-GPT,N_terminal_only,False,none
EtCO_dA,CCOC(=O)N[C@H](C)C([*])=O |$;;;;;;;;;_R2;$|,-,OH,-,HELM-GPT,N_terminal_only,False,none
X1502,Cc1cccc(c1)-c1cn(nn1)[C@H]1C[C@H](N([*])C1)C([*])=O |$;;;;;;;;;;;;;;;;_R1;;;_R2;$|,H,OH,-,HELM-GPT,flexible,False,none
X1503,CC(=O)N(CCCC[C@@H](N[*])C([*])=O)C(C)=O |$;;;;;;;;;;_R1;;_R2;;;;$|,H,OH,-,HELM-GPT,flexible,False,none
X1464,CC(=O)OC[C@H](N[*])C([*])=O |$;;;;;;;_R1;;_R2;$|,H,OH,-,HELM-GPT,flexible,False,none
X1012,Cc1cc(C)c(CNCCCC[C@H](N[*])C([*])=O)c(C)c1 |$;;;;;;;;;;;;;;_R1;;_R2;;;;$|,H,OH,-,HELM-GPT,flexible,False,none
X1189,[*]N[C@H](CCCCN(N=C=S)N=C=S)C([*])=O |$_R1;;;;;;;;;;;;;;;_R2;$|,H,OH,-,HELM-GPT,flexible,False,none
X174,"CCN=C(NCCCC[C@@H](N[*])C([*])=O)NCCCN(C)C |w:2.1,$;;;;;;;;;;;_R1;;_R2;;;;;;;;$|",H,OH,-,HELM-GPT,flexible,False,none
X237,[*]C(=O)[C@H](Cc1ccccc1)[N-][N+]#N |$_R2;;;;;;;;;;;;;$|,-,OH,-,HELM-GPT,N_terminal_only,False,none
EtCO_F,CCOC(=O)N[C@@H](Cc1ccccc1)C([*])=O |$;;;;;;;;;;;;;;;_R2;$|,-,OH,-,HELM-GPT,N_terminal_only,False,none
X347,Oc1ccc(C[C@H](N[*])C([*])=O)cc1N(=O)=O |$;;;;;;;;_R1;;_R2;;;;;;$|,H,OH,-,HELM-GPT,flexible,False,none
X408,C[C@@](CCCNC(N)=N)(N[*])C=O |$;;;;;;;;;;_R1;;$|,H,-,-,HELM-GPT,C_terminal_only,False,none
EtCO_dCha,CCOC(=O)N[C@H](CC1CCCCC1)C([*])=O |$;;;;;;;;;;;;;;;_R2;$|,-,OH,-,HELM-GPT,N_terminal_only,False,none
X201,OC(=O)C(F)(Oc1ccc(C[C@H](N[*])C([*])=O)cc1)C(O)=O |$;;;;;;;;;;;;;_R1;;_R2;;;;;;$|,H,OH,-,HELM-GPT,flexible,False,none
X434,CC[C@@H](C)[C@H](N[*])C=O |$;;;;;;_R1;;$|,H,-,-,HELM-GPT,C_terminal_only,False,none
X683,OP(O)(=O)Oc1ccc(C[C@H](N[*])C([*])=O)nc1 |$;;;;;;;;;;;;_R1;;_R2;;;$|,H,OH,-,HELM-GPT,flexible,False,none
Boc_P,CC(C)(C)OC(=O)N1CCC[C@H]1C([*])=O |$;;;;;;;;;;;;;_R2;$|,-,OH,-,HELM-GPT,N_terminal_only,False,none
X370,CCC[C@H](N[*])C=O |$;;;;;_R1;;$|,H,-,-,HELM-GPT,C_terminal_only,False,none
X382,C[C@](N)(CCCNC(N)=N)C([*])=O |$;;;;;;;;;;;_R2;$|,-,OH,-,HELM-GPT,N_terminal_only,False,none
X1594,Oc1ccc2c(Oc3cc(O)ccc3C22OC(=O)c3cc(NC(=S)NCC([*])=O)ccc23)c1 |$;;;;;;;;;;;;;;;;;;;;;;;;;;;_R2;;;;;$|,-,OH,-,HELM-GPT,N_terminal_only,False,none
X418,CCC[C@@H]1C[C@]1(N[*])C(O)=O |$;;;;;;;_R1;;;$|,H,-,-,HELM-GPT,C_terminal_only,False,none
X500,NCCCCCCN[C@@H](CCCCN)C([*])=O |$;;;;;;;;;;;;;;;_R2;$|,-,OH,-,HELM-GPT,N_terminal_only,False,none
X1530,C[C@H]([C@H](N[*])C([*])=O)c1c(C)cccc1C |$;;;;_R1;;_R2;;;;;;;;;$|,H,OH,-,HELM-GPT,flexible,False,none
X903,F[C@@H]1C[C@H](N([*])C1)C([*])=O |$;;;;;_R1;;;_R2;$|,H,OH,-,HELM-GPT,flexible,False,none
X1920,CN([*])[C@@H](CC(C)(C)F)C([*])=O |$;;_R1;;;;;;;;_R2;$|,H,OH,-,HELM-GPT,flexible,False,none
X1553,NC(=O)NCCC[C@H](N[*])C=O |$;;;;;;;;;_R1;;$|,H,-,-,HELM-GPT,C_terminal_only,False,none
X1846,CCCCCCCCCCC(=O)C[C@H](N[*])C([*])=O |$;;;;;;;;;;;;;;;_R1;;_R2;$|,H,OH,-,HELM-GPT,flexible,False,none
X648,Oc1ccc(cc1)[C@H](N[*])C([*])=O |$;;;;;;;;;_R1;;_R2;$|,H,OH,-,HELM-GPT,flexible,False,none
X538,N[C@H](CNCC([*])=O)CC1CCCCC1 |$;;;;;;_R2;;;;;;;;$|,-,OH,-,HELM-GPT,N_terminal_only,False,none
X2563,OC(=O)C[C@H](N[*])C(=O)OCCc1ccccc1F |$;;;;;;_R1;;;;;;;;;;;;$|,H,-,-,HELM-GPT,C_terminal_only,False,none
X2556,Cc1cccc(C)c1C(=O)OCC(=O)CN[*] |$;;;;;;;;;;;;;;;;_R1$|,H,-,-,HELM-GPT,C_terminal_only,False,none
X2679,[*]N1C[C@@H](C[C@H]1C([*])=O)n1cc(nn1)C1CCCCC1 |$_R1;;;;;;;_R2;;;;;;;;;;;;$|,H,OH,-,HELM-GPT,flexible,False,none
Me_Boc_W,CN([C@@H](Cc1c[nH]c2ccccc12)C([*])=O)C(=O)OC(C)(C)C |$;;;;;;;;;;;;;;_R2;;;;;;;;$|,-,OH,-,HELM-GPT,N_terminal_only,False,none
X2611,"CC(C)[C@H](N[*])C(=O)C1=N[C@@H](C)CO1 |$;;;;;_R1;;;;;;;;$,t:8|",H,-,-,HELM-GPT,C_terminal_only,False,none
X2690,CC(C)(C)OC(=O)N[C@@H]1C[C@H](N(C1)C(=O)OC(C)(C)C)C([*])=O |$;;;;;;;;;;;;;;;;;;;;;_R2;$|,-,OH,-,HELM-GPT,N_terminal_only,False,none
E_OBzl,OC(=O)CC[C@H](N[*])C(=O)OCc1ccccc1 |$;;;;;;;_R1;;;;;;;;;;$|,H,-,-,HELM-GPT,C_terminal_only,False,none
X2637,OC[C@H](N[*])C(=O)c1nc2ccccc2[nH]1 |$;;;;_R1;;;;;;;;;;;$|,H,-,-,HELM-GPT,C_terminal_only,False,none
X2688,CCCCCCCCCCCCN[C@@H](Cc1cnc[nH]1)C([*])=O |$;;;;;;;;;;;;;;;;;;;;;_R2;$|,-,OH,-,HELM-GPT,N_terminal_only,False,none
X2685,COC(=O)NC[C@H](N[*])C=O |$;;;;;;;;_R1;;$|,H,-,-,HELM-GPT,C_terminal_only,False,none
X2627,CC[C@H](N[C@@H](CCCNC(N)=N)C([*])=O)C(=O)[C@H](CS)N[*] |$;;;;;;;;;;;;;_R2;;;;;;;;_R1$|,H,OH,-,HELM-GPT,flexible,False,none
X2531,[*]N[C@@H](CCCCNS(=O)(=O)c1ccc(cc1)N(=O)=O)C([*])=O |$_R1;;;;;;;;;;;;;;;;;;;;;_R2;$|,H,OH,-,HELM-GPT,flexible,False,none
X2559,Clc1ccc(C[C@H](NC(=O)Nc2ccccc2)C([*])=O)cc1 |$;;;;;;;;;;;;;;;;;;_R2;;;$|,-,OH,-,HELM-GPT,N_terminal_only,False,none
X2552,COC(=O)[C@H](Cc1ccc(Oc2cc(C[C@H](NC(=O)OCc3ccccc3)C([*])=O)ccc2OC)cc1)N[*] |$;;;;;;;;;;;;;;;;;;;;;;;;;;;;_R2;;;;;;;;;;_R1$|,H,OH,-,HELM-GPT,flexible,False,none
X2271,CCCCc1nc2c(N)nc3ccccc3c2n1Cc1ccc(CNC(=S)NCC([*])=O)cc1 |$;;;;;;;;;;;;;;;;;;;;;;;;;;;;;;_R2;;;$|,-,OH,-,HELM-GPT,N_terminal_only,False,none
X2404,COc1cc(C)c([C@H](C)[C@H](N[*])C([*])=O)c(C)c1 |$;;;;;;;;;;;_R1;;_R2;;;;$|,H,OH,-,HELM-GPT,flexible,False,none
X2360,[*]N[C@]1(Cc2ccccc2)CNC1=O |$_R1;;;;;;;;;;;;;$|,H,-,-,HELM-GPT,C_terminal_only,False,none
X2368,CC(C)[C@H](N[*])C(=O)C(F)(F)CNC(=O)OC(C)(C)C |$;;;;;_R1;;;;;;;;;;;;;;$|,H,-,-,HELM-GPT,C_terminal_only,False,none
X2431,CC(C)C[C@H](N[*])C(=O)c1nc2ccccc2o1 |$;;;;;;_R1;;;;;;;;;;;$|,H,-,-,HELM-GPT,C_terminal_only,False,none
X2383,CC(C)C[C@H](NC(=O)NCc1ccc(Cl)c(Cl)c1)C([*])=O |$;;;;;;;;;;;;;;;;;;;_R2;$|,-,OH,-,HELM-GPT,N_terminal_only,False,none
X2372,NC(=N)NCCC[C@H](N[*])C(=O)c1nc2ccc(F)cc2s1 |$;;;;;;;;;_R1;;;;;;;;;;;;$|,H,-,-,HELM-GPT,C_terminal_only,False,none
Boc_Tyr(Bzl),CC(C)(C)OC(=O)N[C@@H](Cc1ccc(OCc2ccccc2)cc1)C([*])=O |$;;;;;;;;;;;;;;;;;;;;;;;;;_R2;$|,-,OH,-,HELM-GPT,N_terminal_only,False,none
X2280,"CC(C)C[C@H](N[*])C(=O)CN1CCC=C(C1)C(O)=O |$;;;;;;_R1;;;;;;;;;;;;$,c:13|",H,-,-,HELM-GPT,C_terminal_only,False,none
X532,CC[C@H](C)C[C@H](N[*])C([*])=O |$;;;;;;;_R1;;_R2;$|,H,OH,-,HELM-GPT,flexible,False,none
X592,Clc1ccccc1C[C@H](N[*])C([*])=O |$;;;;;;;;;;_R1;;_R2;$|,H,OH,-,HELM-GPT,flexible,False,none
X467,CCOC(=O)N[C@H](Cc1csc2ccccc12)C([*])=O |$;;;;;;;;;;;;;;;;;;_R2;$|,-,OH,-,HELM-GPT,N_terminal_only,False,none
X536,[*]N[C@@H](CCCCNCc1ccccc1)C([*])=O |$_R1;;;;;;;;;;;;;;;;_R2;$|,H,OH,-,HELM-GPT,flexible,False,none
X662,COc1ccccc1C[C@H](N[*])C(O)=O |$;;;;;;;;;;;_R1;;;$|,H,-,-,HELM-GPT,C_terminal_only,False,none
X700,[*]C(=O)[C@H](CCCNCCN1CCNCC1)[N-][N+]#N |$_R2;;;;;;;;;;;;;;;;;;$|,-,OH,-,HELM-GPT,N_terminal_only,False,none
X663,CC(C)[C@@H]1C[C@]1(N[*])C([*])=O |$;;;;;;;_R1;;_R2;$|,H,OH,-,HELM-GPT,flexible,False,none
K_OMe,COC(=O)[C@H](CCCCN)N[*] |$;;;;;;;;;;;_R1$|,H,-,-,HELM-GPT,C_terminal_only,False,none
Cbz_Y,Oc1ccc(C[C@H](NC(=O)OCc2ccccc2)C([*])=O)cc1 |$;;;;;;;;;;;;;;;;;;;_R2;;;$|,-,OH,-,HELM-GPT,N_terminal_only,False,none
I_OMe,CC[C@H](C)[C@H](N[*])C(=O)OC |$;;;;;;_R1;;;;$|,H,-,-,HELM-GPT,C_terminal_only,False,none
X900,OC(=O)CC[C@H](NCCCc1ccc(F)c(F)c1F)C([*])=O |$;;;;;;;;;;;;;;;;;;;;_R2;$|,-,OH,-,HELM-GPT,N_terminal_only,False,none
X774,CC(C)(C)OC(=O)[C@H](Cc1c[nH]c2ccccc12)N[*] |$;;;;;;;;;;;;;;;;;;;_R1$|,H,-,-,HELM-GPT,C_terminal_only,False,none
X842,CNC(=N)NCCC[C@H](N[*])C([*])=O |$;;;;;;;;;;_R1;;_R2;$|,H,OH,-,HELM-GPT,flexible,False,none
X895,Cc1cc(C[C@@H](N[*])C([*])=O)c(C)cc1O |$;;;;;;;_R1;;_R2;;;;;;$|,H,OH,-,HELM-GPT,flexible,False,none
X915,[NH3+][C@@H](Cc1c[nH]c2ccccc12)C([*])=O |$;;;;;;;;;;;;;_R2;$|,-,OH,-,HELM-GPT,N_terminal_only,False,none
X494,OC[C@H](NC(=O)N1CCOCC1)C([*])=O |$;;;;;;;;;;;;;_R2;$|,-,OH,-,HELM-GPT,N_terminal_only,False,none
X516,C[C@H](NC[C@@H](N)CS)C([*])=O |$;;;;;;;;;_R2;$|,-,OH,-,HELM-GPT,N_terminal_only,False,none
X651,[*]C(=O)C[N-][N+]#N |$_R2;;;;;;$|,-,OH,-,HELM-GPT,N_terminal_only,False,none
X644,[*]C(=O)CN1CCOCC1 |$_R2;;;;;;;;;$|,-,OH,-,HELM-GPT,N_terminal_only,False,none
X2859,COc1ccc(NC(=O)NCCCC[C@H](N[*])C([*])=O)cc1 |$;;;;;;;;;;;;;;;;_R1;;_R2;;;$|,H,OH,-,HELM-GPT,flexible,False,none
X3012,[*]NCC(=O)Oc1ccc(cc1)N(=O)=O |$_R1;;;;;;;;;;;;;;$|,H,-,-,HELM-GPT,C_terminal_only,False,none
X3021,Clc1ccc(C[C@@H](N[*])C([*])=O)c(Cl)c1 |$;;;;;;;;_R1;;_R2;;;;$|,H,OH,-,HELM-GPT,flexible,False,none
X2852,CC(C)(C)NC(=O)NCCCC[C@H](N[*])C([*])=O |$;;;;;;;;;;;;;;_R1;;_R2;$|,H,OH,-,HELM-GPT,flexible,False,none
X2890,FC(F)(F)C(F)(F)C(=O)[C@H](Cc1ccccc1)N[*] |$;;;;;;;;;;;;;;;;;;_R1$|,H,-,-,HELM-GPT,C_terminal_only,False,none
X2857,[*]C(=O)[C@H](Cc1c[nH]c2ccccc12)NC(=O)NC1CCCCC1 |$_R2;;;;;;;;;;;;;;;;;;;;;;;$|,-,OH,-,HELM-GPT,N_terminal_only,False,none
X2896,N[C@H](CCC(=O)NC(=O)OCc1ccccc1)C([*])=O |$;;;;;;;;;;;;;;;;;;_R2;$|,-,OH,-,HELM-GPT,N_terminal_only,False,none
X2867,"CC(=O)N([C@@H](Cc1ccc(F)cc1)C([*])=O)C(=O)C=Cc1ccc(O)cc1 |w:18.18,$;;;;;;;;;;;;;;_R2;;;;;;;;;;;;$|",-,OH,-,HELM-GPT,N_terminal_only,False,none
X2483,CCCn1cc(C(=O)[C@@H](N[*])C([*])=O)c2ccccc12 |$;;;;;;;;;;_R1;;_R2;;;;;;;$|,H,OH,-,HELM-GPT,flexible,False,none
X1432,OC(=O)c1cc(C[C@H](N[*])C([*])=O)ccc1O |$;;;;;;;;;_R1;;_R2;;;;;$|,H,OH,-,HELM-GPT,flexible,False,none
X14,[*]N1C[C@@H](C[C@H]1C([*])=O)OCc1cccc2ccccc12 |$_R1;;;;;;;_R2;;;;;;;;;;;;;$|,H,OH,-,HELM-GPT,flexible,False,none
X1570,Oc1ccc(C[C@H](NCc2ccsc2)C([*])=O)cc1 |$;;;;;;;;;;;;;;;_R2;;;$|,-,OH,-,HELM-GPT,N_terminal_only,False,none
X63,CCCCCCC(=O)OC[C@H](N[*])C([*])=O |$;;;;;;;;;;;;_R1;;_R2;$|,H,OH,-,HELM-GPT,flexible,False,none
X2262,OP(O)(=O)N([C@@H](Cc1ccccc1)C([*])=O)C(=O)OCc1ccccc1 |$;;;;;;;;;;;;;;_R2;;;;;;;;;;;$|,-,OH,-,HELM-GPT,N_terminal_only,False,none
X799,C[C@@](CCC=C)(N[*])C([*])=O |$;;;;;;;_R1;;_R2;$|,H,OH,-,HELM-GPT,flexible,False,none
X942,[*]N[C@@H](C[C@@H]1CCNC1=O)C(=O)c1nccs1 |$_R1;;;;;;;;;;;;;;;;$|,H,-,-,HELM-GPT,C_terminal_only,False,none
X735,CC(C)[C@H](N(Cc1ccccc1)Cc1ccccc1)C([*])=O |$;;;;;;;;;;;;;;;;;;;;_R2;$|,-,OH,-,HELM-GPT,N_terminal_only,False,none
X948,CC(C)C[C@H](N[*])C(=O)[C@@]1(CO)CO1 |$;;;;;;_R1;;;;;;;$|,H,-,-,HELM-GPT,C_terminal_only,False,none
X1214,[*]N(CC([*])=O)S(=O)(=O)c1ccc(cc1)-c1ccccc1 |$_R1;;;;_R2;;;;;;;;;;;;;;;;$|,H,OH,-,HELM-GPT,flexible,False,none
X1183,CCCCCN([*])CC([*])=O |$;;;;;;_R1;;;_R2;$|,H,OH,-,HELM-GPT,flexible,False,none
X1120,CC(C)c1ncc(C[C@H](N[*])C([*])=O)[nH]1 |$;;;;;;;;;;_R1;;_R2;;$|,H,OH,-,HELM-GPT,flexible,False,none
dPhe(4-NH2),Nc1ccc(C[C@@H](N[*])C([*])=O)cc1 |$;;;;;;;;_R1;;_R2;;;$|,H,OH,-,HELM-GPT,flexible,False,none
X1089,COC(=O)[C@H](Cc1ccc(OC(=O)C=C(C)C)cc1)N[*] |$;;;;;;;;;;;;;;;;;;;;_R1$|,H,-,-,HELM-GPT,C_terminal_only,False,none
X823,Brc1cccc(O[C@@H]2C[C@H](N([*])C2)C([*])=O)c1 |$;;;;;;;;;;;_R1;;;_R2;;$|,H,OH,-,HELM-GPT,flexible,False,none
X982,"CCCCN=C(NCCCC[C@H](N[*])C([*])=O)NC#N |w:4.3,$;;;;;;;;;;;;;_R1;;_R2;;;;$|",H,OH,-,HELM-GPT,flexible,False,none
X995,[*]N1C[C@H](C[C@H]1C([*])=O)n1cc(Cn2nnc3ccccc23)nn1 |$_R1;;;;;;;_R2;;;;;;;;;;;;;;;;$|,H,OH,-,HELM-GPT,flexible,False,none
X890,CCc1ccc(cc1)-c1cn(nn1)[C@H]1C[C@H](N([*])C1)C([*])=O |$;;;;;;;;;;;;;;;;;_R1;;;_R2;$|,H,OH,-,HELM-GPT,flexible,False,none
X1031,[*]C(=O)[C@@H]1CCCCN1C(=O)OCc1ccccc1 |$_R2;;;;;;;;;;;;;;;;;;$|,-,OH,-,HELM-GPT,N_terminal_only,False,none
X787,Nc1nnc(NCCC[C@@H](N[*])C([*])=O)[nH]1 |$;;;;;;;;;;;_R1;;_R2;;$|,H,OH,-,HELM-GPT,flexible,False,none
X1857,CN(C)CCNC(=O)O[C@@H]1C[C@H](N([*])C1)C([*])=O |$;;;;;;;;;;;;;_R1;;;_R2;$|,H,OH,-,HELM-GPT,flexible,False,none
X2059,CCCCCCN(CCCCCC)[C@H](CS[*])C([*])=O |$;;;;;;;;;;;;;;;;_R3;;_R2;$|,-,OH,H,HELM-GPT,N_terminal_only,True,none
X2023,C[C@@H]([C@@H](N[*])C([*])=O)c1ccc2ccccc2c1 |$;;;;_R1;;_R2;;;;;;;;;;;$|,H,OH,-,HELM-GPT,flexible,False,none
dPen_Me,CC(=O)[C@H](N[*])C(C)(C)S[*] |$;;;;;_R1;;;;;_R3$|,H,-,H,HELM-GPT,C_terminal_only,True,none
X2065,C[C@@H](O)[C@H](N[*])C=O |$;;;;;_R1;;$|,H,-,-,HELM-GPT,C_terminal_only,False,none
X1685,OCCCCOC[C@@H](N[*])C([*])=O |$;;;;;;;;;_R1;;_R2;$|,H,OH,-,HELM-GPT,flexible,False,none
X1767,[*]N[C@H](Cc1cc2ccccc2[nH]1)C([*])=O |$_R1;;;;;;;;;;;;;;_R2;$|,H,OH,-,HELM-GPT,flexible,False,none
X1828,CC[C@H](C)C[C@H](N(C)[*])C([*])=O |$;;;;;;;;_R1;;_R2;$|,H,OH,-,HELM-GPT,flexible,False,none
X1902,"COCOC(=O)C=CC[C@@H](C)[C@@H](O)[C@H](N(C)[*])C([*])=O |w:7.7,$;;;;;;;;;;;;;;;;_R1;;_R2;$|",H,OH,-,HELM-GPT,flexible,False,none
X1931,C[C@H](C[C@H]1OC11CC1)[C@@H](O[Si](C)(C)C(C)(C)C)[C@H](N(C)[*])C([*])=O |$;;;;;;;;;;;;;;;;;;;;_R1;;_R2;$|,H,OH,-,HELM-GPT,flexible,False,none
X1944,C[C@H](CO)[C@@H](O)[C@H](N(C)[*])C([*])=O |$;;;;;;;;;_R1;;_R2;$|,H,OH,-,HELM-GPT,flexible,False,none
X1720,CC(C)(C)OC(=O)n1cc(C[C@H](N[*])C([*])=O)c2ccccc12 |$;;;;;;;;;;;;;_R1;;_R2;;;;;;;$|,H,OH,-,HELM-GPT,flexible,False,none
X1896,CN1CCC[C@@H](N1[*])C([*])=O |$;;;;;;;_R1;;_R2;$|,H,OH,-,HELM-GPT,flexible,False,none
Me_Nal,CN([*])[C@@H](Cc1ccc2ccccc2c1)C([*])=O |$;;_R1;;;;;;;;;;;;;;_R2;$|,H,OH,-,HELM-GPT,flexible,False,none
X1809,CC(=O)[C@@H](CS(O)(=O)=O)[C@H](N[*])C([*])=O |$;;;;;;;;;;;_R1;;_R2;$|,H,OH,-,HELM-GPT,flexible,False,none
X1753,CC(=O)SCCOCC[C@H](N[*])C([*])=O |$;;;;;;;;;;;_R1;;_R2;$|,H,OH,-,HELM-GPT,flexible,False,none
X1819,CCN(CC)CCC[C@@H](N[*])C([*])=O |$;;;;;;;;;;_R1;;_R2;$|,H,OH,-,HELM-GPT,flexible,False,none
X1742,FC(F)(F)[C@@](Cc1ccccc1)(N[*])C([*])=O |$;;;;;;;;;;;;;_R1;;_R2;$|,H,OH,-,HELM-GPT,flexible,False,none
X1715,COC(=O)n1cc(C[C@@H](N[*])C([*])=O)c2ccccc12 |$;;;;;;;;;;_R1;;_R2;;;;;;;$|,H,OH,-,HELM-GPT,flexible,False,none
X53,Cc1ccccc1-c1ccc(C[C@H](N[*])C([*])=O)cc1 |$;;;;;;;;;;;;;;_R1;;_R2;;;$|,H,OH,-,HELM-GPT,flexible,False,none
Lys(2-MP),[*]N[C@@H](CCCCNCc1ccccn1)C([*])=O |$_R1;;;;;;;;;;;;;;;;_R2;$|,H,OH,-,HELM-GPT,flexible,False,none
Tml,C[N+](C)(C)CCCC[C@H](N[*])C([*])=O |$;;;;;;;;;;_R1;;_R2;$|,H,OH,-,HELM-GPT,flexible,False,none
X290,NCCNCCNCCC[C@H]([N-][N+]#N)C([*])=O |$;;;;;;;;;;;;;;;_R2;$|,-,OH,-,HELM-GPT,N_terminal_only,False,none
X126,[*]N[C@@H](S[*])C([*])=O |$_R1;;;;_R3;;_R2;$|,H,OH,H,HELM-GPT,flexible,True,none
X128,[*]N[C@@H]([C@@H]1CCc2ccccc12)C([*])=O |$_R1;;;;;;;;;;;;;_R2;$|,H,OH,-,HELM-GPT,flexible,False,none
X297,C[C@H](N([*])C1CCCCC1)C([*])=O |$;;;_R1;;;;;;;;_R2;$|,H,OH,-,HELM-GPT,flexible,False,none
P_OBzl,[*]N1CCC[C@H]1C(=O)OCc1ccccc1 |$_R1;;;;;;;;;;;;;;;$|,H,-,-,HELM-GPT,C_terminal_only,False,none
X150,OC(=O)CC[C@H](NCCc1ccccc1)C([*])=O |$;;;;;;;;;;;;;;;;_R2;$|,-,OH,-,HELM-GPT,N_terminal_only,False,none
X214,CS(=O)CC[C@@H](N[*])C([*])=O |$;;;;;;;_R1;;_R2;$|,H,OH,-,HELM-GPT,flexible,False,none
X112,NCCCC[C@H](N[*])C=O |$;;;;;;;_R1;;$|,H,-,-,HELM-GPT,C_terminal_only,False,none
X114,[*]N[C@@H](Cc1ccc(cc1)-c1ccccc1)C([*])=O |$_R1;;;;;;;;;;;;;;;;;_R2;$|,H,OH,-,HELM-GPT,flexible,False,none
X420,"CCCCN=C(NCCCC[C@@H](N[*])C([*])=O)NC#N |w:4.3,$;;;;;;;;;;;;;_R1;;_R2;;;;$|",H,OH,-,HELM-GPT,flexible,False,none
X2755,CN1CCC(CC(=O)[C@H](Cc2ccc(O)cc2)N[C@@H](Cc2ccccc2)C([*])=O)(CC1)S[*] |$;;;;;;;;;;;;;;;;;;;;;;;;;;;_R2;;;;;_R3$|,-,OH,H,HELM-GPT,N_terminal_only,True,none
X2762,OC[C@@H]1[C@H](O)[C@H](O)[C@@H](O)CN1CCCC[C@H](N[*])C([*])=O |$;;;;;;;;;;;;;;;;;_R1;;_R2;$|,H,OH,-,HELM-GPT,flexible,False,none
X2783,Fc1cccc(F)c1C(=O)OCC(=O)[C@@H](Cc1ccccc1)N[*] |$;;;;;;;;;;;;;;;;;;;;;;;_R1$|,H,-,-,HELM-GPT,C_terminal_only,False,none
X2841,"Fc1ccc(C[C@H](N[*])C(=O)NC(=O)C=Cc2ccccc2)cc1 |w:14.13,$;;;;;;;;_R1;;;;;;;;;;;;;;;$|",H,-,-,HELM-GPT,C_terminal_only,False,none
X2656,CC(C)CN(C(=O)N[C@@H](CCCNC(N)=N)C([*])=O)C(=O)[C@H](CS[*])N[*] |$;;;;;;;;;;;;;;;;;_R2;;;;;;;_R3;;_R1$|,H,OH,H,HELM-GPT,flexible,True,none
X2815,C[C@H](NS(=O)(=O)c1cccnc1)C([*])=O |$;;;;;;;;;;;;;_R2;$|,-,OH,-,HELM-GPT,N_terminal_only,False,none
X2252,"COC1=CC(=O)N([C@H]1Cc1ccccc1)C(=O)[C@@H](OC(=O)[C@@H](C)N(C)[*])C(C)C |$;;;;;;;;;;;;;;;;;;;;;;;;;_R1;;;$,t:2|",H,-,-,HELM-GPT,C_terminal_only,False,none
X2832,"[*]N[C@@H](CCCNC(=N)NC1CC1)C([*])=O |w:9.9,$_R1;;;;;;;;;;;;;;_R2;$|",H,OH,-,HELM-GPT,flexible,False,none
X2461,C[C@](Cc1ccc(cc1)C(O)=O)(N[*])C([*])=O |$;;;;;;;;;;;;;_R1;;_R2;$|,H,OH,-,HELM-GPT,flexible,False,none
X2333,NC(=N)NCCC[C@H](NC(=O)N[C@@H](Cc1ccccc1)C(O)=O)C([*])=O |$;;;;;;;;;;;;;;;;;;;;;;;;_R2;$|,-,OH,-,HELM-GPT,N_terminal_only,False,none
X2796,"CC(=O)N([C@@H](Cc1ccc(F)cc1)C([*])=O)C(=O)C=Cc1ccc(F)cc1 |w:18.18,$;;;;;;;;;;;;;;_R2;;;;;;;;;;;;$|",-,OH,-,HELM-GPT,N_terminal_only,False,none
X2177,COc1ccccc1NCC([*])=O |$;;;;;;;;;;;_R2;$|,-,OH,-,HELM-GPT,N_terminal_only,False,none
dOrn,[*]N[C@H](CCCN[*])C([*])=O |$_R1;;;;;;;_R3;;_R2;$|,H,OH,H,HELM-GPT,flexible,True,none
X2839,CC(=O)N([C@@H](Cc1ccc(F)cc1)C([*])=O)C(=O)CCCN |$;;;;;;;;;;;;;;_R2;;;;;;;$|,-,OH,-,HELM-GPT,N_terminal_only,False,none
X2758,COc1cccc2c(O[C@@H]3C[C@H](N([*])C3)C([*])=O)cc(nc12)-c1ccccc1 |$;;;;;;;;;;;;;_R1;;;_R2;;;;;;;;;;;$|,H,OH,-,HELM-GPT,flexible,False,none
X2781,[*]N[C@H](C=O)C(C1CCCCC1)C1CCCCC1 |$_R1;;;;;;;;;;;;;;;;;$|,H,-,-,HELM-GPT,C_terminal_only,False,none
X1778,CC(C)[C@@H](O)[C@H](N(C)[*])C([*])=O |$;;;;;;;;_R1;;_R2;$|,H,OH,-,HELM-GPT,flexible,False,none
X2078,[*]N1C[C@@H](C[C@H]1C([*])=O)OC(=O)N1CCCC1 |$_R1;;;;;;;_R2;;;;;;;;;$|,H,OH,-,HELM-GPT,flexible,False,none
X2085,[*]N1C[C@@H](C[C@H]1C([*])=O)OC(=O)N1Cc2ccccc2C1 |$_R1;;;;;;;_R2;;;;;;;;;;;;;$|,H,OH,-,HELM-GPT,flexible,False,none
Cbz_dV,CC(C)[C@@H](NC(=O)OCc1ccccc1)C([*])=O |$;;;;;;;;;;;;;;;;_R2;$|,-,OH,-,HELM-GPT,N_terminal_only,False,none
X2123,Oc1ccc(C[C@H](NNCc2ccccc2)C([*])=O)cc1 |$;;;;;;;;;;;;;;;;;_R2;;;$|,-,OH,-,HELM-GPT,N_terminal_only,False,none
X2249,CC[C@@]1(OC(=O)CN[*])C(=O)OCc2c1cc1-c3nc4ccccc4cc3Cn1c2=O |$;;;;;;;;_R1;;;;;;;;;;;;;;;;;;;;;;$|,H,-,-,HELM-GPT,C_terminal_only,False,none
X2199,N[C@@H](CCC(O)=O)C(=O)c1cccc(NC(=O)N[C@@H](CO)C([*])=O)c1 |$;;;;;;;;;;;;;;;;;;;;;;_R2;;$|,-,OH,-,HELM-GPT,N_terminal_only,False,none
X2183,CC(C)(C)OC(=O)N(CCS)CC([*])=O |$;;;;;;;;;;;;;_R2;$|,-,OH,-,HELM-GPT,N_terminal_only,False,none
X2163,NCCCC[C@H](N[*])C(=O)NC(=O)N1CCC[C@H]1C([*])=O |$;;;;;;;_R1;;;;;;;;;;;;_R2;$|,H,OH,-,HELM-GPT,flexible,False,none
X2168,CC(C)OC(=O)C(=O)[C@H](CCCCN)N[*] |$;;;;;;;;;;;;;;;_R1$|,H,-,-,HELM-GPT,C_terminal_only,False,none
X2133,CC[C@H](C)[C@H](NOC(=O)CN[*])C([*])=O |$;;;;;;;;;;;_R1;;_R2;$|,H,OH,-,HELM-GPT,flexible,False,none
dAze,[*]N1CC[C@@H]1C([*])=O |$_R1;;;;;;_R2;$|,H,OH,-,HELM-GPT,flexible,False,none
X2137,[*]C(=O)[C@@H]1CCCCN1CC(=O)c1ccc(cc1)-c1ccccc1 |$_R2;;;;;;;;;;;;;;;;;;;;;;;$|,-,OH,-,HELM-GPT,N_terminal_only,False,none
X2162,NC(=N)NCCC[C@H](N[*])C(=O)c1nc2ccccc2[nH]1 |$;;;;;;;;;_R1;;;;;;;;;;;$|,H,-,-,HELM-GPT,C_terminal_only,False,none
X2160,CN(C)CCCNCC([*])=O |$;;;;;;;;;_R2;$|,-,OH,-,HELM-GPT,N_terminal_only,False,none
X1014,CC(=C)C[C@H](N[*])C([*])=O |$;;;;;;_R1;;_R2;$|,H,OH,-,HELM-GPT,flexible,False,none
X1289,CCN(C(=O)N[C@@H](C(C)C)C([*])=O)c1ccccc1 |$;;;;;;;;;;;_R2;;;;;;;$|,-,OH,-,HELM-GPT,N_terminal_only,False,none
X1367,CC(C)[C@H](N[*])C(=O)c1ccccc1 |$;;;;;_R1;;;;;;;;$|,H,-,-,HELM-GPT,C_terminal_only,False,none
X1440,CCOCCOCCNC(=O)N[C@H](Cc1ccc2ccccc2c1)C([*])=O |$;;;;;;;;;;;;;;;;;;;;;;;;;_R2;$|,-,OH,-,HELM-GPT,N_terminal_only,False,none
X1387,CC[C@@H](NCCCC1CCCCC1)C([*])=O |$;;;;;;;;;;;;;;_R2;$|,-,OH,-,HELM-GPT,N_terminal_only,False,none
X1227,O[C@@H]1CCN([*])[C@@H]1C([*])=O |$;;;;;_R1;;;_R2;$|,H,OH,-,HELM-GPT,flexible,False,none
X1243,[*]N[C@@H](Cc1cn[nH]c1)C([*])=O |$_R1;;;;;;;;;;_R2;$|,H,OH,-,HELM-GPT,flexible,False,none
X1402,CC(C)C[C@@H](NC(=O)N1CCCCCC1)C([*])=O |$;;;;;;;;;;;;;;;;_R2;$|,-,OH,-,HELM-GPT,N_terminal_only,False,none
X1466,[*]N1C[C@H](C[C@H]1C([*])=O)n1cc(nn1)-c1ccccc1 |$_R1;;;;;;;_R2;;;;;;;;;;;;$|,H,OH,-,HELM-GPT,flexible,False,none
X1459,CCN[C@@H](Cc1ccc2ccccc2c1)C([*])=O |$;;;;;;;;;;;;;;;;_R2;$|,-,OH,-,HELM-GPT,N_terminal_only,False,none
X1129,CC(C)NCCCC[C@@H](N[*])C([*])=O |$;;;;;;;;;;_R1;;_R2;$|,H,OH,-,HELM-GPT,flexible,False,none
X1140,CC(C)[C@H](N[*])C(=O)c1ccccn1 |$;;;;;_R1;;;;;;;;$|,H,-,-,HELM-GPT,C_terminal_only,False,none
X180,[*]N[C@@H](Cc1ncc[nH]1)C([*])=O |$_R1;;;;;;;;;;_R2;$|,H,OH,-,HELM-GPT,flexible,False,none
X323,Cc1ccc(CO[C@@H]2C[C@H](N([*])C2)C([*])=O)cc1 |$;;;;;;;;;;;_R1;;;_R2;;;$|,H,OH,-,HELM-GPT,flexible,False,none
X248,CCSC[C@H](N[*])C([*])=O |$;;;;;;_R1;;_R2;$|,H,OH,-,HELM-GPT,flexible,False,none
Lys(Me)2,CN(C)CCCC[C@H](N[*])C([*])=O |$;;;;;;;;;_R1;;_R2;$|,H,OH,-,HELM-GPT,flexible,False,none
X409,[*]NC1(CCC1)C([*])=O |$_R1;;;;;;;_R2;$|,H,OH,-,HELM-GPT,flexible,False,none
X411,Oc1ccc(C[C@H](NCC2CC2)C([*])=O)cc1 |$;;;;;;;;;;;;;_R2;;;$|,-,OH,-,HELM-GPT,N_terminal_only,False,none
X635,CSCC[C@H](N[*])C(=O)ON |$;;;;;;_R1;;;;$|,H,-,-,HELM-GPT,C_terminal_only,False,none
X400,FC(F)(F)CC[C@H](N[*])C([*])=O |$;;;;;;;;_R1;;_R2;$|,H,OH,-,HELM-GPT,flexible,False,none
dNva_OBzl,CCC[C@@H](N[*])C(=O)OCc1ccccc1 |$;;;;;_R1;;;;;;;;;;$|,H,-,-,HELM-GPT,C_terminal_only,False,none
X269,Cc1ccccc1CO[C@@H]1C[C@H](N([*])C1)C([*])=O |$;;;;;;;;;;;;;_R1;;;_R2;$|,H,OH,-,HELM-GPT,flexible,False,none
X562,CN(C)CCCC[C@H]([N-][N+]#N)C([*])=O |$;;;;;;;;;;;;_R2;$|,-,OH,-,HELM-GPT,N_terminal_only,False,none
Boc_M,CSCC[C@H](NC(=O)OC(C)(C)C)C([*])=O |$;;;;;;;;;;;;;;_R2;$|,-,OH,-,HELM-GPT,N_terminal_only,False,none
dLys(2-MP),[*]N[C@H](CCCCNCc1ccccn1)C([*])=O |$_R1;;;;;;;;;;;;;;;;_R2;$|,H,OH,-,HELM-GPT,flexible,False,none
Me_Spg,CN([*])C1(CCCC1)C([*])=O |$;;_R1;;;;;;;_R2;$|,H,OH,-,HELM-GPT,flexible,False,none
X1506,C[C@@](Cc1c(F)cccc1F)(N[*])C([*])=O |$;;;;;;;;;;;;_R1;;_R2;$|,H,OH,-,HELM-GPT,flexible,False,none
X119,CCCC[C@H](N[*])C(=O)c1nc2ccccc2s1 |$;;;;;;_R1;;;;;;;;;;;$|,H,-,-,HELM-GPT,C_terminal_only,False,none
X779,OC(=O)N[C@@H](Cc1ccccc1)C([*])=O |$;;;;;;;;;;;;;_R2;$|,-,OH,-,HELM-GPT,N_terminal_only,False,none
X1548,[*]N[C@@H](CC1c2ccccc2-c2ccccc12)C([*])=O |$_R1;;;;;;;;;;;;;;;;;;_R2;$|,H,OH,-,HELM-GPT,flexible,False,none
X1138,CC(C)(C)OC(=O)CC[C@@H](N[*])C=O |$;;;;;;;;;;;_R1;;$|,H,-,-,HELM-GPT,C_terminal_only,False,none
EtCO_G,CCOC(=O)NCC([*])=O |$;;;;;;;;_R2;$|,-,OH,-,HELM-GPT,N_terminal_only,False,none
X1099,Cc1cc(C)c(C[C@H](N[*])C=O)c(C)c1 |$;;;;;;;;;_R1;;;;;$|,H,-,-,HELM-GPT,C_terminal_only,False,none
X99,CC(C)[C@H](NS(C)(=O)=O)C([*])=O |$;;;;;;;;;;_R2;$|,-,OH,-,HELM-GPT,N_terminal_only,False,none
X1659,C[C@@H]1CC[C@]1(N[*])C([*])=O |$;;;;;;_R1;;_R2;$|,H,OH,-,HELM-GPT,flexible,False,none
X2537,OC(=O)C[C@H](N[*])C(=O)COC(=O)C(Cc1ccccc1)Cc1ccccc1 |$;;;;;;_R1;;;;;;;;;;;;;;;;;;;;;$|,H,-,-,HELM-GPT,C_terminal_only,False,none
X2570,CCN(CC)CCCNCC([*])=O |$;;;;;;;;;;;_R2;$|,-,OH,-,HELM-GPT,N_terminal_only,False,none
X2583,[*]N[C@@H](CCCCCC=O)C([*])=O |$_R1;;;;;;;;;;;_R2;$|,H,OH,-,HELM-GPT,flexible,False,none
X2607,SC[C@H](NC(=O)OCc1ccccc1)C([*])=O |$;;;;;;;;;;;;;;;_R2;$|,-,OH,-,HELM-GPT,N_terminal_only,False,none
X2592,COc1cc(C)c([C@@H](C)[C@@H](N[*])C([*])=O)c(C)c1 |$;;;;;;;;;;;_R1;;_R2;;;;$|,H,OH,-,HELM-GPT,flexible,False,none
X2603,CC(C)(S)[C@H](N[*])C(=O)NC(=O)N[C@@H](Cc1cnc[nH]1)C([*])=O |$;;;;;;_R1;;;;;;;;;;;;;;;_R2;$|,H,OH,-,HELM-GPT,flexible,False,none
X2634,CC(C)[C@H](N[*])C(=O)c1nn(-c2ccc(cc2)N(C)C)c(=O)o1 |$;;;;;_R1;;;;;;;;;;;;;;;;;$|,H,-,-,HELM-GPT,C_terminal_only,False,none
X2663,CC(C)[C@H](N[*])C(=O)c1nc2cc(ccc2o1)C(O)=O |$;;;;;_R1;;;;;;;;;;;;;;$|,H,-,-,HELM-GPT,C_terminal_only,False,none
X2594,CCN(CC)[C@@H](CC(C)(C)C)C([*])=O |$;;;;;;;;;;;;_R2;$|,-,OH,-,HELM-GPT,N_terminal_only,False,none
X2747,[*]N1C[C@@H](C[C@H]1C([*])=O)n1ccnn1 |$_R1;;;;;;;_R2;;;;;;$|,H,OH,-,HELM-GPT,flexible,False,none
X2624,COc1ccc2c(O[C@@H]3C[C@H](N([*])C3)C([*])=O)cc(nc2c1OC)-c1ccccc1 |$;;;;;;;;;;;;_R1;;;_R2;;;;;;;;;;;;;;$|,H,OH,-,HELM-GPT,flexible,False,none
X2644,CS(=O)(=O)N[C@@H](Cc1cnc[nH]1)C([*])=O |$;;;;;;;;;;;;;_R2;$|,-,OH,-,HELM-GPT,N_terminal_only,False,none
X2700,CC(C)C[C@H](NC(=O)NCc1ccccc1)C([*])=O |$;;;;;;;;;;;;;;;;;_R2;$|,-,OH,-,HELM-GPT,N_terminal_only,False,none
X2748,CCCC(=O)C(=O)[C@H](CC1CCCCC1)N[*] |$;;;;;;;;;;;;;;;;_R1$|,H,-,-,HELM-GPT,C_terminal_only,False,none
EtCO_Phe(4-Cl),CCOC(=O)N[C@@H](Cc1ccc(Cl)cc1)C([*])=O |$;;;;;;;;;;;;;;;;_R2;$|,-,OH,-,HELM-GPT,N_terminal_only,False,none
X2577,CC[C@H](C)[C@H](NNCC(=O)[C@H](Cc1ccc(O)cc1)N[*])C([*])=O |$;;;;;;;;;;;;;;;;;;;;_R1;;_R2;$|,H,OH,-,HELM-GPT,flexible,False,none
X2344,NCCCC[C@@H](NC(=O)N[C@@H](Cc1ccccc1)C(O)=O)C([*])=O |$;;;;;;;;;;;;;;;;;;;;;;_R2;$|,-,OH,-,HELM-GPT,N_terminal_only,False,none
X2428,CCOc1cccnc1C(=O)[C@@H](N[*])C(C)C |$;;;;;;;;;;;;;_R1;;;$|,H,-,-,HELM-GPT,C_terminal_only,False,none
X2416,[*]N(CC([*])=O)c1ccc(Oc2ccccc2)cc1 |$_R1;;;;_R2;;;;;;;;;;;;;;$|,H,OH,-,HELM-GPT,flexible,False,none
X2417,OC(=O)C[C@H](N[*])C(=O)c1ncc([nH]1)-c1ccccc1 |$;;;;;;_R1;;;;;;;;;;;;;$|,H,-,-,HELM-GPT,C_terminal_only,False,none
X2418,COC(=O)CCC(=O)[C@H](CCCNC(N)=N)N[*] |$;;;;;;;;;;;;;;;;;_R1$|,H,-,-,HELM-GPT,C_terminal_only,False,none
X2401,NC(=S)NCCCC[C@H](N[*])C([*])=O |$;;;;;;;;;;_R1;;_R2;$|,H,OH,-,HELM-GPT,flexible,False,none
X2459,CC(C)[C@H](NCc1ccccc1S)C([*])=O |$;;;;;;;;;;;;;;_R2;$|,-,OH,-,HELM-GPT,N_terminal_only,False,none
X2269,NCCCC[C@H](NC(=O)OCc1cc(=O)c(O)co1)C([*])=O |$;;;;;;;;;;;;;;;;;;;;_R2;$|,-,OH,-,HELM-GPT,N_terminal_only,False,none
X2294,COP(=S)(N[C@@H](Cc1ccc(Cl)cc1)C([*])=O)OC |$;;;;;;;;;;;;;;;_R2;;;$|,-,OH,-,HELM-GPT,N_terminal_only,False,none
Boc_dV,CC(C)[C@@H](NC(=O)OC(C)(C)C)C([*])=O |$;;;;;;;;;;;;;_R2;$|,-,OH,-,HELM-GPT,N_terminal_only,False,none
X553,CN(C)S(=O)(=O)c1ccc(O)c2nc(CSC[C@H](N[*])C([*])=O)ccc12 |$;;;;;;;;;;;;;;;;;;;_R1;;_R2;;;;$|,H,OH,-,HELM-GPT,flexible,False,none
X831,Oc1ccc(CC[C@H](N[*])C([*])=O)cc1 |$;;;;;;;;;_R1;;_R2;;;$|,H,OH,-,HELM-GPT,flexible,False,none
X673,COc1ccc(C[C@H](N[*])C=O)cc1 |$;;;;;;;;;_R1;;;;$|,H,-,-,HELM-GPT,C_terminal_only,False,none
X703,OC(=O)COc1ccc(C[C@H](N[*])C([*])=O)cc1OCC(O)=O |$;;;;;;;;;;;;_R1;;_R2;;;;;;;;$|,H,OH,-,HELM-GPT,flexible,False,none
X835,CC(C)(C)[C@H](NC[C@@H](N)CS)C([*])=O |$;;;;;;;;;;;;_R2;$|,-,OH,-,HELM-GPT,N_terminal_only,False,none
X780,COC(=O)NC(=O)[C@H](CCC(O)=O)N[*] |$;;;;;;;;;;;;;;_R1$|,H,-,-,HELM-GPT,C_terminal_only,False,none
X838,[*]N[C@@H](CSN=O)C([*])=O |$_R1;;;;;;;;_R2;$|,H,OH,-,HELM-GPT,flexible,False,none
X901,OC(=O)CC[C@H](NCCc1c2ccccc2cc2ccccc12)C([*])=O |$;;;;;;;;;;;;;;;;;;;;;;;;_R2;$|,-,OH,-,HELM-GPT,N_terminal_only,False,none
X583,C[C@H](OP(O)(O)=O)[C@@H](N[*])C([*])=O |$;;;;;;;;;_R1;;_R2;$|,H,OH,-,HELM-GPT,flexible,False,none
X647,Oc1ccc2C[C@H](NCc2c1)C([*])=O |$;;;;;;;;;;;;_R2;$|,-,OH,-,HELM-GPT,N_terminal_only,False,none
X455,Cc1cccc(NC(=O)N[C@@H](Cc2ccccc2)C([*])=O)c1 |$;;;;;;;;;;;;;;;;;;;_R2;;$|,-,OH,-,HELM-GPT,N_terminal_only,False,none
X2856,[*]N[C@@H](Cc1ccccc1)C(=O)C(=O)C(=O)OCc1ccccc1 |$_R1;;;;;;;;;;;;;;;;;;;;;;;$|,H,-,-,HELM-GPT,C_terminal_only,False,none
X3024,CNC(=S)NCCCC[C@H](N[*])C([*])=O |$;;;;;;;;;;;_R1;;_R2;$|,H,OH,-,HELM-GPT,flexible,False,none
X3029,OC(=O)CCNC(=S)NCCCC[C@H](N[*])C([*])=O |$;;;;;;;;;;;;;;;_R1;;_R2;$|,H,OH,-,HELM-GPT,flexible,False,none
X2862,CC(=O)N([C@@H](Cc1ccc(F)cc1)C([*])=O)C(=O)COc1ccccc1 |$;;;;;;;;;;;;;;_R2;;;;;;;;;;;$|,-,OH,-,HELM-GPT,N_terminal_only,False,none
X2520,OC(=O)CN1CCN(CC([*])=O)C1=O |$;;;;;;;;;;_R2;;;$|,-,OH,-,HELM-GPT,N_terminal_only,False,none
X2495,CC(C)[C@H](N[*])C(=O)c1nc2ccccc2s1 |$;;;;;_R1;;;;;;;;;;;$|,H,-,-,HELM-GPT,C_terminal_only,False,none
X2512,CC(C)[C@H](NCc1c(O)ccc2ccccc12)C([*])=O |$;;;;;;;;;;;;;;;;;;_R2;$|,-,OH,-,HELM-GPT,N_terminal_only,False,none
X2498,NCCCC[C@H](NC(O)=O)C([*])=O |$;;;;;;;;;;;_R2;$|,-,OH,-,HELM-GPT,N_terminal_only,False,none
X2479,NC(=N)NCCC[C@H](N[*])C(=O)c1nc2ccccc2c(=O)[nH]1 |$;;;;;;;;;_R1;;;;;;;;;;;;;$|,H,-,-,HELM-GPT,C_terminal_only,False,none
X2541,CC(C)[C@H](N[*])C(=O)c1nc2ccccc2n1C |$;;;;;_R1;;;;;;;;;;;;$|,H,-,-,HELM-GPT,C_terminal_only,False,none
X2253,[*]N[C@@H](CSCCCCOc1ccc(C[C@H](NC(=O)OCc2ccccc2)C([*])=O)cc1)C=O |$_R1;;;;;;;;;;;;;;;;;;;;;;;;;;;;_R2;;;;;$|,H,OH,-,HELM-GPT,flexible,False,none
X2261,COP(=O)(N[C@@H](Cc1ccc(Cl)cc1)C([*])=O)OC |$;;;;;;;;;;;;;;;_R2;;;$|,-,OH,-,HELM-GPT,N_terminal_only,False,none
X2255,Fc1ccc(cc1)S(=O)(=O)N[C@@H](Cc1ccc(OCCC[C@H](N[*])C=O)cc1)C([*])=O |$;;;;;;;;;;;;;;;;;;;;;;;_R1;;;;;;_R2;$|,H,OH,-,HELM-GPT,flexible,False,none
X2250,CCCOC(=O)c1ccc(O)c(CN[C@@H](C(C)C)C([*])=O)c1 |$;;;;;;;;;;;;;;;;;;;_R2;;$|,-,OH,-,HELM-GPT,N_terminal_only,False,none
X2241,COC(=O)c1ccc2nc(oc2c1)C(=O)[C@@H](N[*])C(C)C |$;;;;;;;;;;;;;;;;;_R1;;;$|,H,-,-,HELM-GPT,C_terminal_only,False,none
X2243,NC(=N)NCCC[C@H](N[*])C(=O)CN1CCC[C@H]1NCC([*])=O |$;;;;;;;;;_R1;;;;;;;;;;;;_R2;$|,H,OH,-,HELM-GPT,flexible,False,none
lalloI,CC[C@@H](C)[C@H](N[*])C([*])=O |$;;;;;;_R1;;_R2;$|,H,OH,-,HELM-GPT,flexible,False,none
Thr(Bzl),C[C@@H](OCc1ccccc1)[C@H](N[*])C([*])=O |$;;;;;;;;;;;;_R1;;_R2;$|,H,OH,-,HELM-GPT,flexible,False,none
X941,[*]N[C@@H](C[C@@H]1CCNC1=O)C(=O)c1nc2ccccc2s1 |$_R1;;;;;;;;;;;;;;;;;;;;$|,H,-,-,HELM-GPT,C_terminal_only,False,none
X744,O[C@H]1CCC[C@]1(N[*])C([*])=O |$;;;;;;;_R1;;_R2;$|,H,OH,-,HELM-GPT,flexible,False,none
X810,Cc1cccc(CO[C@@H]2C[C@H](N([*])C2)C([*])=O)c1 |$;;;;;;;;;;;;_R1;;;_R2;;$|,H,OH,-,HELM-GPT,flexible,False,none
X814,COC(=O)N[C@@H](Cc1c[nH]c2ccccc12)C([*])=O |$;;;;;;;;;;;;;;;;;_R2;$|,-,OH,-,HELM-GPT,N_terminal_only,False,none
X957,CC(C)[C@H](NC(=O)N(Cc1ccccc1)Cc1ccccc1)C([*])=O |$;;;;;;;;;;;;;;;;;;;;;;;_R2;$|,-,OH,-,HELM-GPT,N_terminal_only,False,none
dLys(Cbz),[*]N[C@H](CCCCNC(=O)OCc1ccccc1)C([*])=O |$_R1;;;;;;;;;;;;;;;;;;;_R2;$|,H,OH,-,HELM-GPT,flexible,False,none
X1178,CC(C)(C)OC(=O)N[C@@H](CCCN)C([*])=O |$;;;;;;;;;;;;;;_R2;$|,-,OH,-,HELM-GPT,N_terminal_only,False,none
X1169,CCC[C@@H](CN[C@@H](Cc1ccc(O)cc1)C([*])=O)C(O)=O |$;;;;;;;;;;;;;;;;_R2;;;;$|,-,OH,-,HELM-GPT,N_terminal_only,False,none
X1184,FCCCCN([*])CC([*])=O |$;;;;;;_R1;;;_R2;$|,H,OH,-,HELM-GPT,flexible,False,none
X893,CC(=[Se])NCCCC[C@H](N[*])C([*])=O |$;;;;;;;;;;_R1;;_R2;$|,H,OH,-,HELM-GPT,flexible,False,none
X1039,"COC(=O)[C@H](COC(=O)C=Cc1ccccc1)N[*] |w:9.8,$;;;;;;;;;;;;;;;;;;_R1$|",H,-,-,HELM-GPT,C_terminal_only,False,none
X1021,Cc1ccc(cc1)S(=O)(=O)NC(=N)NCCC[C@H](N[*])C([*])=O |$;;;;;;;;;;;;;;;;;;;_R1;;_R2;$|,H,OH,-,HELM-GPT,flexible,False,none
X1164,OC(=O)Cc1ccc(C[C@H](N[*])C([*])=O)cc1 |$;;;;;;;;;;;_R1;;_R2;;;$|,H,OH,-,HELM-GPT,flexible,False,none
X792,CC(C)[C@H]1C[C@@]1(N[*])C([*])=O |$;;;;;;;_R1;;_R2;$|,H,OH,-,HELM-GPT,flexible,False,none
X793,Cc1cc(O)cc(C)c1C[C@@H](N)C([*])=O |$;;;;;;;;;;;;;_R2;$|,-,OH,-,HELM-GPT,N_terminal_only,False,none
X731,CC1(C)SCN([*])[C@@H]1C([*])=O |$;;;;;;_R1;;;_R2;$|,H,OH,-,HELM-GPT,flexible,False,none
X925,CCCCC[C@H](N([*])CC)C([*])=O |$;;;;;;;_R1;;;;_R2;$|,H,OH,-,HELM-GPT,flexible,False,none
X1906,OCCOCCOC[C@@H](N[*])C([*])=O |$;;;;;;;;;;_R1;;_R2;$|,H,OH,-,HELM-GPT,flexible,False,none
X1693,[*]N[C@H](C1c2ccccc2CCc2ccccc12)C([*])=O |$_R1;;;;;;;;;;;;;;;;;;;_R2;$|,H,OH,-,HELM-GPT,flexible,False,none
Me_3-Pal,CN([*])[C@@H](Cc1cccnc1)C([*])=O |$;;_R1;;;;;;;;;;_R2;$|,H,OH,-,HELM-GPT,flexible,False,none
X2069,CC[C@@]1(OC(=O)N(CCNC)CC([*])=O)C(=O)OCc2c1cc1-c3nc4ccccc4cc3Cn1c2=O |$;;;;;;;;;;;;;_R2;;;;;;;;;;;;;;;;;;;;;;;$|,-,OH,-,HELM-GPT,N_terminal_only,False,none
X2076,C[C@@H]([C@H](N[*])C([*])=O)c1ccc(cc1)N(=O)=O |$;;;;_R1;;_R2;;;;;;;;;;$|,H,OH,-,HELM-GPT,flexible,False,none
X1966,Fc1ccc(cc1F)[C@H](N[*])C([*])=O |$;;;;;;;;;;_R1;;_R2;$|,H,OH,-,HELM-GPT,flexible,False,none
X1985,[*]N[C@@H](Cc1c[nH]c2ncccc12)C([*])=O |$_R1;;;;;;;;;;;;;;_R2;$|,H,OH,-,HELM-GPT,flexible,False,none
X2072,NC(=N)NCCCN[C@@H](CS[*])C([*])=O |$;;;;;;;;;;;_R3;;_R2;$|,-,OH,H,HELM-GPT,N_terminal_only,True,none
X2053,[*]C(=O)[C@@H](CS[*])NC(=O)Nc1ccc(cc1)N(=O)=O |$_R2;;;;;;_R3;;;;;;;;;;;;;$|,-,OH,H,HELM-GPT,N_terminal_only,True,none
X1686,[*]N[C@H](COCC#C)C([*])=O |$_R1;;;;;;;;;_R2;$|,H,OH,-,HELM-GPT,flexible,False,none
X1829,[*]N1CNCC[C@@H]1C([*])=O |$_R1;;;;;;;;_R2;$|,H,OH,-,HELM-GPT,flexible,False,none
X1690,"CC=CCC(C)(C)[C@@H](O)[C@H](N(C)[*])C([*])=O |w:1.0,$;;;;;;;;;;;;_R1;;_R2;$|",H,OH,-,HELM-GPT,flexible,False,none
X1922,FC(F)(F)C(=O)CSCCCC[C@H](N[*])C([*])=O |$;;;;;;;;;;;;;;_R1;;_R2;$|,H,OH,-,HELM-GPT,flexible,False,none
X1941,CCn1cc(C[C@H](N[*])C([*])=O)c2ccccc12 |$;;;;;;;;_R1;;_R2;;;;;;;$|,H,OH,-,HELM-GPT,flexible,False,none
X1795,[*]N1NCCC[C@@H]1C([*])=O |$_R1;;;;;;;;_R2;$|,H,OH,-,HELM-GPT,flexible,False,none
X1871,CC(=O)SCCOCC[C@@H](N[*])C([*])=O |$;;;;;;;;;;;_R1;;_R2;$|,H,OH,-,HELM-GPT,flexible,False,none
X1814,C[C@H]1C[C@H](N([*])C1)C([*])=O |$;;;;;_R1;;;_R2;$|,H,OH,-,HELM-GPT,flexible,False,none
X1727,Clc1ccc(COC(=O)NCCCC[C@@H](N[*])C([*])=O)cc1 |$;;;;;;;;;;;;;;;;_R1;;_R2;;;$|,H,OH,-,HELM-GPT,flexible,False,none
X1757,COC[C@@H](C)[C@@H](O)[C@H](N(C)[*])C([*])=O |$;;;;;;;;;;_R1;;_R2;$|,H,OH,-,HELM-GPT,flexible,False,none
X1674,C[C@@H](O)C(=O)CCCCC[C@H](N[*])C([*])=O |$;;;;;;;;;;;;_R1;;_R2;$|,H,OH,-,HELM-GPT,flexible,False,none
X1861,CS[C@@H](N(C)[*])C([*])=O |$;;;;;_R1;;_R2;$|,H,OH,-,HELM-GPT,flexible,False,none
X1752,OP(O)(=O)OC(F)(F)c1ccc(C[C@H](N[*])C([*])=O)cc1 |$;;;;;;;;;;;;;;;_R1;;_R2;;;$|,H,OH,-,HELM-GPT,flexible,False,none
X1197,COn1cc(C[C@H](N[*])C([*])=O)c2ccccc12 |$;;;;;;;;_R1;;_R2;;;;;;;$|,H,OH,-,HELM-GPT,flexible,False,none
X1755,[*]N[C@H]([C@H](OCc1ccccc1)c1ccccc1)C([*])=O |$_R1;;;;;;;;;;;;;;;;;;;_R2;$|,H,OH,-,HELM-GPT,flexible,False,none
Me_dH,CN([*])[C@H](Cc1cnc[nH]1)C([*])=O |$;;_R1;;;;;;;;;_R2;$|,H,OH,-,HELM-GPT,flexible,False,none
X1785,CN(C)CC[C@@H](N[*])C([*])=O |$;;;;;;;_R1;;_R2;$|,H,OH,-,HELM-GPT,flexible,False,none
X31,CC[C@@H]1C[C@]1(N[*])C(O)=O |$;;;;;;_R1;;;$|,H,-,-,HELM-GPT,C_terminal_only,False,none
X149,"Oc1ccc(C[C@H](N[*])C([*])=O)cc1N=Nc1ccc([N-][N+]#N)cc1 |w:14.14,$;;;;;;;;_R1;;_R2;;;;;;;;;;;;;;$|",H,OH,-,HELM-GPT,flexible,False,none
X304,Cc1cc(C[C@H](N[*])C([*])=O)c(C)cc1O |$;;;;;;;_R1;;_R2;;;;;;$|,H,OH,-,HELM-GPT,flexible,False,none
X164,C[C@H]([C@H](N[*])C([*])=O)c1ccc(O)cc1 |$;;;;_R1;;_R2;;;;;;;;$|,H,OH,-,HELM-GPT,flexible,False,none
X292,CCCC[C@@H](N[*])C=O |$;;;;;;_R1;;$|,H,-,-,HELM-GPT,C_terminal_only,False,none
X423,[*]N[C@@H](CC=C)C([*])=O |$_R1;;;;;;;_R2;$|,H,OH,-,HELM-GPT,flexible,False,none
X280,OC(=O)C[C@H](N[*])C(=O)c1cocn1 |$;;;;;;_R1;;;;;;;$|,H,-,-,HELM-GPT,C_terminal_only,False,none
X357,CC(C)[C@H](NCc1ccccc1O)C([*])=O |$;;;;;;;;;;;;;;_R2;$|,-,OH,-,HELM-GPT,N_terminal_only,False,none
X111,CN(C)CCC[C@H](N[*])C([*])=O |$;;;;;;;;_R1;;_R2;$|,H,OH,-,HELM-GPT,flexible,False,none
dHpr,[*]N1CCCC[C@H]1C([*])=O |$_R1;;;;;;;;_R2;$|,H,OH,-,HELM-GPT,flexible,False,none
dPhg,[*]N[C@@H](C([*])=O)c1ccccc1 |$_R1;;;;_R2;;;;;;;$|,H,OH,-,HELM-GPT,flexible,False,none
X8,N[C@H](CNCC([*])=O)Cc1ccc(O)cc1 |$;;;;;;_R2;;;;;;;;;$|,-,OH,-,HELM-GPT,N_terminal_only,False,none
dM,CSCC[C@@H](N[*])C([*])=O |$;;;;;;_R1;;_R2;$|,H,OH,-,HELM-GPT,flexible,False,none
X2784,Clc1ccccc1NC(=O)NCCCC[C@H](N[*])C([*])=O |$;;;;;;;;;;;;;;;;;_R1;;_R2;$|,H,OH,-,HELM-GPT,flexible,False,none
X2761,C[C@@H](CP(O)(O)=O)[C@H](N[*])C(O)=O |$;;;;;;;;;_R1;;;$|,H,-,-,HELM-GPT,C_terminal_only,False,none
X2488,[*]N[C@@H](CCCCNC(=O)Nc1ccccc1)C([*])=O |$_R1;;;;;;;;;;;;;;;;;;_R2;$|,H,OH,-,HELM-GPT,flexible,False,none
X2814,COc1ccc(cc1)S(=O)(=O)N[C@@H](C)C([*])=O |$;;;;;;;;;;;;;;;_R2;$|,-,OH,-,HELM-GPT,N_terminal_only,False,none
X181,Oc1ccc2c(Oc3cc(O)ccc3C22OC(=O)c3cc(NC(=S)NCCCC[C@H](N[*])C([*])=O)ccc23)c1 |$;;;;;;;;;;;;;;;;;;;;;;;;;;;;;;;_R1;;_R2;;;;;$|,H,OH,-,HELM-GPT,flexible,False,none
X2887,CC(C)C[C@H](NC(=O)NC[C@@H](COS(O)(=O)=O)OS(O)(=O)=O)C([*])=O |$;;;;;;;;;;;;;;;;;;;;;;;_R2;$|,-,OH,-,HELM-GPT,N_terminal_only,False,none
X2820,Cc1ccc(cc1)-c1ncc(C[C@H](N[*])C([*])=O)[nH]1 |$;;;;;;;;;;;;;;_R1;;_R2;;$|,H,OH,-,HELM-GPT,flexible,False,none
X2805,CC(C)C[C@H](NC(=O)NCCCCO)C([*])=O |$;;;;;;;;;;;;;;;_R2;$|,-,OH,-,HELM-GPT,N_terminal_only,False,none
Aad,[*]N[C@@H](CCCC([*])=O)C([*])=O |$_R1;;;;;;;_R3;;;_R2;$|,H,OH,OH,HELM-GPT,flexible,True,none
X2809,"CC[C@@H](C)[C@@H](N)C1=N[C@@H](CS1)C([*])=O |$;;;;;;;;;;;;_R2;$,t:6|",-,OH,-,HELM-GPT,N_terminal_only,False,none
X2901,CC(C)C[C@H](NC(=O)OC[C@@H](O)CO)C([*])=O |$;;;;;;;;;;;;;;;_R2;$|,-,OH,-,HELM-GPT,N_terminal_only,False,none
X2764,CC(C)[C@H](N[*])C(=O)OCCOCn1cnc2c1nc(N)[nH]c2=O |$;;;;;_R1;;;;;;;;;;;;;;;;;;$|,H,-,-,HELM-GPT,C_terminal_only,False,none
X2769,CC(C)C[C@H](NC(=O)N1CCC[C@H]1C(=O)OC(C)(C)C)C([*])=O |$;;;;;;;;;;;;;;;;;;;;;_R2;$|,-,OH,-,HELM-GPT,N_terminal_only,False,none
X1923,COC(=O)c1ccc2nc(C[C@@H](C)[C@@H](O)[C@H](N(C)[*])C([*])=O)[nH]c2c1 |$;;;;;;;;;;;;;;;;;;_R1;;_R2;;;;$|,H,OH,-,HELM-GPT,flexible,False,none
Fmoc_dV,CC(C)[C@@H](NC(=O)OCC1c2ccccc2-c2ccccc12)C([*])=O |$;;;;;;;;;;;;;;;;;;;;;;;_R2;$|,-,OH,-,HELM-GPT,N_terminal_only,False,none
X2108,COc1ccc2c(O[C@@H]3C[C@H](N([*])C3)C([*])=O)cc(nc2c1)-c1ccccc1 |$;;;;;;;;;;;;_R1;;;_R2;;;;;;;;;;;;$|,H,OH,-,HELM-GPT,flexible,False,none
X2140,Cc1cn(CC([*])=O)c(=O)[nH]c1=O |$;;;;;;_R2;;;;;;$|,-,OH,-,HELM-GPT,N_terminal_only,False,none
X2132,Oc1ccc2c(C[C@H](N[*])C([*])=O)cc(=O)oc2c1 |$;;;;;;;;;_R1;;_R2;;;;;;;$|,H,OH,-,HELM-GPT,flexible,False,none
X2190,CC(C)[C@H](N[*])C(=O)c1ccco1 |$;;;;;_R1;;;;;;;$|,H,-,-,HELM-GPT,C_terminal_only,False,none
X2211,N[C@@H](CS)C(=O)NC(=O)[C@H](CCCNC(N)=N)N[*] |$;;;;;;;;;;;;;;;;;;_R1$|,H,-,-,HELM-GPT,C_terminal_only,False,none
X1998,Oc1c(I)cc(C[C@H](N[*])C([*])=O)cc1I |$;;;;;;;;;_R1;;_R2;;;;$|,H,OH,-,HELM-GPT,flexible,False,none
X1702,CN([*])[C@@H](CC1CC1)C([*])=O |$;;_R1;;;;;;;_R2;$|,H,OH,-,HELM-GPT,flexible,False,none
X1128,[*]C(=O)[C@H](Cc1ccc2ccccc2c1)NC(=O)OCC1c2ccccc2-c2ccccc12 |$_R2;;;;;;;;;;;;;;;;;;;;;;;;;;;;;;;;$|,-,OH,-,HELM-GPT,N_terminal_only,False,none
X1290,[*]C(=O)CN(Cc1ccco1)C(=C)CNCC#C |$_R2;;;;;;;;;;;;;;;;;$|,-,OH,-,HELM-GPT,N_terminal_only,False,none
X1494,CC(C)[C@H](N[*])C(=O)Oc1nnn[nH]1 |$;;;;;_R1;;;;;;;;$|,H,-,-,HELM-GPT,C_terminal_only,False,none
X1438,"[*]N[C@H](CCCN=C(NCc1ccccn1)NC#N)C([*])=O |w:6.5,$_R1;;;;;;;;;;;;;;;;;;;;_R2;$|",H,OH,-,HELM-GPT,flexible,False,none
X1240,"CC(C)NC(NCCCC[C@@H](N[*])C([*])=O)=NC(C)C |w:16.16,$;;;;;;;;;;;;_R1;;_R2;;;;;$|",H,OH,-,HELM-GPT,flexible,False,none
X1322,CC[C@H](C)[C@H](NCCCS)C([*])=O |$;;;;;;;;;;;_R2;$|,-,OH,-,HELM-GPT,N_terminal_only,False,none
X1298,NCCC[C@H](N[*])C(=O)c1nc2ccccc2s1 |$;;;;;;_R1;;;;;;;;;;;$|,H,-,-,HELM-GPT,C_terminal_only,False,none
X1309,CC[C@H](N[*])C(=O)C(=O)CC |$;;;;_R1;;;;;;$|,H,-,-,HELM-GPT,C_terminal_only,False,none
X1463,OCc1ccccc1-c1cn(nn1)[C@H]1C[C@H](N([*])C1)C([*])=O |$;;;;;;;;;;;;;;;;;_R1;;;_R2;$|,H,OH,-,HELM-GPT,flexible,False,none
X1378,[*]C(=O)[C@@H]1CCCN1c1nc2ccccc2c(=O)o1 |$_R2;;;;;;;;;;;;;;;;;;$|,-,OH,-,HELM-GPT,N_terminal_only,False,none
X1340,CCC[C@](C)(NCCCC1CCCCC1)C([*])=O |$;;;;;;;;;;;;;;;;_R2;$|,-,OH,-,HELM-GPT,N_terminal_only,False,none
X1258,[*]N(CC1CCCCC1)CC([*])=O |$_R1;;;;;;;;;;;_R2;$|,H,OH,-,HELM-GPT,flexible,False,none
X1261,COC(=O)[C@H](COC(=O)c1ccc(Cl)cc1)N[*] |$;;;;;;;;;;;;;;;;;_R1$|,H,-,-,HELM-GPT,C_terminal_only,False,none
X1264,C[C@@H](OC(C)(C)C)[C@@H](N[*])C([*])=O |$;;;;;;;;;_R1;;_R2;$|,H,OH,-,HELM-GPT,flexible,False,none
X1070,NC[C@H]1C[C@@](C1)(N[*])C([*])=O |$;;;;;;;_R1;;_R2;$|,H,OH,-,HELM-GPT,flexible,False,none
X1136,CNCCC[C@H]([N-][N+]#N)C([*])=O |$;;;;;;;;;;_R2;$|,-,OH,-,HELM-GPT,N_terminal_only,False,none
X236,[*]N(CC=C)CC([*])=O |$_R1;;;;;;;_R2;$|,H,OH,-,HELM-GPT,flexible,False,none
X390,Oc1ccc(C[C@H](N[*])C([*])=O)cc1[N-][N+]#N |$;;;;;;;;_R1;;_R2;;;;;;$|,H,OH,-,HELM-GPT,flexible,False,none
X346,O[C@H]1CCN([*])[C@@H]1C([*])=O |$;;;;;_R1;;;_R2;$|,H,OH,-,HELM-GPT,flexible,False,none
Nle_OMe,CCCC[C@H](N[*])C(=O)OC |$;;;;;;_R1;;;;$|,H,-,-,HELM-GPT,C_terminal_only,False,none
X696,OC(=O)C[C@@H](N[*])C=O |$;;;;;;_R1;;$|,H,-,-,HELM-GPT,C_terminal_only,False,none
X697,CCC(=O)[C@H](CC(O)=O)N[*] |$;;;;;;;;;;_R1$|,H,-,-,HELM-GPT,C_terminal_only,False,none
X267,CCN1C(=O)C[C@@H](NC1=O)C([*])=O |$;;;;;;;;;;;_R2;$|,-,OH,-,HELM-GPT,N_terminal_only,False,none
X623,[*]C(=O)[C@@H]1CC(=O)N(Cc2ccccc2)C(=O)N1 |$_R2;;;;;;;;;;;;;;;;;$|,-,OH,-,HELM-GPT,N_terminal_only,False,none
X342,[*]N[C@@H](Cc1cn(Cc2ccccc2)cn1)C([*])=O |$_R1;;;;;;;;;;;;;;;;;_R2;$|,H,OH,-,HELM-GPT,flexible,False,none
X563,CC(C)[C@H](N[*])C(=O)c1cocn1 |$;;;;;_R1;;;;;;;$|,H,-,-,HELM-GPT,C_terminal_only,False,none
X689,CC(C)[C@H](NC(=O)N1CCOCC1)C([*])=O |$;;;;;;;;;;;;;;_R2;$|,-,OH,-,HELM-GPT,N_terminal_only,False,none
X1600,NCCC1CC(C1)(N[*])C([*])=O |$;;;;;;;;_R1;;_R2;$|,H,OH,-,HELM-GPT,flexible,False,none
X1526,CC(C)C[C@H](N[*])C(=O)OCc1ccc(cc1)-c1cccc2c1oc(cc2=O)N1CCOCC1 |$;;;;;;_R1;;;;;;;;;;;;;;;;;;;;;;;;;;;$|,H,-,-,HELM-GPT,C_terminal_only,False,none
X1610,N[C@@H](Cc1c(F)cc(O)cc1F)C([*])=O |$;;;;;;;;;;;;;_R2;$|,-,OH,-,HELM-GPT,N_terminal_only,False,none
X1546,FC(F)C[C@H](N[*])C=O |$;;;;;;_R1;;$|,H,-,-,HELM-GPT,C_terminal_only,False,none
X1490,"NN=C(N)N(N)CCC[C@H](N[*])C(O)=O |w:1.0,$;;;;;;;;;;;_R1;;;$|",H,-,-,HELM-GPT,C_terminal_only,False,none
X1556,[*]N1CCC2(CC2)[C@H]1C([*])=O |$_R1;;;;;;;;;_R2;$|,H,OH,-,HELM-GPT,flexible,False,none
dA_OBzl,C[C@@H](N[*])C(=O)OCc1ccccc1 |$;;;_R1;;;;;;;;;;$|,H,-,-,HELM-GPT,C_terminal_only,False,none
X1441,CCCC[C@H](N[*])C=O |$;;;;;;_R1;;$|,H,-,-,HELM-GPT,C_terminal_only,False,none
X1554,CCc1cc(O)cc(C)c1C[C@H](N)C([*])=O |$;;;;;;;;;;;;;;_R2;$|,-,OH,-,HELM-GPT,N_terminal_only,False,none
X659,C[C@@H]([C@H](N[*])C([*])=O)c1c[nH]c2ccccc12 |$;;;;_R1;;_R2;;;;;;;;;;$|,H,OH,-,HELM-GPT,flexible,False,none
Cya,OS(=O)(=O)C[C@H](N[*])C([*])=O |$;;;;;;;_R1;;_R2;$|,H,OH,-,HELM-GPT,flexible,False,none
X2579,OP(O)(=O)[C@@H](N[*])C([*])=O |$;;;;;;_R1;;_R2;$|,H,OH,-,HELM-GPT,flexible,False,none
Y_OBzl,Oc1ccc(C[C@H](N[*])C(=O)OCc2ccccc2)cc1 |$;;;;;;;;_R1;;;;;;;;;;;;$|,H,-,-,HELM-GPT,C_terminal_only,False,none
X2581,[*]N[C@@H](CCCNC(=N)NN(=O)=O)C(=O)c1nc2ccccc2[nH]1 |$_R1;;;;;;;;;;;;;;;;;;;;;;;$|,H,-,-,HELM-GPT,C_terminal_only,False,none
X2599,C[C@@H](CS(O)(=O)=O)[C@H](N[*])C(O)=O |$;;;;;;;;;_R1;;;$|,H,-,-,HELM-GPT,C_terminal_only,False,none
X2674,[*]N1C[C@@H](C[C@H]1C([*])=O)n1cc(nn1)-c1ccc(cc1)-c1ccccc1 |$_R1;;;;;;;_R2;;;;;;;;;;;;;;;;;;$|,H,OH,-,HELM-GPT,flexible,False,none
X2686,CCOC(=O)C(F)(F)C(=O)[C@H](CC(C)C)N[*] |$;;;;;;;;;;;;;;;;_R1$|,H,-,-,HELM-GPT,C_terminal_only,False,none
X2665,[*]N[C@@H](Cc1ccncc1)C(=O)c1nccs1 |$_R1;;;;;;;;;;;;;;;;$|,H,-,-,HELM-GPT,C_terminal_only,False,none
X2621,COc1ccc(NCC([*])=O)cc1 |$;;;;;;;;;_R2;;;$|,-,OH,-,HELM-GPT,N_terminal_only,False,none
X2753,"[*]N[C@@H](Cc1ccc(C=Cc2ccccc2)cc1)C([*])=O |w:8.7,$_R1;;;;;;;;;;;;;;;;;;;_R2;$|",H,OH,-,HELM-GPT,flexible,False,none
X2641,"COC(=O)[C@H](Cc1ccc(OC(=O)C=Cc2ccccc2)cc1)N[*] |w:13.12,$;;;;;;;;;;;;;;;;;;;;;;;;_R1$|",H,-,-,HELM-GPT,C_terminal_only,False,none
X2645,Clc1ccc(cc1)S(=O)(=O)N[C@@H](Cc1cnc[nH]1)C([*])=O |$;;;;;;;;;;;;;;;;;;;_R2;$|,-,OH,-,HELM-GPT,N_terminal_only,False,none
X2628,CC[C@H](N[C@@H](CCCNC(N)=N)C([*])=O)C(=O)[C@H](CO)N[*] |$;;;;;;;;;;;;;_R2;;;;;;;;_R1$|,H,OH,-,HELM-GPT,flexible,False,none
X2540,CC(C)[C@H](NC(=O)OCc1ccc(cc1)N(=O)=O)C([*])=O |$;;;;;;;;;;;;;;;;;;;_R2;$|,-,OH,-,HELM-GPT,N_terminal_only,False,none
X2585,CCC(=O)C(=O)CCCC[C@H](N[*])C([*])=O |$;;;;;;;;;;;;_R1;;_R2;$|,H,OH,-,HELM-GPT,flexible,False,none
X2528,Cn1c(=O)cc([nH]c1=O)C([*])=O |$;;;;;;;;;;_R2;$|,-,OH,-,HELM-GPT,N_terminal_only,False,none
X2287,OC(=O)[C@@H](Cc1c[nH]c2ccccc12)N[C@@H](Cc1ccccc1)C([*])=O |$;;;;;;;;;;;;;;;;;;;;;;;;_R2;$|,-,OH,-,HELM-GPT,N_terminal_only,False,none
X2299,COC(=O)Cn1cc([C@H](N[*])C([*])=O)c(=O)c2ccccc12 |$;;;;;;;;;;_R1;;_R2;;;;;;;;;$|,H,OH,-,HELM-GPT,flexible,False,none
X2460,CC(C)[C@H](N[*])C(=O)c1cccs1 |$;;;;;_R1;;;;;;;$|,H,-,-,HELM-GPT,C_terminal_only,False,none
X2463,NCCCC[C@H](N[*])C(=O)c1nc2ccccc2s1 |$;;;;;;;_R1;;;;;;;;;;;$|,H,-,-,HELM-GPT,C_terminal_only,False,none
X2480,NCCCC[C@H](NC(=O)NCc1ccccc1)C([*])=O |$;;;;;;;;;;;;;;;;;;_R2;$|,-,OH,-,HELM-GPT,N_terminal_only,False,none
X2449,NC(=N)NCCC[C@H](N[*])C(=O)c1nc2ccc(cc2s1)C(O)=O |$;;;;;;;;;_R1;;;;;;;;;;;;;;$|,H,-,-,HELM-GPT,C_terminal_only,False,none
X2433,COc1c(O)cc(cc1Oc1ccc(cc1Cl)[C@@H](O)[C@@H](NC(=O)OC(C)(C)C)C([*])=O)[C@@H](N[*])C(=O)OC(C)(C)C |$;;;;;;;;;;;;;;;;;;;;;;;;;;;;;_R2;;;;_R1;;;;;;;$|,H,OH,-,HELM-GPT,flexible,False,none
X2394,OC(=O)C[C@H](N[*])C(=O)COC(=O)Cc1cccc2ccccc12 |$;;;;;;_R1;;;;;;;;;;;;;;;;;$|,H,-,-,HELM-GPT,C_terminal_only,False,none
X2259,OC(=O)C[C@H](N[*])C(=O)COn1c(O)cc2ccccc12 |$;;;;;;_R1;;;;;;;;;;;;;;$|,H,-,-,HELM-GPT,C_terminal_only,False,none
D_OBzl,OC(=O)C[C@H](N[*])C(=O)OCc1ccccc1 |$;;;;;;_R1;;;;;;;;;;$|,H,-,-,HELM-GPT,C_terminal_only,False,none
X474,OC(=O)C(=O)[C@@H](CC(F)F)N[*] |$;;;;;;;;;;;_R1$|,H,-,-,HELM-GPT,C_terminal_only,False,none
X556,CC(=O)C[C@H](N[*])C([*])=O |$;;;;;;_R1;;_R2;$|,H,OH,-,HELM-GPT,flexible,False,none
dHpr_OMe,COC(=O)[C@@H]1CCCCN1[*] |$;;;;;;;;;;_R1$|,H,-,-,HELM-GPT,C_terminal_only,False,none
X844,CCCCCC[C@@H](N[*])C([*])=O |$;;;;;;;;_R1;;_R2;$|,H,OH,-,HELM-GPT,flexible,False,none
X609,[*]N[C@@H](CCCNC(=N)N(=O)=O)C([*])=O |$_R1;;;;;;;;;;;;;_R2;$|,H,OH,-,HELM-GPT,flexible,False,none
X668,CC(C)c1cc(O)cc(C)c1C[C@H](N)C([*])=O |$;;;;;;;;;;;;;;;_R2;$|,-,OH,-,HELM-GPT,N_terminal_only,False,none
X495,OC(=O)c1ccc(C[C@H](N[*])C([*])=O)cc1 |$;;;;;;;;;;_R1;;_R2;;;$|,H,OH,-,HELM-GPT,flexible,False,none
Boc_Aib,CC(C)(C)OC(=O)NC(C)(C)C([*])=O |$;;;;;;;;;;;;_R2;$|,-,OH,-,HELM-GPT,N_terminal_only,False,none
2-Pal,[*]N[C@@H](Cc1ccccn1)C([*])=O |$_R1;;;;;;;;;;;_R2;$|,H,OH,-,HELM-GPT,flexible,False,none
X639,Cn1cc(C[C@@H](N[*])C([*])=O)c2ccccc12 |$;;;;;;;_R1;;_R2;;;;;;;$|,H,OH,-,HELM-GPT,flexible,False,none
X3017,CCCCCCCCCCCCCCCC(=O)[C@H](CCCCN)N[*] |$;;;;;;;;;;;;;;;;;;;;;;;;_R1$|,H,-,-,HELM-GPT,C_terminal_only,False,none
X3036,[*]N[C@@H](Cn1cc(CCCc2ccccc2)nn1)C([*])=O |$_R1;;;;;;;;;;;;;;;;;;;_R2;$|,H,OH,-,HELM-GPT,flexible,False,none
X3027,C[C@@H](O)[C@H](NC(O)=O)C([*])=O |$;;;;;;;;;_R2;$|,-,OH,-,HELM-GPT,N_terminal_only,False,none
X567,[*]N[C@@H](Cn1ccnc1)C([*])=O |$_R1;;;;;;;;;;_R2;$|,H,OH,-,HELM-GPT,flexible,False,none
X2899,"CC=CCC=CC(=O)N([C@@H](Cc1ccc(F)cc1)C([*])=O)C(C)=O |w:1.0,4.3,$;;;;;;;;;;;;;;;;;;;_R2;;;;$|",-,OH,-,HELM-GPT,N_terminal_only,False,none
Me_Cbz_V,CC(C)[C@H](N(C)C(=O)OCc1ccccc1)C([*])=O |$;;;;;;;;;;;;;;;;;_R2;$|,-,OH,-,HELM-GPT,N_terminal_only,False,none
X2492,[*]N[C@@H](C[C@@H]1CCNC1=O)C(=O)c1ccccc1 |$_R1;;;;;;;;;;;;;;;;;$|,H,-,-,HELM-GPT,C_terminal_only,False,none
X2511,Clc1ccc(CCN([*])CC([*])=O)cc1 |$;;;;;;;;_R1;;;_R2;;;$|,H,OH,-,HELM-GPT,flexible,False,none
X277,Cc1cccc(C)c1C[C@@H](N[*])C([*])=O |$;;;;;;;;;;;_R1;;_R2;$|,H,OH,-,HELM-GPT,flexible,False,none
Orn(Boc),CC(C)(C)OC(=O)NCCC[C@H](N[*])C([*])=O |$;;;;;;;;;;;;;_R1;;_R2;$|,H,OH,-,HELM-GPT,flexible,False,none
X569,Nc1nnc(Nc2ccc(C[C@H](N[*])C([*])=O)cc2)[nH]1 |$;;;;;;;;;;;;;_R1;;_R2;;;;$|,H,OH,-,HELM-GPT,flexible,False,none
X1485,[*]N[C@H](Cc1ccccc1)C=O |$_R1;;;;;;;;;;;$|,H,-,-,HELM-GPT,C_terminal_only,False,none
dD,[*]N[C@H](CC([*])=O)C([*])=O |$_R1;;;;;_R3;;;_R2;$|,H,OH,OH,HELM-GPT,flexible,True,none
X21,"[*]N[C@H](CCCCNC(NC#N)=NC1CCCCC1)C([*])=O |w:12.12,$_R1;;;;;;;;;;;;;;;;;;;;_R2;$|",H,OH,-,HELM-GPT,flexible,False,none
Fmoc_W,[*]C(=O)[C@H](Cc1c[nH]c2ccccc12)NC(=O)OCC1c2ccccc2-c2ccccc12 |$_R2;;;;;;;;;;;;;;;;;;;;;;;;;;;;;;;$|,-,OH,-,HELM-GPT,N_terminal_only,False,none
dQ,NC(=O)CC[C@@H](N[*])C([*])=O |$;;;;;;;_R1;;_R2;$|,H,OH,-,HELM-GPT,flexible,False,none
X928,C[C@H]([C@@H](N[*])C([*])=O)c1c[nH]c2ccccc12 |$;;;;_R1;;_R2;;;;;;;;;;$|,H,OH,-,HELM-GPT,flexible,False,none
X879,CCOC(=O)[C@H](Cc1ccccc1)N[*] |$;;;;;;;;;;;;;;_R1$|,H,-,-,HELM-GPT,C_terminal_only,False,none
Boc_Ser(Bzl),CC(C)(C)OC(=O)N[C@@H](COCc1ccccc1)C([*])=O |$;;;;;;;;;;;;;;;;;;;_R2;$|,-,OH,-,HELM-GPT,N_terminal_only,False,none
X741,CS(=O)(=O)Nc1ccc(C[C@H](N[*])C([*])=O)cc1 |$;;;;;;;;;;;;_R1;;_R2;;;$|,H,OH,-,HELM-GPT,flexible,False,none
X884,CC(C)[C@H](NCc1cnc[nH]1)C([*])=O |$;;;;;;;;;;;;_R2;$|,-,OH,-,HELM-GPT,N_terminal_only,False,none
X817,NC(=N)N[C@@H](Cc1cccc(O)c1)C([*])=O |$;;;;;;;;;;;;;;_R2;$|,-,OH,-,HELM-GPT,N_terminal_only,False,none
X1187,Cc1ccc(cc1)-c1cn(nn1)[C@H]1C[C@H](N([*])C1)C([*])=O |$;;;;;;;;;;;;;;;;_R1;;;_R2;$|,H,OH,-,HELM-GPT,flexible,False,none
X821,[*]N[C@H](CC=C)C([*])=O |$_R1;;;;;;;_R2;$|,H,OH,-,HELM-GPT,flexible,False,none
X822,OC(=O)COc1ccc(C[C@H](N[*])C([*])=O)cc1 |$;;;;;;;;;;;;_R1;;_R2;;;$|,H,OH,-,HELM-GPT,flexible,False,none
Hph_OMe,COC(=O)[C@H](CCc1ccccc1)N[*] |$;;;;;;;;;;;;;;_R1$|,H,-,-,HELM-GPT,C_terminal_only,False,none
X1220,OC(=O)C[C@H](N[*])C(=O)COc1ccccc1 |$;;;;;;_R1;;;;;;;;;;$|,H,-,-,HELM-GPT,C_terminal_only,False,none
X1040,"CNC(NCCC[C@H](N[*])C([*])=O)=NC |w:13.13,1.0,$;;;;;;;;;_R1;;_R2;;;$|",H,OH,-,HELM-GPT,flexible,False,none
X1212,C[C@H]([C@H](N[*])C([*])=O)c1c[nH]c2ccccc12 |$;;;;_R1;;_R2;;;;;;;;;;$|,H,OH,-,HELM-GPT,flexible,False,none
X1051,FCCN1C(=O)C[C@H](NC1=O)C([*])=O |$;;;;;;;;;;;;_R2;$|,-,OH,-,HELM-GPT,N_terminal_only,False,none
X1053,C[C@H](CO)[C@H](N[*])C([*])=O |$;;;;;;_R1;;_R2;$|,H,OH,-,HELM-GPT,flexible,False,none
X985,[*]N[C@H](Cc1ccsc1)C([*])=O |$_R1;;;;;;;;;;_R2;$|,H,OH,-,HELM-GPT,flexible,False,none
X1147,OC(=O)CCC(=O)CN[*] |$;;;;;;;;;_R1$|,H,-,-,HELM-GPT,C_terminal_only,False,none
X1149,N[C@@H](Cc1ccc2nc(N)sc2c1)C([*])=O |$;;;;;;;;;;;;;;_R2;$|,-,OH,-,HELM-GPT,N_terminal_only,False,none
X714,Clc1ccc(C[C@@H](N[*])C([*])=O)cc1Cl |$;;;;;;;;_R1;;_R2;;;;$|,H,OH,-,HELM-GPT,flexible,False,none
X785,Nc1nnc(NCCCC[C@H](N[*])C([*])=O)[nH]1 |$;;;;;;;;;;;;_R1;;_R2;;$|,H,OH,-,HELM-GPT,flexible,False,none
X730,[*]C(=O)CNS(=O)(=O)c1ccccc1 |$_R2;;;;;;;;;;;;;$|,-,OH,-,HELM-GPT,N_terminal_only,False,none
X803,[*]NCC(=O)C(=O)OCc1ccccc1 |$_R1;;;;;;;;;;;;;;$|,H,-,-,HELM-GPT,C_terminal_only,False,none
X857,CCCCCCC[C@H](N[*])C([*])=O |$;;;;;;;;;_R1;;_R2;$|,H,OH,-,HELM-GPT,flexible,False,none
X1792,[*]N[C@@H]([C@H](OCc1ccccc1)c1ccccc1)C([*])=O |$_R1;;;;;;;;;;;;;;;;;;;_R2;$|,H,OH,-,HELM-GPT,flexible,False,none
X1991,C[C@H]([C@@H](N[*])C([*])=O)c1ccc(cc1)N(=O)=O |$;;;;_R1;;_R2;;;;;;;;;;$|,H,OH,-,HELM-GPT,flexible,False,none
X2061,[*]N1CCS[C@H]1C([*])=O |$_R1;;;;;;;_R2;$|,H,OH,-,HELM-GPT,flexible,False,none
dHcy,[*]N[C@H](CCS[*])C([*])=O |$_R1;;;;;;_R3;;_R2;$|,H,OH,H,HELM-GPT,flexible,True,none
X2009,Cc1ncc(C[C@H](N[*])C([*])=O)[nH]1 |$;;;;;;;;_R1;;_R2;;$|,H,OH,-,HELM-GPT,flexible,False,none
X1826,"CC(C)[C@H](N([*])CC=C(C)CO)C([*])=O |w:7.6,$;;;;;_R1;;;;;;;;_R2;$|",H,OH,-,HELM-GPT,flexible,False,none
X1827,[*]N[C@H](CCCCNc1ccc(c2nonc12)N(=O)=O)C([*])=O |$_R1;;;;;;;;;;;;;;;;;;;;;_R2;$|,H,OH,-,HELM-GPT,flexible,False,none
X1768,OC(=O)COC[C@@H](N[*])C([*])=O |$;;;;;;;;_R1;;_R2;$|,H,OH,-,HELM-GPT,flexible,False,none
X1939,CC(C)(S)N([*])CC([*])=O |$;;;;;_R1;;;_R2;$|,H,OH,-,HELM-GPT,flexible,False,none
X1943,C[C@@H](O)[C@](C)(N[*])C([*])=O |$;;;;;;_R1;;_R2;$|,H,OH,-,HELM-GPT,flexible,False,none
X1717,OCCOCCOCCOC[C@@H](N[*])C([*])=O |$;;;;;;;;;;;;;_R1;;_R2;$|,H,OH,-,HELM-GPT,flexible,False,none
X1725,CN(C)C[C@@H](N[*])C([*])=O |$;;;;;;_R1;;_R2;$|,H,OH,-,HELM-GPT,flexible,False,none
X1872,Clc1ccccc1COC(=O)NCCCC[C@@H](N[*])C([*])=O |$;;;;;;;;;;;;;;;;;;_R1;;_R2;$|,H,OH,-,HELM-GPT,flexible,False,none
X1879,Oc1c(cnc2ccccc12)[C@H](N[*])C([*])=O |$;;;;;;;;;;;;;_R1;;_R2;$|,H,OH,-,HELM-GPT,flexible,False,none
X1672,C[C@@H](O)[C@@H](C)[C@H](N[*])C([*])=O |$;;;;;;;_R1;;_R2;$|,H,OH,-,HELM-GPT,flexible,False,none
X1748,CC(C)=CC[C@@]12C[C@H](N([*])[C@@H]1Nc1ccccc21)C([*])=O |$;;;;;;;;;_R1;;;;;;;;;;_R2;$|,H,OH,-,HELM-GPT,flexible,False,none
X1738,[*]N[C@H](COCCC1OCCO1)C([*])=O |$_R1;;;;;;;;;;;;;_R2;$|,H,OH,-,HELM-GPT,flexible,False,none
X1747,CC(C)=CC[C@@]12C[C@H](N([*])[C@H]1Nc1ccccc21)C([*])=O |$;;;;;;;;;_R1;;;;;;;;;;_R2;$|,H,OH,-,HELM-GPT,flexible,False,none
X1898,[*]N1CNCC[C@H]1C([*])=O |$_R1;;;;;;;;_R2;$|,H,OH,-,HELM-GPT,flexible,False,none
Hcy,[*]N[C@@H](CCS[*])C([*])=O |$_R1;;;;;;_R3;;_R2;$|,H,OH,H,HELM-GPT,flexible,True,none
X1730,COn1cc([C@H](N[*])C([*])=O)c(=O)c2ccccc12 |$;;;;;;;_R1;;_R2;;;;;;;;;$|,H,OH,-,HELM-GPT,flexible,False,none
X1733,CC(C)[C@@](N[*])(C([*])=O)C(F)(F)F |$;;;;;_R1;;_R2;;;;;$|,H,OH,-,HELM-GPT,flexible,False,none
Me_lalloI,CC[C@@H](C)[C@H](N(C)[*])C([*])=O |$;;;;;;;_R1;;_R2;$|,H,OH,-,HELM-GPT,flexible,False,none
X17,"CCNC(NCCCC[C@H](N[*])C([*])=O)=NCC |w:15.15,2.1,$;;;;;;;;;;;_R1;;_R2;;;;$|",H,OH,-,HELM-GPT,flexible,False,none
dC,[*]N[C@H](CS[*])C([*])=O |$_R1;;;;;_R3;;_R2;$|,H,OH,H,HELM-GPT,flexible,True,none
X52,Oc1ccc(C[C@H](NCc2ccccc2)C([*])=O)cc1 |$;;;;;;;;;;;;;;;;_R2;;;$|,-,OH,-,HELM-GPT,N_terminal_only,False,none
P_OMe,COC(=O)[C@@H]1CCCN1[*] |$;;;;;;;;;_R1$|,H,-,-,HELM-GPT,C_terminal_only,False,none
X123,CCCCCCCC(=O)OC[C@H](N[*])C([*])=O |$;;;;;;;;;;;;;_R1;;_R2;$|,H,OH,-,HELM-GPT,flexible,False,none
M_OMe,COC(=O)[C@H](CCSC)N[*] |$;;;;;;;;;;_R1$|,H,-,-,HELM-GPT,C_terminal_only,False,none
X302,Cc1cc(O)ccc1C[C@@H](N[*])C([*])=O |$;;;;;;;;;;;_R1;;_R2;$|,H,OH,-,HELM-GPT,flexible,False,none
X305,FC(F)(F)C([C@@H](N[*])C([*])=O)C(F)(F)F |$;;;;;;;_R1;;_R2;;;;;$|,H,OH,-,HELM-GPT,flexible,False,none
X431,"[*]N[C@@H](CC1=CCC(=O)CC1)C([*])=O |$_R1;;;;;;;;;;;;_R2;$,t:4|",H,OH,-,HELM-GPT,flexible,False,none
X96,OS(=O)(=O)Oc1ccc(C[C@H](N[*])C([*])=O)cc1 |$;;;;;;;;;;;;_R1;;_R2;;;$|,H,OH,-,HELM-GPT,flexible,False,none
X215,[*]N(CCc1c[nH]c2ccccc12)CC([*])=O |$_R1;;;;;;;;;;;;;;;_R2;$|,H,OH,-,HELM-GPT,flexible,False,none
X358,CC(C)CCN([*])CC([*])=O |$;;;;;;_R1;;;_R2;$|,H,OH,-,HELM-GPT,flexible,False,none
X148,CN[C@@H](Cc1c(C)cc(O)cc1C)C([*])=O |$;;;;;;;;;;;;;;_R2;$|,-,OH,-,HELM-GPT,N_terminal_only,False,none
X419,CS(=O)(=O)NCCCC[C@H](N[*])C([*])=O |$;;;;;;;;;;;_R1;;_R2;$|,H,OH,-,HELM-GPT,flexible,False,none
X22,[*]C(=O)[C@@H]1CCCC(=O)N1 |$_R2;;;;;;;;;$|,-,OH,-,HELM-GPT,N_terminal_only,False,none
X2774,CSCC[C@H](NC(=O)NCc1ccccc1)C([*])=O |$;;;;;;;;;;;;;;;;;_R2;$|,-,OH,-,HELM-GPT,N_terminal_only,False,none
X2381,N[C@@H](Cc1ccc(O)cc1)ON[C@@H](Cc1ccccc1)C([*])=O |$;;;;;;;;;;;;;;;;;;;;;_R2;$|,-,OH,-,HELM-GPT,N_terminal_only,False,none
X2491,CC(C)(C)[C@H](NCCc1cnc[nH]1)C([*])=O |$;;;;;;;;;;;;;;_R2;$|,-,OH,-,HELM-GPT,N_terminal_only,False,none
X2410,CC[C@@]1(OC(=O)OCCS[*])C(=O)OCc2c1cc1-c3nc4ccccc4cc3Cn1c2=O |$;;;;;;;;;;_R3;;;;;;;;;;;;;;;;;;;;;;$|,-,-,H,HELM-GPT,unknown,True,none
X2687,CC(C)[C@@H](N[*])C(=O)C(F)(F)F |$;;;;;_R1;;;;;;$|,H,-,-,HELM-GPT,C_terminal_only,False,none
X2837,Fc1cccc(F)c1C(=O)OCC(=O)[C@H](Cc1ccccc1)N[*] |$;;;;;;;;;;;;;;;;;;;;;;;_R1$|,H,-,-,HELM-GPT,C_terminal_only,False,none
X2826,CC(C)C[C@H](NC(=O)NC[C@H](COS(O)(=O)=O)OS(O)(=O)=O)C([*])=O |$;;;;;;;;;;;;;;;;;;;;;;;_R2;$|,-,OH,-,HELM-GPT,N_terminal_only,False,none
X2902,Cc1ccc(cc1)S(=O)(=O)OC(=O)CC[C@H](N)C([*])=O |$;;;;;;;;;;;;;;;;;;_R2;$|,-,OH,-,HELM-GPT,N_terminal_only,False,none
X2775,COc1ccccc1NC(=O)NCCCC[C@H](N[*])C([*])=O |$;;;;;;;;;;;;;;;;;;_R1;;_R2;$|,H,OH,-,HELM-GPT,flexible,False,none
EtCO_d1-Nal,CCOC(=O)N[C@H](Cc1cccc2ccccc12)C([*])=O |$;;;;;;;;;;;;;;;;;;;_R2;$|,-,OH,-,HELM-GPT,N_terminal_only,False,none
X2707,OC(=O)C[C@@H]1N([*])C[C@@H](Cc2ccccc2)NC1=O |$;;;;;;_R1;;;;;;;;;;;;$|,H,-,-,HELM-GPT,C_terminal_only,False,none
X2097,[*]C(=O)[C@H](Cc1c[nH]c2ccccc12)NCc1ccccc1 |$_R2;;;;;;;;;;;;;;;;;;;;;$|,-,OH,-,HELM-GPT,N_terminal_only,False,none
F_ac,CC(=O)OC(=O)[C@H](Cc1ccccc1)N[*] |$;;;;;;;;;;;;;;;_R1$|,H,-,-,HELM-GPT,C_terminal_only,False,none
X2099,NC(=O)O[C@@H]1C[C@H](N([*])C1)C([*])=O |$;;;;;;;;_R1;;;_R2;$|,H,OH,-,HELM-GPT,flexible,False,none
X2084,[*]N1C[C@@H](C[C@H]1C([*])=O)OC(=O)N1CCOCC1 |$_R1;;;;;;;_R2;;;;;;;;;;$|,H,OH,-,HELM-GPT,flexible,False,none
X1561,C[C@@H](CC(O)=O)[C@H](N[*])C([*])=O |$;;;;;;;;_R1;;_R2;$|,H,OH,-,HELM-GPT,flexible,False,none
X2195,COC(=O)c1ccc2nc(sc2c1)C(=O)[C@H](CCCNC(N)=N)N[*] |$;;;;;;;;;;;;;;;;;;;;;;;;_R1$|,H,-,-,HELM-GPT,C_terminal_only,False,none
X2114,OC(=O)CN[C@H](CC1CCCCC1)C([*])=O |$;;;;;;;;;;;;;;_R2;$|,-,OH,-,HELM-GPT,N_terminal_only,False,none
X2116,OC(=O)[C@@]1(C[C@@H]1CCc1ccccc1)N[*] |$;;;;;;;;;;;;;;;_R1$|,H,-,-,HELM-GPT,C_terminal_only,False,none
X2119,[*]N1[C@@H]([C@H]1C(=O)OCc1ccccc1)C(=O)OCc1ccccc1 |$_R1;;;;;;;;;;;;;;;;;;;;;;;$|,H,-,-,HELM-GPT,C_terminal_only,False,none
X2121,[*]N1C[C@@H](C[C@H]1C([*])=O)n1nncc1-c1ccccc1 |$_R1;;;;;;;_R2;;;;;;;;;;;;$|,H,OH,-,HELM-GPT,flexible,False,none
X2134,OC(=O)CN(CCN(CC(O)=O)CC(O)=O)CCN(CC(O)=O)CC([*])=O |$;;;;;;;;;;;;;;;;;;;;;;;;;_R2;$|,-,OH,-,HELM-GPT,N_terminal_only,False,none
X2185,[*]C(=O)[C@H](Cc1ccccc1)NNC(=O)Nc1ccccc1 |$_R2;;;;;;;;;;;;;;;;;;;;;$|,-,OH,-,HELM-GPT,N_terminal_only,False,none
X2231,CC(C)(C)OC(=O)N[C@H]1C[C@H](N(C1)C(=O)OC(C)(C)C)C([*])=O |$;;;;;;;;;;;;;;;;;;;;;_R2;$|,-,OH,-,HELM-GPT,N_terminal_only,False,none
X2150,NCC[C@H](NC(O)=O)C([*])=O |$;;;;;;;;;_R2;$|,-,OH,-,HELM-GPT,N_terminal_only,False,none
Me_meY,CN(C)[C@@H](Cc1ccc(O)cc1)C([*])=O |$;;;;;;;;;;;;;_R2;$|,-,OH,-,HELM-GPT,N_terminal_only,False,none
X1193,OC(=O)CC[C@H](NCCc1ccc2ccccc2c1)C([*])=O |$;;;;;;;;;;;;;;;;;;;;_R2;$|,-,OH,-,HELM-GPT,N_terminal_only,False,none
EtCO_dY,CCOC(=O)N[C@H](Cc1ccc(O)cc1)C([*])=O |$;;;;;;;;;;;;;;;;_R2;$|,-,OH,-,HELM-GPT,N_terminal_only,False,none
X1487,BrCCC[C@H]([N-][N+]#N)C([*])=O |$;;;;;;;;;_R2;$|,-,OH,-,HELM-GPT,N_terminal_only,False,none
X1373,[*]NC1(CCCCCCC1)C([*])=O |$_R1;;;;;;;;;;;_R2;$|,H,OH,-,HELM-GPT,flexible,False,none
X1385,[*]N[C@@H](CCCCNC(=O)OCC1c2ccccc2-c2ccccc12)C([*])=O |$_R1;;;;;;;;;;;;;;;;;;;;;;;;;;_R2;$|,H,OH,-,HELM-GPT,flexible,False,none
X1252,Cc1cc(O)c(C)c(C)c1C[C@H](N)C([*])=O |$;;;;;;;;;;;;;;_R2;$|,-,OH,-,HELM-GPT,N_terminal_only,False,none
X1461,CC#CCN([*])CC([*])=O |$;;;;;_R1;;;_R2;$|,H,OH,-,HELM-GPT,flexible,False,none
Fmoc_F,[*]C(=O)[C@H](Cc1ccccc1)NC(=O)OCC1c2ccccc2-c2ccccc12 |$_R2;;;;;;;;;;;;;;;;;;;;;;;;;;;;$|,-,OH,-,HELM-GPT,N_terminal_only,False,none
X1341,CCCN1C(=O)C[C@H](NC1=O)C([*])=O |$;;;;;;;;;;;;_R2;$|,-,OH,-,HELM-GPT,N_terminal_only,False,none
X1344,CCOC(=O)[C@H](Cc1ccccc1)N(C)[*] |$;;;;;;;;;;;;;;;_R1$|,H,-,-,HELM-GPT,C_terminal_only,False,none
X1228,CC(C)(C)OC(=O)N[C@H](CCCCNC(N)=N)C([*])=O |$;;;;;;;;;;;;;;;;;;_R2;$|,-,OH,-,HELM-GPT,N_terminal_only,False,none
X1328,OC(O)C[C@H](N[*])C([*])=O |$;;;;;;_R1;;_R2;$|,H,OH,-,HELM-GPT,flexible,False,none
X1419,[*]C(=O)CNc1cccc2ccccc12 |$_R2;;;;;;;;;;;;;;$|,-,OH,-,HELM-GPT,N_terminal_only,False,none
X1304,[*]C(=O)[C@H](CCCNCc1ccc(cc1)N(=O)=O)NCc1ccccc1 |$_R2;;;;;;;;;;;;;;;;;;;;;;;;;$|,-,OH,-,HELM-GPT,N_terminal_only,False,none
X1203,"COc1ccc(C=NO[C@@H]2C[C@H](N([*])C2)C([*])=O)cc1OC |w:7.7,$;;;;;;;;;;;;;_R1;;;_R2;;;;;$|",H,OH,-,HELM-GPT,flexible,False,none
Fmoc_L,CC(C)C[C@H](NC(=O)OCC1c2ccccc2-c2ccccc12)C([*])=O |$;;;;;;;;;;;;;;;;;;;;;;;;_R2;$|,-,OH,-,HELM-GPT,N_terminal_only,False,none
X245,Clc1ccc(C[C@H](N[*])C([*])=O)cc1Cl |$;;;;;;;;_R1;;_R2;;;;$|,H,OH,-,HELM-GPT,flexible,False,none
X321,CSCC[C@H](N[*])C=O |$;;;;;;_R1;;$|,H,-,-,HELM-GPT,C_terminal_only,False,none
X692,C[C@@](CO)(N[*])C([*])=O |$;;;;;_R1;;_R2;$|,H,OH,-,HELM-GPT,flexible,False,none
X693,CN([*])[C@@H](CC(O)=O)C=O |$;;_R1;;;;;;;$|,H,-,-,HELM-GPT,C_terminal_only,False,none
X515,CC(C)[C@H](NC(N)=N)C([*])=O |$;;;;;;;;;_R2;$|,-,OH,-,HELM-GPT,N_terminal_only,False,none
X194,[*]N[C@@H](Cc1c[nH]c2ccccc12)C=O |$_R1;;;;;;;;;;;;;;$|,H,-,-,HELM-GPT,C_terminal_only,False,none
X204,CCN([*])CC([*])=O |$;;;_R1;;;_R2;$|,H,OH,-,HELM-GPT,flexible,False,none
X272,CN1C(=O)C[C@H](NC1=O)C([*])=O |$;;;;;;;;;;_R2;$|,-,OH,-,HELM-GPT,N_terminal_only,False,none
X405,[*]N(CC([*])=O)C1CC1 |$_R1;;;;_R2;;;;$|,H,OH,-,HELM-GPT,flexible,False,none
X212,Oc1ccc(C[C@H](N(Cc2ccccc2)Cc2ccccc2)C([*])=O)cc1 |$;;;;;;;;;;;;;;;;;;;;;;;_R2;;;$|,-,OH,-,HELM-GPT,N_terminal_only,False,none
X630,"[*]N[C@@H](CCCCN=C(NCc1ccccn1)NC#N)C([*])=O |w:7.6,$_R1;;;;;;;;;;;;;;;;;;;;;_R2;$|",H,OH,-,HELM-GPT,flexible,False,none
X361,CCCN([*])CC([*])=O |$;;;;_R1;;;_R2;$|,H,OH,-,HELM-GPT,flexible,False,none
X364,[*]N[C@@H](Cc1nc2CCCCc2[nH]1)C([*])=O |$_R1;;;;;;;;;;;;;;_R2;$|,H,OH,-,HELM-GPT,flexible,False,none
Me_lalloT,C[C@H](O)[C@H](N(C)[*])C([*])=O |$;;;;;;_R1;;_R2;$|,H,OH,-,HELM-GPT,flexible,False,none
X369,CC(=O)O[C@H]([C@@H](N[*])C(O)=O)c1ccccc1 |$;;;;;;;_R1;;;;;;;;;$|,H,-,-,HELM-GPT,C_terminal_only,False,none
X1527,CC(C)C[C@H](NC(=O)N1CCOCC1)C([*])=O |$;;;;;;;;;;;;;;;_R2;$|,-,OH,-,HELM-GPT,N_terminal_only,False,none
X1842,CN([*])[C@H](Cc1ccoc1)C([*])=O |$;;_R1;;;;;;;;;_R2;$|,H,OH,-,HELM-GPT,flexible,False,none
X1529,C[C@H](N[*])C(=O)C[C@H](Cc1ccccc1)C(O)=O |$;;;_R1;;;;;;;;;;;;;;$|,H,-,-,HELM-GPT,C_terminal_only,False,none
X1591,C[C@@H](O)[C@H](O)[C@H](N[*])C([*])=O |$;;;;;;;_R1;;_R2;$|,H,OH,-,HELM-GPT,flexible,False,none
X529,NC(=O)Nc1ccc(C[C@H](N[*])C([*])=O)cc1 |$;;;;;;;;;;;_R1;;_R2;;;$|,H,OH,-,HELM-GPT,flexible,False,none
X478,[*]N1C[C@@H](C[C@H]1C([*])=O)Oc1ccccc1 |$_R1;;;;;;;_R2;;;;;;;;$|,H,OH,-,HELM-GPT,flexible,False,none
X543,Cn1cc(C[C@H](N[*])C([*])=O)c2ccccc12 |$;;;;;;;_R1;;_R2;;;;;;;$|,H,OH,-,HELM-GPT,flexible,False,none
X449,"[*]N1C[C@@H](C[C@H]1C([*])=O)ON=Cc1ccc(o1)-c1nc2ccccc2s1 |w:10.10,$_R1;;;;;;;_R2;;;;;;;;;;;;;;;;;;$|",H,OH,-,HELM-GPT,flexible,False,none
X586,OC[C@H](O)[C@H](O)[C@@H](O)[C@@H](N[*])C=O |$;;;;;;;;;;_R1;;$|,H,-,-,HELM-GPT,C_terminal_only,False,none
X1511,OC(=O)C[C@H](N[*])C(=O)CCCCc1ccccc1 |$;;;;;;_R1;;;;;;;;;;;;$|,H,-,-,HELM-GPT,C_terminal_only,False,none
X2571,Cc1cccc(C)c1C(=O)OCC(=O)[C@H](CCCNC(N)=N)N[*] |$;;;;;;;;;;;;;;;;;;;;;;;_R1$|,H,-,-,HELM-GPT,C_terminal_only,False,none
X2598,COc1cccc(NCC([*])=O)c1 |$;;;;;;;;;;_R2;;$|,-,OH,-,HELM-GPT,N_terminal_only,False,none
X2675,OP(O)(=O)N(CC([*])=O)C(=O)OCc1ccccc1 |$;;;;;;;_R2;;;;;;;;;;;$|,-,OH,-,HELM-GPT,N_terminal_only,False,none
X2661,OC(=O)CCC[C@H](NC(=O)OCC1c2ccccc2-c2ccccc12)C([*])=O |$;;;;;;;;;;;;;;;;;;;;;;;;;;_R2;$|,-,OH,-,HELM-GPT,N_terminal_only,False,none
X2612,OC(=O)C[C@H]1N([*])C[C@H](Cc2ccccc2)NC1=O |$;;;;;;_R1;;;;;;;;;;;;$|,H,-,-,HELM-GPT,C_terminal_only,False,none
X2662,CCCC(=O)CCCCC[C@H](N[*])C([*])=O |$;;;;;;;;;;;;_R1;;_R2;$|,H,OH,-,HELM-GPT,flexible,False,none
X2694,[*]N[C@@H](CN1CCCC1=O)C=O |$_R1;;;;;;;;;;;$|,H,-,-,HELM-GPT,C_terminal_only,False,none
X2657,CCCCc1ccc(cc1)-c1ccc(C[C@H](N[*])C([*])=O)cc1 |$;;;;;;;;;;;;;;;;;_R1;;_R2;;;$|,H,OH,-,HELM-GPT,flexible,False,none
X2709,CCOCCOCCNC(=O)Nc1ccc(C[C@@H](N[*])C([*])=O)cc1 |$;;;;;;;;;;;;;;;;;;;_R1;;_R2;;;$|,H,OH,-,HELM-GPT,flexible,False,none
X2328,[*]N[C@@H](Cc1ccc(cc1)-c1ccc2ccccc2c1)C([*])=O |$_R1;;;;;;;;;;;;;;;;;;;;;_R2;$|,H,OH,-,HELM-GPT,flexible,False,none
X2310,Oc1ccc(C[C@H](N[C@@H](Cc2ccccc2)C([*])=O)C(=O)CC2(CCC(CC2)c2ccccc2)S[*])cc1 |$;;;;;;;;;;;;;;;;;_R2;;;;;;;;;;;;;;;;;;_R3;;$|,-,OH,H,HELM-GPT,N_terminal_only,True,none
X2390,CC(=O)OC[C@H](N[*])C(=O)c1nc2ccccc2[nH]1 |$;;;;;;;_R1;;;;;;;;;;;$|,H,-,-,HELM-GPT,C_terminal_only,False,none
X2444,CC(C)(C)NC(=O)N[C@@H](Cc1c[nH]c2ccccc12)C([*])=O |$;;;;;;;;;;;;;;;;;;;;_R2;$|,-,OH,-,HELM-GPT,N_terminal_only,False,none
X2359,OC(=O)CN([*])N[C@H](Cc1ccc(O)cc1)C([*])=O |$;;;;;_R1;;;;;;;;;;;;_R2;$|,H,OH,-,HELM-GPT,flexible,False,none
X2500,NC(=N)N1CCC[C@H](C[C@@H](N[*])C(=O)c2nc3ccccc3s2)C1 |$;;;;;;;;;;;_R1;;;;;;;;;;;;$|,H,-,-,HELM-GPT,C_terminal_only,False,none
X2481,C[C@H](NCC(=O)[C@@H](CCCNC(N)=N)N[*])C([*])=O |$;;;;;;;;;;;;;;;_R1;;_R2;$|,H,OH,-,HELM-GPT,flexible,False,none
X2374,NC(=N)Nc1ccc(cc1)[C@@H](N[*])C([*])=O |$;;;;;;;;;;;;_R1;;_R2;$|,H,OH,-,HELM-GPT,flexible,False,none
X2355,OC(=O)c1sccc1C[C@]1(Cc2ccccc2N1)C([*])=O |$;;;;;;;;;;;;;;;;;;;_R2;$|,-,OH,-,HELM-GPT,N_terminal_only,False,none
X2406,C[C@@H](O)[C@H](N[*])C(=O)CN1CCC[C@H]1C([*])=O |$;;;;;_R1;;;;;;;;;;_R2;$|,H,OH,-,HELM-GPT,flexible,False,none
X2346,CC(C)[C@H](NC[C@@H]1COCCCCCN([*])[C@@H](C)C(=O)N1)C([*])=O |$;;;;;;;;;;;;;;;_R1;;;;;;;_R2;$|,H,OH,-,HELM-GPT,flexible,False,none
X2453,CCOC(=O)[C@H](Cc1cccc2ccccc12)N[*] |$;;;;;;;;;;;;;;;;;;_R1$|,H,-,-,HELM-GPT,C_terminal_only,False,none
X2443,CSCC[C@H](NC(=O)Nc1ccc(C)cc1)C([*])=O |$;;;;;;;;;;;;;;;;;_R2;$|,-,OH,-,HELM-GPT,N_terminal_only,False,none
X2393,OC(=O)C[C@H](N[*])C(=O)COC(=O)CC(c1ccccc1)c1ccccc1 |$;;;;;;_R1;;;;;;;;;;;;;;;;;;;;$|,H,-,-,HELM-GPT,C_terminal_only,False,none
EtCO_W,CCOC(=O)N[C@@H](Cc1c[nH]c2ccccc12)C([*])=O |$;;;;;;;;;;;;;;;;;;_R2;$|,-,OH,-,HELM-GPT,N_terminal_only,False,none
X2286,CCOC(=O)[C@@H]1[C@H](N1[*])C(=O)OCC |$;;;;;;;;_R1;;;;;$|,H,-,-,HELM-GPT,C_terminal_only,False,none
X2322,Oc1coc(COC(=O)N[C@@H](Cc2ccccc2)C([*])=O)cc1=O |$;;;;;;;;;;;;;;;;;;;_R2;;;;$|,-,OH,-,HELM-GPT,N_terminal_only,False,none
X2336,C[C@](CCCC(O)=O)(NC(=O)OCC1c2ccccc2-c2ccccc12)C([*])=O |$;;;;;;;;;;;;;;;;;;;;;;;;;;;_R2;$|,-,OH,-,HELM-GPT,N_terminal_only,False,none
Fmoc_V,CC(C)[C@H](NC(=O)OCC1c2ccccc2-c2ccccc12)C([*])=O |$;;;;;;;;;;;;;;;;;;;;;;;_R2;$|,-,OH,-,HELM-GPT,N_terminal_only,False,none
X2260,CC(C)[C@H](N[*])C(=O)c1nc2cc(ccc2o1)C#N |$;;;;;_R1;;;;;;;;;;;;;$|,H,-,-,HELM-GPT,C_terminal_only,False,none
X445,CCCCC[C@H](N[*])C([*])=O |$;;;;;;;_R1;;_R2;$|,H,OH,-,HELM-GPT,flexible,False,none
X459,CCCS[C@H]1CCN([*])[C@@H]1C([*])=O |$;;;;;;;;_R1;;;_R2;$|,H,OH,-,HELM-GPT,flexible,False,none
X469,CC(C)[C@H](NCCc1cnc[nH]1)C([*])=O |$;;;;;;;;;;;;;_R2;$|,-,OH,-,HELM-GPT,N_terminal_only,False,none
X470,OC[C@H](NC(=O)Nc1ccccc1)C([*])=O |$;;;;;;;;;;;;;;_R2;$|,-,OH,-,HELM-GPT,N_terminal_only,False,none
X661,CN([*])[C@@H](Cc1c[nH]c2ccccc12)C(=O)OC(C)(C)C |$;;_R1;;;;;;;;;;;;;;;;;;$|,H,-,-,HELM-GPT,C_terminal_only,False,none
X477,NCCCC[C@H](N[*])C(=O)C=O |$;;;;;;;_R1;;;;$|,H,-,-,HELM-GPT,C_terminal_only,False,none
X702,OC(=O)C(F)(C(O)=O)c1ccc(C[C@H](N[*])C([*])=O)cc1 |$;;;;;;;;;;;;;;;_R1;;_R2;;;$|,H,OH,-,HELM-GPT,flexible,False,none
X833,NCCCC[C@H](NC[C@@H](N)CCCNC(N)=N)C([*])=O |$;;;;;;;;;;;;;;;;;;_R2;$|,-,OH,-,HELM-GPT,N_terminal_only,False,none
X546,ONC(=O)Nc1ccc(C[C@H](N[*])C([*])=O)cc1 |$;;;;;;;;;;;;_R1;;_R2;;;$|,H,OH,-,HELM-GPT,flexible,False,none
X666,CC(C)(C)OC(=O)N[C@@H](CCCNC(=N)NN(=O)=O)C([*])=O |$;;;;;;;;;;;;;;;;;;;;_R2;$|,-,OH,-,HELM-GPT,N_terminal_only,False,none
X497,[*]N1C[C@@H](C[C@H]1C([*])=O)[N-][N+]#N |$_R1;;;;;;;_R2;;;;$|,H,OH,-,HELM-GPT,flexible,False,none
X549,CCCCC(CCCC)NCCCC[C@H](N[*])C([*])=O |$;;;;;;;;;;;;;;;;_R1;;_R2;$|,H,OH,-,HELM-GPT,flexible,False,none
X894,[*]C(=O)[C@H](Cc1ccccc1)n1c(=O)[nH]c2ccccc2c1=O |$_R2;;;;;;;;;;;;;;;;;;;;;;$|,-,OH,-,HELM-GPT,N_terminal_only,False,none
X845,[*]N(CC([*])=O)Cc1ccc2OCOc2c1 |$_R1;;;;_R2;;;;;;;;;;;$|,H,OH,-,HELM-GPT,flexible,False,none
X650,OC(=O)CC[C@H](N(CCN(CCC(O)=O)CCC(O)=O)CCN(CCC(O)=O)CCC(O)=O)C([*])=O |$;;;;;;;;;;;;;;;;;;;;;;;;;;;;;;;;;;_R2;$|,-,OH,-,HELM-GPT,N_terminal_only,False,none
X578,[*]C(=O)C1(CCCC1)NCCCC1CCCCC1 |$_R2;;;;;;;;;;;;;;;;;$|,-,OH,-,HELM-GPT,N_terminal_only,False,none
X643,C[C@]1(CO1)C(=O)[C@H](Cc1ccccc1)N[*] |$;;;;;;;;;;;;;;;_R1$|,H,-,-,HELM-GPT,C_terminal_only,False,none
X3002,Fc1cc(C[C@@H](N[*])C([*])=O)cc(F)c1F |$;;;;;;;_R1;;_R2;;;;;;$|,H,OH,-,HELM-GPT,flexible,False,none
X3016,C[Si]1(C)C[C@H](N([*])C1)C([*])=O |$;;;;;;_R1;;;_R2;$|,H,OH,-,HELM-GPT,flexible,False,none
X3032,CC(C)(C)OC(=O)C[C@H](NC(=O)OCc1ccccc1)C([*])=O |$;;;;;;;;;;;;;;;;;;;;;_R2;$|,-,OH,-,HELM-GPT,N_terminal_only,False,none
X2888,"CCCC[C@H](N[*])C(=O)C=CS(=O)(=O)c1ccccc1 |w:9.8,$;;;;;;_R1;;;;;;;;;;;;;$|",H,-,-,HELM-GPT,C_terminal_only,False,none
X2496,CC(C)(C)OC(=O)N[C@@H](C([*])=O)c1ccc2ccccc2c1 |$;;;;;;;;;;_R2;;;;;;;;;;;$|,-,OH,-,HELM-GPT,N_terminal_only,False,none
X1654,Oc1ccc(cc1)[C@H]([N-][N+]#N)C([*])=O |$;;;;;;;;;;;;_R2;$|,-,OH,-,HELM-GPT,N_terminal_only,False,none
X1655,CC(C)(C)OC(=O)N[C@H](CCCNC(N)=O)C([*])=O |$;;;;;;;;;;;;;;;;;_R2;$|,-,OH,-,HELM-GPT,N_terminal_only,False,none
X574,[*]N[C@H](CCCCNC1CCCC1)C([*])=O |$_R1;;;;;;;;;;;;;;_R2;$|,H,OH,-,HELM-GPT,flexible,False,none
Boc_dF,CC(C)(C)OC(=O)N([*])[C@H](Cc1ccccc1)C([*])=O |$;;;;;;;;_R1;;;;;;;;;;_R2;$|,H,OH,-,HELM-GPT,flexible,False,none
X1573,COC(=O)[C@H](Cc1cccc(OC(C)=O)c1)N[*] |$;;;;;;;;;;;;;;;;;_R1$|,H,-,-,HELM-GPT,C_terminal_only,False,none
X85,CCCCCCCCN(CCCCCCCC)[C@@H](Cc1ccc(O)cc1)C([*])=O |$;;;;;;;;;;;;;;;;;;;;;;;;;;;_R2;$|,-,OH,-,HELM-GPT,N_terminal_only,False,none
X2216,[*]N[C@@H]([C@@H](Oc1ccc(C=O)cc1)c1ccccc1)C([*])=O |$_R1;;;;;;;;;;;;;;;;;;;;_R2;$|,H,OH,-,HELM-GPT,flexible,False,none
X2219,CC(C)[C@H](N[*])C(=O)c1cc2ccccc2s1 |$;;;;;_R1;;;;;;;;;;;$|,H,-,-,HELM-GPT,C_terminal_only,False,none
X2220,CNC(=O)N[C@@H](Cc1ccc(Cl)cc1)C([*])=O |$;;;;;;;;;;;;;;;_R2;$|,-,OH,-,HELM-GPT,N_terminal_only,False,none
X2221,COC(=O)[C@H](Cc1c[nH]c2c(cccc12)-c1ccc(C[C@H](NC(=O)OC(C)(C)C)C([*])=O)cc1OC)N[*] |$;;;;;;;;;;;;;;;;;;;;;;;;;;;;;;_R2;;;;;;;_R1$|,H,OH,-,HELM-GPT,flexible,False,none
C,[*]N[C@@H](CS[*])C([*])=O |$_R1;;;;;_R3;;_R2;$|,H,OH,H,HELM-GPT,flexible,True,none
X724,Oc1ccccc1[C@H]1N[C@@H](Cc2c1[nH]c1ccccc21)C([*])=O |$;;;;;;;;;;;;;;;;;;;;;_R2;$|,-,OH,-,HELM-GPT,N_terminal_only,False,none
X725,NC(=N)NCCN([*])CC([*])=O |$;;;;;;;_R1;;;_R2;$|,H,OH,-,HELM-GPT,flexible,False,none
X1045,[*]N[C@@H](CCC#N)C=O |$_R1;;;;;;;;$|,H,-,-,HELM-GPT,C_terminal_only,False,none
X1106,[*]C(=O)[C@H](Cc1cnc[nH]1)Nc1c(cc(cc1N(=O)=O)N(=O)=O)N(=O)=O |$_R2;;;;;;;;;;;;;;;;;;;;;;;;;$|,-,OH,-,HELM-GPT,N_terminal_only,False,none
X815,NCCCC[C@H](N[*])C(=O)C(O)=O |$;;;;;;;_R1;;;;;$|,H,-,-,HELM-GPT,C_terminal_only,False,none
A_MeCl,C[C@H](N[*])C(=O)CCl |$;;;_R1;;;;$|,H,-,-,HELM-GPT,C_terminal_only,False,none
X1186,Cc1cccc(C[C@H](N[*])C([*])=O)c1 |$;;;;;;;;;_R1;;_R2;;$|,H,OH,-,HELM-GPT,flexible,False,none
X997,COC(=O)C[C@H](N[*])C(=O)CF |$;;;;;;;_R1;;;;$|,H,-,-,HELM-GPT,C_terminal_only,False,none
X1096,[*]C(=O)[C@@H]1NCC[C@@H]2CCCC[C@H]12 |$_R2;;;;;;;;;;;;$|,-,OH,-,HELM-GPT,N_terminal_only,False,none
X750,CCC[C@H](N[*])C(=O)C(F)(F)F |$;;;;;_R1;;;;;;$|,H,-,-,HELM-GPT,C_terminal_only,False,none
X1026,C[C@@H](O)[C@H](OC(=O)[C@@H]1CCCN1[*])C(O)=O |$;;;;;;;;;;;;_R1;;;$|,H,-,-,HELM-GPT,C_terminal_only,False,none
X991,CCC#CCN([*])CC([*])=O |$;;;;;;_R1;;;_R2;$|,H,OH,-,HELM-GPT,flexible,False,none
X1030,CCCCN([*])CC([*])=O |$;;;;;_R1;;;_R2;$|,H,OH,-,HELM-GPT,flexible,False,none
X1095,NN[C@@H](Cc1ccc(ON)cc1)C([*])=O |$;;;;;;;;;;;;;_R2;$|,-,OH,-,HELM-GPT,N_terminal_only,False,none
X986,BrCCCCC[C@H]([N-][N+]#N)C([*])=O |$;;;;;;;;;;;_R2;$|,-,OH,-,HELM-GPT,N_terminal_only,False,none
X786,Nc1nnc(NCCCC[C@@H](N[*])C([*])=O)[nH]1 |$;;;;;;;;;;;;_R1;;_R2;;$|,H,OH,-,HELM-GPT,flexible,False,none
X933,FC(F)(F)c1ccc(C[C@@H](N[*])C([*])=O)cc1 |$;;;;;;;;;;;_R1;;_R2;;;$|,H,OH,-,HELM-GPT,flexible,False,none
X932,CC(C)(C)c1ccc(C[C@H](N[*])C([*])=O)cc1 |$;;;;;;;;;;;_R1;;_R2;;;$|,H,OH,-,HELM-GPT,flexible,False,none
X1772,Brc1[nH]c2ccccc2c1C[C@H](N[*])C([*])=O |$;;;;;;;;;;;;;_R1;;_R2;$|,H,OH,-,HELM-GPT,flexible,False,none
Tyr(tBu),CC(C)(C)Oc1ccc(C[C@H](N[*])C([*])=O)cc1 |$;;;;;;;;;;;;_R1;;_R2;;;$|,H,OH,-,HELM-GPT,flexible,False,none
X1972,NC(=O)N[C@H](Cc1ccccc1)C([*])=O |$;;;;;;;;;;;;;_R2;$|,-,OH,-,HELM-GPT,N_terminal_only,False,none
X2003,Fc1ccccc1[C@H](N[*])C([*])=O |$;;;;;;;;;_R1;;_R2;$|,H,OH,-,HELM-GPT,flexible,False,none
X1976,CCCNCCC[C@H](N[*])C([*])=O |$;;;;;;;;;_R1;;_R2;$|,H,OH,-,HELM-GPT,flexible,False,none
X1959,Clc1ccccc1[C@H](N[*])C([*])=O |$;;;;;;;;;_R1;;_R2;$|,H,OH,-,HELM-GPT,flexible,False,none
X2031,[*]N[C@H](Cc1cnccn1)C([*])=O |$_R1;;;;;;;;;;;_R2;$|,H,OH,-,HELM-GPT,flexible,False,none
X2071,CCCCNC(=O)N[C@H](CS[*])C([*])=O |$;;;;;;;;;;;_R3;;_R2;$|,-,OH,H,HELM-GPT,N_terminal_only,True,none
X1837,"CC(=O)OCC=CCOC[C@@H](N[*])C([*])=O |w:6.6,$;;;;;;;;;;;;_R1;;_R2;$|",H,OH,-,HELM-GPT,flexible,False,none
X1905,NCCOC[C@@H](N[*])C([*])=O |$;;;;;;;_R1;;_R2;$|,H,OH,-,HELM-GPT,flexible,False,none
X1870,[*]N[C@@H](Cn1ccc2ccccc12)C([*])=O |$_R1;;;;;;;;;;;;;;_R2;$|,H,OH,-,HELM-GPT,flexible,False,none
X1664,"NC1=NC[C@H](N1)[C@@H](O)[C@H](N[*])C([*])=O |$;;;;;;;;;;_R1;;_R2;$,t:1|",H,OH,-,HELM-GPT,flexible,False,none
X1736,"BrCC=CCOC[C@@H](N[*])C([*])=O |w:3.3,$;;;;;;;;;_R1;;_R2;$|",H,OH,-,HELM-GPT,flexible,False,none
X1669,"CC=CC[C@@H](C)[C@@H](O)[C@@H](N(C)[*])C([*])=O |w:1.0,$;;;;;;;;;;;_R1;;_R2;$|",H,OH,-,HELM-GPT,flexible,False,none
X1818,CN(C)CCC[C@@H](N[*])C([*])=O |$;;;;;;;;_R1;;_R2;$|,H,OH,-,HELM-GPT,flexible,False,none
X1893,Cn1cc([C@H](N[*])C([*])=O)c(=O)c2ccccc12 |$;;;;;;_R1;;_R2;;;;;;;;;$|,H,OH,-,HELM-GPT,flexible,False,none
X1781,"C[C@H](CC1=NCc2ccccc2N1)[C@@H](O)[C@H](N(C)[*])C([*])=O |$;;;;;;;;;;;;;;;;;;_R1;;_R2;$,t:3|",H,OH,-,HELM-GPT,flexible,False,none
X1852,ClCC(=O)CCCCC[C@H](N[*])C([*])=O |$;;;;;;;;;;;_R1;;_R2;$|,H,OH,-,HELM-GPT,flexible,False,none
X1787,Oc1c(cnc2ccccc12)[C@@H](N[*])C([*])=O |$;;;;;;;;;;;;;_R1;;_R2;$|,H,OH,-,HELM-GPT,flexible,False,none
X33,[*]N[C@@H](Cc1ccc(cc1)N(=O)=O)C([*])=O |$_R1;;;;;;;;;;;;;;_R2;$|,H,OH,-,HELM-GPT,flexible,False,none
X71,Oc1ccc(CN([*])CC([*])=O)cc1 |$;;;;;;;_R1;;;_R2;;;$|,H,OH,-,HELM-GPT,flexible,False,none
X130,[*]N[C@H]1CCCNC1=O |$_R1;;;;;;;;$|,H,-,-,HELM-GPT,C_terminal_only,False,none
X165,C[C@H]([C@H](N[*])C([*])=O)c1ccccc1 |$;;;;_R1;;_R2;;;;;;;$|,H,OH,-,HELM-GPT,flexible,False,none
X132,CN(C)c1cccc2c(cccc12)S(=O)(=O)NCCn1cc(C[C@H](N[*])C([*])=O)nn1 |$;;;;;;;;;;;;;;;;;;;;;;;;;_R1;;_R2;;;$|,H,OH,-,HELM-GPT,flexible,False,none
X127,OP(O)(=O)Oc1ccc(C[C@H](N[*])C([*])=O)cc1 |$;;;;;;;;;;;;_R1;;_R2;;;$|,H,OH,-,HELM-GPT,flexible,False,none
X154,[*]N[C@@H](CCCCNC(=O)OCc1ccccc1N(=O)=O)C([*])=O |$_R1;;;;;;;;;;;;;;;;;;;;;;_R2;$|,H,OH,-,HELM-GPT,flexible,False,none
X359,CC(C)[C@H](NCc1ccc(O)cc1)C([*])=O |$;;;;;;;;;;;;;;_R2;$|,-,OH,-,HELM-GPT,N_terminal_only,False,none
X115,[*]N[C@H](Cc1cn(Cc2ccccc2)cn1)C([*])=O |$_R1;;;;;;;;;;;;;;;;;_R2;$|,H,OH,-,HELM-GPT,flexible,False,none
4-Pal,[*]N[C@@H](Cc1ccncc1)C([*])=O |$_R1;;;;;;;;;;;_R2;$|,H,OH,-,HELM-GPT,flexible,False,none
X13,C[C@@H]1C[C@]1(N[*])C(O)=O |$;;;;;_R1;;;$|,H,-,-,HELM-GPT,C_terminal_only,False,none
X29,"CC(C)N=C(NCCCC[C@H](N[*])C([*])=O)NC#N |w:3.2,$;;;;;;;;;;;;_R1;;_R2;;;;$|",H,OH,-,HELM-GPT,flexible,False,none
X2771,OC(=O)C[C@H](N[*])C(=O)[C@H](CC(O)=O)NC(=O)N1CCC[C@@H]1C([*])=O |$;;;;;;_R1;;;;;;;;;;;;;;;;;_R2;$|,H,OH,-,HELM-GPT,flexible,False,none
X2790,Oc1ccc2c(Oc3cc(O)ccc3C22OC(=O)c3cc(NC(=S)N[C@H](Cc4ccccc4)C([*])=O)ccc23)c1 |$;;;;;;;;;;;;;;;;;;;;;;;;;;;;;;;;;;_R2;;;;;$|,-,OH,-,HELM-GPT,N_terminal_only,False,none
X2436,N[C@@H](CC(=O)NC(=O)[C@H](CS[*])N[*])C([*])=O |$;;;;;;;;;;;_R3;;_R1;;_R2;$|,H,OH,H,HELM-GPT,flexible,True,none
X2445,CN([*])[C@H](Cc1c[nH]c2ccccc12)C(=O)OC(C)(C)C |$;;_R1;;;;;;;;;;;;;;;;;;$|,H,-,-,HELM-GPT,C_terminal_only,False,none
X2883,CN(C)C(=NCCC[C@@H](N[*])C([*])=O)N(C)C |$;;;;;;;;;;_R1;;_R2;;;;$|,H,OH,-,HELM-GPT,flexible,False,none
X2283,Fc1ccc2c(O[C@@H]3C[C@H](N([*])C3)C([*])=O)cc(nc2c1)-c1ccccc1 |$;;;;;;;;;;;_R1;;;_R2;;;;;;;;;;;;$|,H,OH,-,HELM-GPT,flexible,False,none
X2489,C[C@H](NCC(=O)[C@H](CCCNC(N)=N)N[*])C([*])=O |$;;;;;;;;;;;;;;;_R1;;_R2;$|,H,OH,-,HELM-GPT,flexible,False,none
X2584,CSCCCCC[C@H](N[*])C([*])=O |$;;;;;;;;;_R1;;_R2;$|,H,OH,-,HELM-GPT,flexible,False,none
X2604,CC(C)(C)OC(=O)N[C@@H](C([*])=O)c1cccc(c1)C(F)(F)F |$;;;;;;;;;;_R2;;;;;;;;;;;$|,-,OH,-,HELM-GPT,N_terminal_only,False,none
X2591,Cc1ccc(cc1)S(=O)(=O)N[C@@H](COCc1ccccc1C)C([*])=O |$;;;;;;;;;;;;;;;;;;;;;;;_R2;$|,-,OH,-,HELM-GPT,N_terminal_only,False,none
X2754,COc1ccc(C[C@H](NC(=O)OCc2ccccc2)C([*])=O)cc1Oc1ccc(C[C@H](N[*])C(O)=O)cc1 |$;;;;;;;;;;;;;;;;;;;;_R2;;;;;;;;;;;;_R1;;;;;$|,H,OH,-,HELM-GPT,flexible,False,none
X2799,OC(=O)C[C@H](NC(=S)Nc1ccc(c(c1)C(O)=O)-c1c2ccc(O)cc2oc2cc(=O)ccc12)C([*])=O |$;;;;;;;;;;;;;;;;;;;;;;;;;;;;;;;;;;;_R2;$|,-,OH,-,HELM-GPT,N_terminal_only,False,none
X2451,"CC1(C)C(=CC=CC=CC=CC2=[N+](CC([*])=O)c3ccc4ccccc4c3C2(C)C)N(CCC(O)=O)c2ccc3ccccc3c12 |w:4.4,6.6,8.8,10.10,$;;;;;;;;;;;;;;;_R2;;;;;;;;;;;;;;;;;;;;;;;;;;;;;;$,c:11|",-,OH,-,HELM-GPT,N_terminal_only,False,none
X2800,CC(C)(C)OC(=O)N[C@@H](CCCCOS(O)(=O)=O)C([*])=O |$;;;;;;;;;;;;;;;;;;;_R2;$|,-,OH,-,HELM-GPT,N_terminal_only,False,none
X2664,[*]C(=O)CNNc1c(OCc2ccccc2)c(=O)c1=O |$_R2;;;;;;;;;;;;;;;;;;;$|,-,OH,-,HELM-GPT,N_terminal_only,False,none
X2782,CNCCCC[C@H](N[*])C(=O)c1nc2ccccc2s1 |$;;;;;;;;_R1;;;;;;;;;;;$|,H,-,-,HELM-GPT,C_terminal_only,False,none
X2200,NC(=N)NCCC[C@@H](NS(=O)(=O)Cc1ccccc1)C([*])=O |$;;;;;;;;;;;;;;;;;;;;_R2;$|,-,OH,-,HELM-GPT,N_terminal_only,False,none
X2170,N[C@@H](CCC(=O)NC(=O)[C@@H](N)CCC(O)=O)C([*])=O |$;;;;;;;;;;;;;;;;;_R2;$|,-,OH,-,HELM-GPT,N_terminal_only,False,none
X2175,CCCCCCCn1cc(C[C@H](N[*])C([*])=O)[n+](CCCCCCC)c1 |$;;;;;;;;;;;;;_R1;;_R2;;;;;;;;;;$|,H,OH,-,HELM-GPT,flexible,False,none
X2156,CC[C@H](C)[C@H](N[*])C(=O)CN1CCCC[C@@H]1C([*])=O |$;;;;;;_R1;;;;;;;;;;;_R2;$|,H,OH,-,HELM-GPT,flexible,False,none
X2111,Nc1cccc(COC(=O)N[C@@H](Cc2ccc(OP(O)(O)=O)cc2)C([*])=O)c1 |$;;;;;;;;;;;;;;;;;;;;;;;;;_R2;;$|,-,OH,-,HELM-GPT,N_terminal_only,False,none
X2196,[*]C(=O)[C@@H](Cc1cnc[nH]1)NC(=O)OC1CCC1 |$_R2;;;;;;;;;;;;;;;;;$|,-,OH,-,HELM-GPT,N_terminal_only,False,none
X2240,Cn1ccc2cc(ccc12)C(=O)[C@@H](N[*])C([*])=O |$;;;;;;;;;;;;;;_R1;;_R2;$|,H,OH,-,HELM-GPT,flexible,False,none
X2197,CC(C)C[C@H](NC[C@H](Cc1c[nH]c2ccccc12)NC(=O)OC(C)(C)C)C([*])=O |$;;;;;;;;;;;;;;;;;;;;;;;;;;;_R2;$|,-,OH,-,HELM-GPT,N_terminal_only,False,none
X2118,COC(=O)Cc1ccc2oc(nc2c1)C(=O)[C@@H](N[*])C(C)C |$;;;;;;;;;;;;;;;;;;_R1;;;$|,H,-,-,HELM-GPT,C_terminal_only,False,none
X2161,OC(=O)CC[C@H](N[*])C(=O)c1nc2ccccc2[nH]1 |$;;;;;;;_R1;;;;;;;;;;;$|,H,-,-,HELM-GPT,C_terminal_only,False,none
X1124,[*]N[C@H](Cc1ccc(cc1)N(=O)=O)C([*])=O |$_R1;;;;;;;;;;;;;;_R2;$|,H,OH,-,HELM-GPT,flexible,False,none
X1131,CCN(CC)[C@@H](Cc1ccccc1)C([*])=O |$;;;;;;;;;;;;;;_R2;$|,-,OH,-,HELM-GPT,N_terminal_only,False,none
Ser(Bzl),[*]N[C@@H](COCc1ccccc1)C([*])=O |$_R1;;;;;;;;;;;;;_R2;$|,H,OH,-,HELM-GPT,flexible,False,none
X1452,Oc1c(Cl)cc(C[C@H](N[*])C([*])=O)cc1Cl |$;;;;;;;;;_R1;;_R2;;;;$|,H,OH,-,HELM-GPT,flexible,False,none
X1393,[*]N[C@@H](Cc1cnn[nH]1)C([*])=O |$_R1;;;;;;;;;;_R2;$|,H,OH,-,HELM-GPT,flexible,False,none
X1420,Cc1cccc(C)c1C(=O)OCC(=O)[C@H](CC(O)=O)N[*] |$;;;;;;;;;;;;;;;;;;;;_R1$|,H,-,-,HELM-GPT,C_terminal_only,False,none
X1324,CN(C)C(=NCC[C@H](N[*])C([*])=O)N(C)C |$;;;;;;;;;_R1;;_R2;;;;$|,H,OH,-,HELM-GPT,flexible,False,none
X1377,OS(=O)(=O)CCSC[C@H](N[*])C([*])=O |$;;;;;;;;;;_R1;;_R2;$|,H,OH,-,HELM-GPT,flexible,False,none
X1303,NOC(=O)[C@@H]1CCCN1[*] |$;;;;;;;;;_R1$|,H,-,-,HELM-GPT,C_terminal_only,False,none
X1237,OC(=O)C[C@H](N[*])C(=O)c1ccccn1 |$;;;;;;_R1;;;;;;;;$|,H,-,-,HELM-GPT,C_terminal_only,False,none
X1007,CCOP(=O)(Cc1ccc(C[C@H](N[*])C([*])=O)cc1)OCC |$;;;;;;;;;;;;;_R1;;_R2;;;;;;$|,H,OH,-,HELM-GPT,flexible,False,none
X173,"CCCNC(NCCCC[C@@H](N[*])C([*])=O)=NCCC |w:16.16,3.2,$;;;;;;;;;;;;_R1;;_R2;;;;;$|",H,OH,-,HELM-GPT,flexible,False,none
X322,"COC1=CC(=O)N([C@@H]1Cc1ccccc1)C(=O)[C@@H](OC(=O)[C@@H]1CCCN1[*])C(C)C |$;;;;;;;;;;;;;;;;;;;;;;;;;;_R1;;;$,t:2|",H,-,-,HELM-GPT,C_terminal_only,False,none
X187,NC(=N)NCC[C@H](N[*])C([*])=O |$;;;;;;;;_R1;;_R2;$|,H,OH,-,HELM-GPT,flexible,False,none
X338,CONC(=O)Nc1ccc(C[C@@H](N[*])C([*])=O)cc1 |$;;;;;;;;;;;;;_R1;;_R2;;;$|,H,OH,-,HELM-GPT,flexible,False,none
X249,C[C@H](N[*])C=O |$;;;_R1;;$|,H,-,-,HELM-GPT,C_terminal_only,False,none
X328,C[C@@H]([C@H](N)C([*])=O)c1c(C)cc(O)cc1C |$;;;;;_R2;;;;;;;;;;$|,-,OH,-,HELM-GPT,N_terminal_only,False,none
R_OMe,COC(=O)[C@H](CCCNC(N)=N)N[*] |$;;;;;;;;;;;;;_R1$|,H,-,-,HELM-GPT,C_terminal_only,False,none
X561,CON[C@@H](Cc1cccc(O)c1)C([*])=O |$;;;;;;;;;;;;;_R2;$|,-,OH,-,HELM-GPT,N_terminal_only,False,none
X506,CCNC(=O)Nc1ccc(C[C@H](N[*])C([*])=O)cc1 |$;;;;;;;;;;;;;_R1;;_R2;;;$|,H,OH,-,HELM-GPT,flexible,False,none
H_OMe,COC(=O)[C@H](Cc1cnc[nH]1)N[*] |$;;;;;;;;;;;;_R1$|,H,-,-,HELM-GPT,C_terminal_only,False,none
X345,[*]N[C@@H](C1Cc2ccccc2C1)C([*])=O |$_R1;;;;;;;;;;;;;_R2;$|,H,OH,-,HELM-GPT,flexible,False,none
A_OMe,COC(=O)[C@H](C)N[*] |$;;;;;;;_R1$|,H,-,-,HELM-GPT,C_terminal_only,False,none
EtCO_d3-Pal,CCOC(=O)N[C@H](Cc1cccnc1)C([*])=O |$;;;;;;;;;;;;;;;_R2;$|,-,OH,-,HELM-GPT,N_terminal_only,False,none
X373,[*]N[C@H](CSCc1ccccc1)C([*])=O |$_R1;;;;;;;;;;;;;_R2;$|,H,OH,-,HELM-GPT,flexible,False,none
X385,[*]N(CCCc1ccccc1)CC([*])=O |$_R1;;;;;;;;;;;;;_R2;$|,H,OH,-,HELM-GPT,flexible,False,none
X1601,CCCCCCCCC[C@H](N[*])C([*])=O |$;;;;;;;;;;;_R1;;_R2;$|,H,OH,-,HELM-GPT,flexible,False,none
X1524,C[N+](C)(C)CCCC[C@H]([N-][N+]#N)C([*])=O |$;;;;;;;;;;;;;_R2;$|,-,OH,-,HELM-GPT,N_terminal_only,False,none
dP_OBzl,[*]N1CCC[C@@H]1C(=O)OCc1ccccc1 |$_R1;;;;;;;;;;;;;;;$|,H,-,-,HELM-GPT,C_terminal_only,False,none
X1563,C[C@@](CCCCC=C)(N[*])C([*])=O |$;;;;;;;;;_R1;;_R2;$|,H,OH,-,HELM-GPT,flexible,False,none
X1698,NCCCCCNC(=O)O[C@@H]1C[C@H](N([*])C1)C([*])=O |$;;;;;;;;;;;;;;_R1;;;_R2;$|,H,OH,-,HELM-GPT,flexible,False,none
X603,[*]N[C@H](CC#C)C([*])=O |$_R1;;;;;;;_R2;$|,H,OH,-,HELM-GPT,flexible,False,none
Boc_I,CC[C@H](C)[C@H](NC(=O)OC(C)(C)C)C([*])=O |$;;;;;;;;;;;;;;_R2;$|,-,OH,-,HELM-GPT,N_terminal_only,False,none
dNva_OMe,CCC[C@@H](N[*])C(=O)OC |$;;;;;_R1;;;;$|,H,-,-,HELM-GPT,C_terminal_only,False,none
X1520,OC(=O)[C@@H](CCC(=O)[CH-][N+]#N)N[*] |$;;;;;;;;;;;;_R1$|,H,-,-,HELM-GPT,C_terminal_only,False,none
X1605,C[C@H](NC(N)=N)C([*])=O |$;;;;;;;_R2;$|,-,OH,-,HELM-GPT,N_terminal_only,False,none
X2595,NC(=N)NCCCC[C@H](N[*])C(=O)c1nc2ccccc2s1 |$;;;;;;;;;;_R1;;;;;;;;;;;$|,H,-,-,HELM-GPT,C_terminal_only,False,none
X2608,COc1ccc2oc(nc2c1)C(=O)[C@@H](N[*])C(C)C |$;;;;;;;;;;;;;;;_R1;;;$|,H,-,-,HELM-GPT,C_terminal_only,False,none
X2606,COc1ccc(C[C@H](N[C@@H](Cc2ccccc2)C([*])=O)C(=O)CC2(CCC(CC2)c2ccccc2)S[*])cc1 |$;;;;;;;;;;;;;;;;;;_R2;;;;;;;;;;;;;;;;;;_R3;;$|,-,OH,H,HELM-GPT,N_terminal_only,True,none
X2712,COc1ccc2C[C@H](N(C)C(=O)[C@H](Cc3ccc(Oc1c2)cc3)N(C)[*])C(=S)N[C@H](C)C([*])=O |$;;;;;;;;;;;;;;;;;;;;;;;;;_R1;;;;;;;_R2;$|,H,OH,-,HELM-GPT,flexible,False,none
X2732,Oc1ccc(C[C@H](NNCC(=O)[C@@H]2CCCN2[*])C([*])=O)cc1 |$;;;;;;;;;;;;;;;;;_R1;;_R2;;;$|,H,OH,-,HELM-GPT,flexible,False,none
Cbz_Thr(tBu),C[C@@H](OC(C)(C)C)[C@H](NC(=O)OCc1ccccc1)C([*])=O |$;;;;;;;;;;;;;;;;;;;;_R2;$|,-,OH,-,HELM-GPT,N_terminal_only,False,none
X2729,OCCCNCC([*])=O |$;;;;;;;_R2;$|,-,OH,-,HELM-GPT,N_terminal_only,False,none
X2311,CC(C)C[C@H](NC(=O)N1CCC[C@H]1C(C)=O)C([*])=O |$;;;;;;;;;;;;;;;;;_R2;$|,-,OH,-,HELM-GPT,N_terminal_only,False,none
X2330,C[C@H](NC(=O)N1CCC[C@H]1C([*])=O)C(=O)NC(=O)CN[*] |$;;;;;;;;;;;_R2;;;;;;;;;_R1$|,H,OH,-,HELM-GPT,flexible,False,none
X2447,CC(C)[C@H](N[*])C(=O)c1ccc(cc1)C(F)(F)F |$;;;;;_R1;;;;;;;;;;;;$|,H,-,-,HELM-GPT,C_terminal_only,False,none
X2387,Brc1[nH]c2ccccc2c1C[C@@H](N[*])C([*])=O |$;;;;;;;;;;;;;_R1;;_R2;$|,H,OH,-,HELM-GPT,flexible,False,none
X2400,C[C@H](O)[C@@H](Nc1cccc(CCSC[C@H](N[*])C(O)=O)c1)C([*])=O |$;;;;;;;;;;;;;;;;_R1;;;;;;_R2;$|,H,OH,-,HELM-GPT,flexible,False,none
X2407,[*]C(=O)[C@H](CS[*])NCC(=O)c1ccccc1 |$_R2;;;;;;_R3;;;;;;;;;;$|,-,OH,H,HELM-GPT,N_terminal_only,True,none
X2440,[*]N1CCSC[C@@H]1C([*])=O |$_R1;;;;;;;;_R2;$|,H,OH,-,HELM-GPT,flexible,False,none
X2288,C[C@@H](O)[C@@H](NC(=O)OCC1c2ccccc2-c2ccccc12)C([*])=O |$;;;;;;;;;;;;;;;;;;;;;;;_R2;$|,-,OH,-,HELM-GPT,N_terminal_only,False,none
X2340,C[C@H](O)[C@@H](N[*])C(=O)CN[C@@H](C)C([*])=O |$;;;;;_R1;;;;;;;;_R2;$|,H,OH,-,HELM-GPT,flexible,False,none
X641,N[C@H]1C[C@H](N([*])C1)C([*])=O |$;;;;;_R1;;;_R2;$|,H,OH,-,HELM-GPT,flexible,False,none
X451,C[C@@H](OS(O)(=O)=O)[C@H](N[*])C([*])=O |$;;;;;;;;;_R1;;_R2;$|,H,OH,-,HELM-GPT,flexible,False,none
X466,Cc1ccc(cc1)S(=O)(=O)N[C@@H](Cc1ccccc1)C([*])=O |$;;;;;;;;;;;;;;;;;;;;_R2;$|,-,OH,-,HELM-GPT,N_terminal_only,False,none
X593,[*]N[C@@H](CC1CCCNC1)C([*])=O |$_R1;;;;;;;;;;;_R2;$|,H,OH,-,HELM-GPT,flexible,False,none
X657,[*]N[C@@H](CCc1nnn[nH]1)C([*])=O |$_R1;;;;;;;;;;;_R2;$|,H,OH,-,HELM-GPT,flexible,False,none
X539,NS(=O)(=O)c1ccc(C[C@H](N[*])C([*])=O)cc1 |$;;;;;;;;;;;_R1;;_R2;;;$|,H,OH,-,HELM-GPT,flexible,False,none
X485,CCOC(=O)[C@H](CCCc1ccccc1)N[*] |$;;;;;;;;;;;;;;;;_R1$|,H,-,-,HELM-GPT,C_terminal_only,False,none
X761,[*]N[C@H](C1Cc2ccccc2C1)C([*])=O |$_R1;;;;;;;;;;;;;_R2;$|,H,OH,-,HELM-GPT,flexible,False,none
X490,[*]N1C2CCC1(CC2)C([*])=O |$_R1;;;;;;;;;_R2;$|,H,OH,-,HELM-GPT,flexible,False,none
X764,OS(=O)(=O)N[C@@H](Cc1ccccc1)C([*])=O |$;;;;;;;;;;;;;;_R2;$|,-,OH,-,HELM-GPT,N_terminal_only,False,none
L_Me,CC(C)C[C@H](N[*])C(C)=O |$;;;;;;_R1;;;$|,H,-,-,HELM-GPT,C_terminal_only,False,none
X612,OC(=O)Cc1ccc(C[C@H](N[*])C([*])=O)cc1O |$;;;;;;;;;;;_R1;;_R2;;;;$|,H,OH,-,HELM-GPT,flexible,False,none
X446,N[C@H]1C[C@@H]1CC[C@H](N[*])C([*])=O |$;;;;;;;;_R1;;_R2;$|,H,OH,-,HELM-GPT,flexible,False,none
X524,COc1cccc(C[C@H](N[*])C([*])=O)c1 |$;;;;;;;;;;_R1;;_R2;;$|,H,OH,-,HELM-GPT,flexible,False,none
X649,CC(C)[C@H](NC(=O)OC1CCCC1)C([*])=O |$;;;;;;;;;;;;;;_R2;$|,-,OH,-,HELM-GPT,N_terminal_only,False,none
X2860,CCC[C@@H]1CCN([*])[C@@H]1C([*])=O |$;;;;;;;_R1;;;_R2;$|,H,OH,-,HELM-GPT,flexible,False,none
X3003,[*]N1C[C@@H](C[C@@H]1C([*])=O)n1cc(CCc2ccccc2)nn1 |$_R1;;;;;;;_R2;;;;;;;;;;;;;;$|,H,OH,-,HELM-GPT,flexible,False,none
X3018,Fc1ccc(C[C@H](N[*])C([*])=O)c(F)c1 |$;;;;;;;;_R1;;_R2;;;;$|,H,OH,-,HELM-GPT,flexible,False,none
X3015,CCCCCCCCCCCCCCCC(=O)NC(=O)CC[C@H](N)C([*])=O |$;;;;;;;;;;;;;;;;;;;;;;;;;_R2;$|,-,OH,-,HELM-GPT,N_terminal_only,False,none
X3009,[*]N1[C@@H]2C[C@@H]2C[C@H]1C([*])=O |$_R1;;;;;;;;_R2;$|,H,OH,-,HELM-GPT,flexible,False,none
X3005,C[Si](C)(C)C[C@H](N[*])C([*])=O |$;;;;;;;_R1;;_R2;$|,H,OH,-,HELM-GPT,flexible,False,none
X3028,CCNC(=S)NCCCC[C@H](N[*])C([*])=O |$;;;;;;;;;;;;_R1;;_R2;$|,H,OH,-,HELM-GPT,flexible,False,none
dPhe(3-CN),[*]N[C@H](Cc1cccc(c1)C#N)C([*])=O |$_R1;;;;;;;;;;;;;_R2;$|,H,OH,-,HELM-GPT,flexible,False,none
X2863,OC(=O)c1ccc(cc1)S(=O)(=O)N[C@@H](Cc1ccccc1)C([*])=O |$;;;;;;;;;;;;;;;;;;;;;;_R2;$|,-,OH,-,HELM-GPT,N_terminal_only,False,none
X2881,CC(C)C[C@H](NC(=O)NC[C@H](O)CO)C([*])=O |$;;;;;;;;;;;;;;;_R2;$|,-,OH,-,HELM-GPT,N_terminal_only,False,none
X2878,Cc1cc(C[C@@H](N[*])C([*])=O)cc(C)c1O |$;;;;;;;_R1;;_R2;;;;;;$|,H,OH,-,HELM-GPT,flexible,False,none
X2875,Cc1ccc(cc1)S(=O)(=O)NCC([*])=O |$;;;;;;;;;;;;;_R2;$|,-,OH,-,HELM-GPT,N_terminal_only,False,none
X2543,N[C@@H](Cc1ccc(O)c(Oc2ccc(C[C@H](N[*])C(O)=O)cc2)c1)C([*])=O |$;;;;;;;;;;;;;;;;;_R1;;;;;;;;_R2;$|,H,OH,-,HELM-GPT,flexible,False,none
X2497,NC(=N)N1CCC(C[C@@H](NS(=O)(=O)Cc2ccccc2)C([*])=O)CC1 |$;;;;;;;;;;;;;;;;;;;;;_R2;;;$|,-,OH,-,HELM-GPT,N_terminal_only,False,none
Hph_OBzl,[*]N[C@@H](CCc1ccccc1)C(=O)OCc1ccccc1 |$_R1;;;;;;;;;;;;;;;;;;;;$|,H,-,-,HELM-GPT,C_terminal_only,False,none
X2508,COC(=O)Cn1cc(C[C@H](N[*])C([*])=O)c2ccccc12 |$;;;;;;;;;;;_R1;;_R2;;;;;;;$|,H,OH,-,HELM-GPT,flexible,False,none
X1582,C[C@H](N[*])C(=O)OCCCCc1ccccc1 |$;;;_R1;;;;;;;;;;;;;$|,H,-,-,HELM-GPT,C_terminal_only,False,none
X629,CCCCNC(=N)NCCCC[C@@H](N[*])C([*])=O |$;;;;;;;;;;;;;;_R1;;_R2;$|,H,OH,-,HELM-GPT,flexible,False,none
X1354,CCCN(CCC)[C@@H](Cc1ccc(O)cc1)C([*])=O |$;;;;;;;;;;;;;;;;;_R2;$|,-,OH,-,HELM-GPT,N_terminal_only,False,none
X43,[*]N1C[C@@H](C[C@H]1C([*])=O)Oc1cccc(c1)-c1ccccc1 |$_R1;;;;;;;_R2;;;;;;;;;;;;;;$|,H,OH,-,HELM-GPT,flexible,False,none
X2215,NC(=N)c1cccc(C[C@H](N[*])C(=O)c2nc3ccccc3s2)c1 |$;;;;;;;;;;;_R1;;;;;;;;;;;;$|,H,-,-,HELM-GPT,C_terminal_only,False,none
X2234,NC(=N)NCCC[C@H](N[*])C(=O)c1cc2ccccc2s1 |$;;;;;;;;;_R1;;;;;;;;;;;$|,H,-,-,HELM-GPT,C_terminal_only,False,none
X6,"CN=C(NCCCC[C@H](N[*])C([*])=O)NC#N |w:1.0,$;;;;;;;;;;_R1;;_R2;;;;$|",H,OH,-,HELM-GPT,flexible,False,none
dH,[*]N[C@H](Cc1cnc[nH]1)C([*])=O |$_R1;;;;;;;;;;_R2;$|,H,OH,-,HELM-GPT,flexible,False,none
X716,OC(=O)[C@@H](N[*])c1csc2ccccc12 |$;;;;;_R1;;;;;;;;;$|,H,-,-,HELM-GPT,C_terminal_only,False,none
X878,[*]N1C[C@H](CCCc2ccccc2)C[C@H]1C([*])=O |$_R1;;;;;;;;;;;;;;;;_R2;$|,H,OH,-,HELM-GPT,flexible,False,none
X743,O[C@H]1CCCC[C@]1(N[*])C([*])=O |$;;;;;;;;_R1;;_R2;$|,H,OH,-,HELM-GPT,flexible,False,none
X811,OC[C@H](O)[C@@H](O)[C@@H](O)[C@H](N[*])C=O |$;;;;;;;;;;_R1;;$|,H,-,-,HELM-GPT,C_terminal_only,False,none
X1114,CCOC(=O)[C@@H](CCCc1ccccc1)N[*] |$;;;;;;;;;;;;;;;;_R1$|,H,-,-,HELM-GPT,C_terminal_only,False,none
X1091,OC(=O)[C@@H](Cc1ccc(O)c(O)c1)N[*] |$;;;;;;;;;;;;;;_R1$|,H,-,-,HELM-GPT,C_terminal_only,False,none
X1118,CC(=O)O[C@@H]([C@H](N[*])C(O)=O)c1ccccc1 |$;;;;;;;_R1;;;;;;;;;$|,H,-,-,HELM-GPT,C_terminal_only,False,none
EtCO_dPhe(4-Cl),CCOC(=O)N[C@H](Cc1ccc(Cl)cc1)C([*])=O |$;;;;;;;;;;;;;;;;_R2;$|,-,OH,-,HELM-GPT,N_terminal_only,False,none
X1156,OC(=O)C[C@H](N[*])C(=O)C1CCCCC1 |$;;;;;;_R1;;;;;;;;$|,H,-,-,HELM-GPT,C_terminal_only,False,none
X1221,CCN[C@@H](CCC(O)=O)C([*])=O |$;;;;;;;;;;_R2;$|,-,OH,-,HELM-GPT,N_terminal_only,False,none
X1028,CN(C)CCCCC[C@H]([N-][N+]#N)C([*])=O |$;;;;;;;;;;;;;_R2;$|,-,OH,-,HELM-GPT,N_terminal_only,False,none
X938,N[C@H](CCCCC(N)=N)C([*])=O |$;;;;;;;;;;_R2;$|,-,OH,-,HELM-GPT,N_terminal_only,False,none
X856,NCOCC[C@H](N)C([*])=O |$;;;;;;;;_R2;$|,-,OH,-,HELM-GPT,N_terminal_only,False,none
X729,CC(C)(C)[C@H](N[*])C=O |$;;;;;;_R1;;$|,H,-,-,HELM-GPT,C_terminal_only,False,none
X924,NC(=N)NCCC[C@H](CC(=O)[C@@H]1CCCN1[*])C(O)=O |$;;;;;;;;;;;;;;;;_R1;;;$|,H,-,-,HELM-GPT,C_terminal_only,False,none
X931,OP(O)(=O)Cc1ccc(C[C@@H](N[*])C([*])=O)cc1 |$;;;;;;;;;;;;_R1;;_R2;;;$|,H,OH,-,HELM-GPT,flexible,False,none
X1907,COC(=O)C(=C)COC[C@@H](N[*])C([*])=O |$;;;;;;;;;;;_R1;;_R2;$|,H,OH,-,HELM-GPT,flexible,False,none
X1909,CC(=O)CCCC[C@H](N[*])C([*])=O |$;;;;;;;;;_R1;;_R2;$|,H,OH,-,HELM-GPT,flexible,False,none
X2073,CC(C)NCC[C@H](N[*])C([*])=O |$;;;;;;;;_R1;;_R2;$|,H,OH,-,HELM-GPT,flexible,False,none
X1964,Oc1ccc(cc1)[C@H]1CCN[C@@H]1C([*])=O |$;;;;;;;;;;;;;_R2;$|,-,OH,-,HELM-GPT,N_terminal_only,False,none
X2045,FC(F)(F)c1ccc(CN[C@H](CS[*])C([*])=O)cc1 |$;;;;;;;;;;;;;_R3;;_R2;;;$|,-,OH,H,HELM-GPT,N_terminal_only,True,none
X2029,FC(F)(F)c1ccc(NC(=O)N[C@H](CS[*])C([*])=O)cc1 |$;;;;;;;;;;;;;;;_R3;;_R2;;;$|,-,OH,H,HELM-GPT,N_terminal_only,True,none
X2049,C[C@H](NCc1cccc2ccccc12)C([*])=O |$;;;;;;;;;;;;;;;_R2;$|,-,OH,-,HELM-GPT,N_terminal_only,False,none
X2024,"[*]C(=O)C1=CSCC=N1 |$_R2;;;;;;;;$,c:7,t:3|",-,OH,-,HELM-GPT,N_terminal_only,False,none
X2064,"COc1ccc(C=Cc2cc(OC)c(OC)c(OC)c2)cc1OC(=O)N(CCN)CC([*])=O |w:6.5,$;;;;;;;;;;;;;;;;;;;;;;;;;;;;;;;_R2;$|",-,OH,-,HELM-GPT,N_terminal_only,False,none
X2068,CC[C@@]1(OC(=O)N(CCO)CC([*])=O)C(=O)OCc2c1cc1-c3nc4ccccc4cc3Cn1c2=O |$;;;;;;;;;;;;_R2;;;;;;;;;;;;;;;;;;;;;;;$|,-,OH,-,HELM-GPT,N_terminal_only,False,none
X2034,[*]N[C@@H](Cc1cnccn1)C([*])=O |$_R1;;;;;;;;;;;_R2;$|,H,OH,-,HELM-GPT,flexible,False,none
X1758,"CC=CC[C@@H](C)C[C@H](N(C)[*])C([*])=O |w:1.0,$;;;;;;;;;;_R1;;_R2;$|",H,OH,-,HELM-GPT,flexible,False,none
X1851,[*]N[C@@H](CCCCCC(=O)[CH-][N+]#N)C([*])=O |$_R1;;;;;;;;;;;;;;_R2;$|,H,OH,-,HELM-GPT,flexible,False,none
X1707,[*]N[C@H](CCC#N)C([*])=O |$_R1;;;;;;;;_R2;$|,H,OH,-,HELM-GPT,flexible,False,none
X1756,C[C@H](COc1ccccc1)[C@@H](O)[C@H](N(C)[*])C([*])=O |$;;;;;;;;;;;;;;;_R1;;_R2;$|,H,OH,-,HELM-GPT,flexible,False,none
X1824,CN([*])[C@@H](CSCCCN1CCOCC1)C([*])=O |$;;_R1;;;;;;;;;;;;;;_R2;$|,H,OH,-,HELM-GPT,flexible,False,none
X1875,"CC=CCC[C@@H](O)[C@H](N(C)[*])C([*])=O |w:1.0,$;;;;;;;;;;_R1;;_R2;$|",H,OH,-,HELM-GPT,flexible,False,none
X1901,"NC1=NC[C@H](N1)[C@H](O)[C@@H](N[*])C([*])=O |$;;;;;;;;;;_R1;;_R2;$,t:1|",H,OH,-,HELM-GPT,flexible,False,none
X1731,CN([*])[C@H](SCCN(C)C(C)(C)C)C([*])=O |$;;_R1;;;;;;;;;;;;_R2;$|,H,OH,-,HELM-GPT,flexible,False,none
X1858,C[C@H](Cc1nc2ccc(cc2[nH]1)C(O)=O)[C@@H](O)[C@H](N(C)[*])C([*])=O |$;;;;;;;;;;;;;;;;;;;;_R1;;_R2;$|,H,OH,-,HELM-GPT,flexible,False,none
dIva,CC[C@@](C)(N[*])C([*])=O |$;;;;;_R1;;_R2;$|,H,OH,-,HELM-GPT,flexible,False,none
Lys(BrAc)2,BrCC(=O)N(CCCC[C@@H](N[*])C([*])=O)C(=O)CBr |$;;;;;;;;;;;_R1;;_R2;;;;;$|,H,OH,-,HELM-GPT,flexible,False,none
X54,"CS(=O)(=O)CC=C[C@H](N[*])C(O)=O |w:5.4,$;;;;;;;;;_R1;;;$|",H,-,-,HELM-GPT,C_terminal_only,False,none
X218,"COC(=O)[C@H](CSCC=C(C)CCC=C(C)COCc1cccc(c1)C(=O)c1ccccc1)N[*] |w:8.7,13.12,$;;;;;;;;;;;;;;;;;;;;;;;;;;;;;;;;;;_R1$|",H,-,-,HELM-GPT,C_terminal_only,False,none
X303,Cc1c(O)ccc(C[C@@H](N[*])C([*])=O)c1C |$;;;;;;;;;;_R1;;_R2;;;$|,H,OH,-,HELM-GPT,flexible,False,none
Hse,OCC[C@H](N[*])C([*])=O |$;;;;;_R1;;_R2;$|,H,OH,-,HELM-GPT,flexible,False,none
X98,CS(=O)(=O)CC[C@H](N[*])C=O |$;;;;;;;;_R1;;$|,H,-,-,HELM-GPT,C_terminal_only,False,none
X101,[*]NC1(Cc2ccccc2C1)C([*])=O |$_R1;;;;;;;;;;;;_R2;$|,H,OH,-,HELM-GPT,flexible,False,none
X97,COCCN([*])CC([*])=O |$;;;;;_R1;;;_R2;$|,H,OH,-,HELM-GPT,flexible,False,none
L_MeCl,CC(C)C[C@H](N[*])C(=O)CCl |$;;;;;;_R1;;;;$|,H,-,-,HELM-GPT,C_terminal_only,False,none
X106,"FC(F)(F)C1(N=N1)c1ccc(C[C@H](N[*])C([*])=O)cc1 |$;;;;;;;;;;;;;;_R1;;_R2;;;$,c:5|",H,OH,-,HELM-GPT,flexible,False,none
X151,CCCCN[C@@H](CCC(O)=O)C([*])=O |$;;;;;;;;;;;;_R2;$|,-,OH,-,HELM-GPT,N_terminal_only,False,none
X153,[*]N(CC([*])=O)C1CCCCC1 |$_R1;;;;_R2;;;;;;;$|,H,OH,-,HELM-GPT,flexible,False,none
X102,NCCCCC[C@H]([N-][N+]#N)C([*])=O |$;;;;;;;;;;;_R2;$|,-,OH,-,HELM-GPT,N_terminal_only,False,none
Spg,[*]NC1(CCCC1)C([*])=O |$_R1;;;;;;;;_R2;$|,H,OH,-,HELM-GPT,flexible,False,none
X1777,ClC(Cl)C[C@H](N[*])C([*])=O |$;;;;;;_R1;;_R2;$|,H,OH,-,HELM-GPT,flexible,False,none
X2785,CC(C)(C)OC(=O)N[C@@H](C([*])=O)c1cccc2ccccc12 |$;;;;;;;;;;_R2;;;;;;;;;;;$|,-,OH,-,HELM-GPT,N_terminal_only,False,none
X2120,OC(=O)[C@@H]1[C@H](N1[*])C(O)=O |$;;;;;;_R1;;;$|,H,-,-,HELM-GPT,C_terminal_only,False,none
X2681,CC(C)[C@H](N[*])C(=O)c1noc(Cc2cccc(C)c2)n1 |$;;;;;_R1;;;;;;;;;;;;;;;$|,H,-,-,HELM-GPT,C_terminal_only,False,none
X2816,[*]N[C@H](Cc1ncc[nH]1)C([*])=O |$_R1;;;;;;;;;;_R2;$|,H,OH,-,HELM-GPT,flexible,False,none
X2795,"CC(=O)N([C@@H](Cc1ccc(F)cc1)C([*])=O)C(=O)C=Cc1ccc(C)cc1 |w:18.18,$;;;;;;;;;;;;;;_R2;;;;;;;;;;;;$|",-,OH,-,HELM-GPT,N_terminal_only,False,none
X2210,OC(=O)Cn1ccc(=O)n(CC([*])=O)c1=O |$;;;;;;;;;;;;_R2;;;$|,-,OH,-,HELM-GPT,N_terminal_only,False,none
am,N[*] |$;_R1$|,H,-,-,HELM-GPT,C_terminal_only,False,none
X2100,[*]N1C[C@@H](C[C@H]1C([*])=O)OC(=O)N1CCCCC1 |$_R1;;;;;;;_R2;;;;;;;;;;$|,H,OH,-,HELM-GPT,flexible,False,none
X2088,"CC(C)CCC[C@@H](C)[C@H]1CC[C@H]2[C@@H]3CC=C4C[C@H](CC[C@]4(C)[C@H]3CC[C@]12C)OC(=O)CSC[C@H](N[*])C([*])=O |$;;;;;;;;;;;;;;;;;;;;;;;;;;;;;;;;;;;_R1;;_R2;$,t:14|",H,OH,-,HELM-GPT,flexible,False,none
X2082,"CCOC(=O)C=CCC[C@H](NC(=O)OCc1ccccc1)C([*])=O |w:6.6,$;;;;;;;;;;;;;;;;;;;;;;_R2;$|",-,OH,-,HELM-GPT,N_terminal_only,False,none
X2154,OC(=O)[C@@H]1Cc2ccccc2CN1[C@H](N[*])C([*])=O |$;;;;;;;;;;;;;;;_R1;;_R2;$|,H,OH,-,HELM-GPT,flexible,False,none
X2141,C[C@H](N[C@@H](Cc1cnc[nH]1)C(O)=O)C([*])=O |$;;;;;;;;;;;;;;_R2;$|,-,OH,-,HELM-GPT,N_terminal_only,False,none
X2131,CCCCCCCCCCN[C@@H](CCCNC(N)=N)C([*])=O |$;;;;;;;;;;;;;;;;;;;;_R2;$|,-,OH,-,HELM-GPT,N_terminal_only,False,none
X2191,"CC(C)C[C@H](NC(=O)N[C@@H]([C@@H]1CCN=C(N)N1)C([*])=O)C=O |$;;;;;;;;;;;;;;;;;;_R2;;;$,t:13|",-,OH,-,HELM-GPT,N_terminal_only,False,none
X2139,[*]N(CCCCC#N)CC([*])=O |$_R1;;;;;;;;;;_R2;$|,H,OH,-,HELM-GPT,flexible,False,none
X2152,COc1cccc2nc(cc(O[C@@H]3C[C@H](N([*])C3)C([*])=O)c12)-c1ccccc1 |$;;;;;;;;;;;;;;;;_R1;;;_R2;;;;;;;;$|,H,OH,-,HELM-GPT,flexible,False,none
X1843,CCCn1cc([C@H](N[*])C([*])=O)c(=O)c2ccccc12 |$;;;;;;;;_R1;;_R2;;;;;;;;;$|,H,OH,-,HELM-GPT,flexible,False,none
X1058,FC(F)(F)S(=O)(=O)NCCCC[C@H](N[*])C([*])=O |$;;;;;;;;;;;;;;_R1;;_R2;$|,H,OH,-,HELM-GPT,flexible,False,none
X1358,CC(C)[C@@H](NC(N)=N)C([*])=O |$;;;;;;;;;_R2;$|,-,OH,-,HELM-GPT,N_terminal_only,False,none
X1363,[*]N1[C@@H](Cc2ccccc12)C([*])=O |$_R1;;;;;;;;;;;_R2;$|,H,OH,-,HELM-GPT,flexible,False,none
G_Me,CC(=O)CN[*] |$;;;;;_R1$|,H,-,-,HELM-GPT,C_terminal_only,False,none
X1291,OCCN([*])CC([*])=O |$;;;;_R1;;;_R2;$|,H,OH,-,HELM-GPT,flexible,False,none
X1498,[*]N[C@@H](CC#N)C([*])=O |$_R1;;;;;;;_R2;$|,H,OH,-,HELM-GPT,flexible,False,none
X1460,SC[C@H](N[*])C=O |$;;;;_R1;;$|,H,-,-,HELM-GPT,C_terminal_only,False,none
X1483,COC(=O)[C@H](Cc1ccc(OC(C)=O)cc1)N[*] |$;;;;;;;;;;;;;;;;;_R1$|,H,-,-,HELM-GPT,C_terminal_only,False,none
X1310,OC(=O)CC[C@H]([N-][N+]#N)C([*])=O |$;;;;;;;;;;_R2;$|,-,OH,-,HELM-GPT,N_terminal_only,False,none
X1313,[*]N[C@@H](CC(=O)OCc1ccccc1N(=O)=O)C([*])=O |$_R1;;;;;;;;;;;;;;;;;;_R2;$|,H,OH,-,HELM-GPT,flexible,False,none
X1410,NC(N)=[NH+]CCC[C@@H](N[*])C([*])=O |$;;;;;;;;;_R1;;_R2;$|,H,OH,-,HELM-GPT,flexible,False,none
X1226,CCN(CC)C(=N)NCCCC[C@H](N[*])C([*])=O |$;;;;;;;;;;;;;;_R1;;_R2;$|,H,OH,-,HELM-GPT,flexible,False,none
X1455,NC(=N)NCCC[C@H](NC(=O)OCC1c2ccccc2-c2ccccc12)C([*])=O |$;;;;;;;;;;;;;;;;;;;;;;;;;;;_R2;$|,-,OH,-,HELM-GPT,N_terminal_only,False,none
X1302,OC(=O)COC(=O)CN[*] |$;;;;;;;;;_R1$|,H,-,-,HELM-GPT,C_terminal_only,False,none
X1231,C[C@@H]1[C@@H](N([*])Cc2ccccc12)C([*])=O |$;;;;_R1;;;;;;;;;_R2;$|,H,OH,-,HELM-GPT,flexible,False,none
X1006,[*]N[C@@H](CCCCNC1CCCCC1)C([*])=O |$_R1;;;;;;;;;;;;;;;_R2;$|,H,OH,-,HELM-GPT,flexible,False,none
X1079,[*]C(=O)[C@@H](Cc1cnc[nH]1)NC(=O)OCc1ccccc1 |$_R2;;;;;;;;;;;;;;;;;;;;$|,-,OH,-,HELM-GPT,N_terminal_only,False,none
X998,OS(=O)(=O)c1ccc(C[C@H](N[*])C([*])=O)cc1 |$;;;;;;;;;;;_R1;;_R2;;;$|,H,OH,-,HELM-GPT,flexible,False,none
X1127,COc1ccc(C[C@@H](N[*])C([*])=O)cc1 |$;;;;;;;;;_R1;;_R2;;;$|,H,OH,-,HELM-GPT,flexible,False,none
X232,[*]N1Cc2[nH]c3ccccc3c2C[C@H]1C([*])=O |$_R1;;;;;;;;;;;;;;;_R2;$|,H,OH,-,HELM-GPT,flexible,False,none
X179,[*]N[C@@H](CCc1ncc[nH]1)C([*])=O |$_R1;;;;;;;;;;;_R2;$|,H,OH,-,HELM-GPT,flexible,False,none
X186,CN(C)C(=NC[C@H](N[*])C([*])=O)N(C)C |$;;;;;;;;_R1;;_R2;;;;$|,H,OH,-,HELM-GPT,flexible,False,none
X392,NC(=N)NCCC[C@H](N[*])C(=O)c1nccs1 |$;;;;;;;;;_R1;;;;;;;$|,H,-,-,HELM-GPT,C_terminal_only,False,none
Boc_dPhg,CC(C)(C)OC(=O)N[C@@H](C([*])=O)c1ccccc1 |$;;;;;;;;;;_R2;;;;;;;$|,-,OH,-,HELM-GPT,N_terminal_only,False,none
X327,[*]N1C[C@@H](C[C@H]1C([*])=O)OCc1ccccc1 |$_R1;;;;;;;_R2;;;;;;;;;$|,H,OH,-,HELM-GPT,flexible,False,none
X264,COC(=O)[C@H](COC(=O)c1ccccc1)N[*] |$;;;;;;;;;;;;;;;;_R1$|,H,-,-,HELM-GPT,C_terminal_only,False,none
X278,CC(C)C[C@@H]1N([*])CNC1=O |$;;;;;;_R1;;;;$|,H,-,-,HELM-GPT,C_terminal_only,False,none
X632,CC(C)(N[*])C(=O)C(F)(F)C(F)(F)F |$;;;;_R1;;;;;;;;;$|,H,-,-,HELM-GPT,C_terminal_only,False,none
X396,[*]N1CCc2ccccc2[C@H]1C([*])=O |$_R1;;;;;;;;;;;;_R2;$|,H,OH,-,HELM-GPT,flexible,False,none
X341,[*]N[C@@H](Cc1cccc(c1)C#N)C([*])=O |$_R1;;;;;;;;;;;;;_R2;$|,H,OH,-,HELM-GPT,flexible,False,none
dSer(tBu),CC(C)(C)OC[C@@H](N[*])C([*])=O |$;;;;;;;;_R1;;_R2;$|,H,OH,-,HELM-GPT,flexible,False,none
X510,C[C@@H](OC(C)(C)C)[C@H](N[*])C([*])=O |$;;;;;;;;;_R1;;_R2;$|,H,OH,-,HELM-GPT,flexible,False,none
X503,CSCCC[C@H](N[*])C([*])=O |$;;;;;;;_R1;;_R2;$|,H,OH,-,HELM-GPT,flexible,False,none
X406,NCCCC[C@H](N[*])C(=O)c1nccs1 |$;;;;;;;_R1;;;;;;;$|,H,-,-,HELM-GPT,C_terminal_only,False,none
Me_meL,CC(C)C[C@H](N(C)C)C([*])=O |$;;;;;;;;;_R2;$|,-,OH,-,HELM-GPT,N_terminal_only,False,none
X631,"[*]N[C@H](CCCCN=C(NCc1ccccn1)NC#N)C([*])=O |w:7.6,$_R1;;;;;;;;;;;;;;;;;;;;;_R2;$|",H,OH,-,HELM-GPT,flexible,False,none
X312,Sc1ccc(C[C@H](N[*])C([*])=O)cc1 |$;;;;;;;;_R1;;_R2;;;$|,H,OH,-,HELM-GPT,flexible,False,none
X375,CCc1cccc(C)c1C[C@H](N[*])C([*])=O |$;;;;;;;;;;;;_R1;;_R2;$|,H,OH,-,HELM-GPT,flexible,False,none
X384,Cc1c(C)c(C)c(C[C@H](N[*])C([*])=O)c(C)c1C |$;;;;;;;;;;_R1;;_R2;;;;;$|,H,OH,-,HELM-GPT,flexible,False,none
X1597,C[N+](C)(C)[C@@H](Cc1ccccc1)C([*])=O |$;;;;;;;;;;;;;_R2;$|,-,OH,-,HELM-GPT,N_terminal_only,False,none
X671,[*]N[C@H](C([*])=O)c1cccs1 |$_R1;;;;_R2;;;;;;$|,H,OH,-,HELM-GPT,flexible,False,none
X1619,"COC(=O)[C@H](CSCC=C(C)COCc1cccc(c1)C(=O)c1ccccc1)N[*] |w:8.7,$;;;;;;;;;;;;;;;;;;;;;;;;;;;;;_R1$|",H,-,-,HELM-GPT,C_terminal_only,False,none
X775,C[C@H](OC(=O)[C@@H]1CCCN1[*])C(O)=O |$;;;;;;;;;;_R1;;;$|,H,-,-,HELM-GPT,C_terminal_only,False,none
V_OMe,COC(=O)[C@@H](N[*])C(C)C |$;;;;;;_R1;;;$|,H,-,-,HELM-GPT,C_terminal_only,False,none
X914,N[C@@H]1C[C@@H]1CC[C@H](N[*])C([*])=O |$;;;;;;;;_R1;;_R2;$|,H,OH,-,HELM-GPT,flexible,False,none
X1925,CO[C@@H](N(C)[*])C([*])=O |$;;;;;_R1;;_R2;$|,H,OH,-,HELM-GPT,flexible,False,none
X1555,CO[C@H]1C[C@H](N([*])C1)C([*])=O |$;;;;;;_R1;;;_R2;$|,H,OH,-,HELM-GPT,flexible,False,none
X534,COc1ccc(cc1)C(=O)CC[C@H](N[*])C([*])=O |$;;;;;;;;;;;;;;_R1;;_R2;$|,H,OH,-,HELM-GPT,flexible,False,none
X2572,COc1cc2CC[C@H](N(C(C)=O)C(=O)[C@@H](CS)N[*])c3cc(=O)c(OC)ccc3-c2c(OC)c1OC |$;;;;;;;;;;;;;;;;;;_R1;;;;;;;;;;;;;;;;;$|,H,-,-,HELM-GPT,C_terminal_only,False,none
X2573,NC[C@H](NC(O)=O)C([*])=O |$;;;;;;;;_R2;$|,-,OH,-,HELM-GPT,N_terminal_only,False,none
X2614,Clc1ccc(C[C@H](Nc2ccco2)C([*])=O)cc1 |$;;;;;;;;;;;;;;_R2;;;$|,-,OH,-,HELM-GPT,N_terminal_only,False,none
X2615,CCOC(=O)[C@H]1[C@@H](N1[*])C(=O)OCC |$;;;;;;;;_R1;;;;;$|,H,-,-,HELM-GPT,C_terminal_only,False,none
X2745,[*]N1CCS[C@@H]1C([*])=O |$_R1;;;;;;;_R2;$|,H,OH,-,HELM-GPT,flexible,False,none
X2692,C[C@@](CCCC(O)=O)(NC(=O)OCC1c2ccccc2-c2ccccc12)C([*])=O |$;;;;;;;;;;;;;;;;;;;;;;;;;;;_R2;$|,-,OH,-,HELM-GPT,N_terminal_only,False,none
X2683,OC(=O)C[C@H](N[*])C(=O)OCCc1ccc(F)cc1 |$;;;;;;_R1;;;;;;;;;;;;$|,H,-,-,HELM-GPT,C_terminal_only,False,none
X2622,Cc1cc(O)cc(C)c1C[C@H](NC(N)=N)C([*])=O |$;;;;;;;;;;;;;;;;_R2;$|,-,OH,-,HELM-GPT,N_terminal_only,False,none
X2695,CC(C)OC(=O)N[C@@H](Cc1c[nH]c2ccccc12)C([*])=O |$;;;;;;;;;;;;;;;;;;;_R2;$|,-,OH,-,HELM-GPT,N_terminal_only,False,none
X2734,[*]N[C@@H](Cc1ccc2ccccc2c1)C=O |$_R1;;;;;;;;;;;;;;;$|,H,-,-,HELM-GPT,C_terminal_only,False,none
X2626,NCC[C@H](NS(=O)(=O)c1cccc(c1)-c1ccccc1)C([*])=O |$;;;;;;;;;;;;;;;;;;;;;_R2;$|,-,OH,-,HELM-GPT,N_terminal_only,False,none
I_OBzl,CC[C@H](C)[C@H](N[*])C(=O)OCc1ccccc1 |$;;;;;;_R1;;;;;;;;;;$|,H,-,-,HELM-GPT,C_terminal_only,False,none
X2539,OC(=O)C[C@@H]1N([*])C[C@H](Cc2ccccc2)NC1=O |$;;;;;;_R1;;;;;;;;;;;;$|,H,-,-,HELM-GPT,C_terminal_only,False,none
X2522,Cc1cn(CC([*])=O)c(=O)n(CC(O)=O)c1=O |$;;;;;;_R2;;;;;;;;;;$|,-,OH,-,HELM-GPT,N_terminal_only,False,none
X2558,FC(F)C[C@H](N[*])C(=O)c1nc2ccccc2o1 |$;;;;;;_R1;;;;;;;;;;;$|,H,-,-,HELM-GPT,C_terminal_only,False,none
X2292,COCCOCOc1ccc(Cl)cc1CN[C@@H](C(C)C)C([*])=O |$;;;;;;;;;;;;;;;;;;;;;_R2;$|,-,OH,-,HELM-GPT,N_terminal_only,False,none
X2293,COc1ccc(O)c(CN[C@@H](C(C)C)C([*])=O)c1 |$;;;;;;;;;;;;;;;_R2;;$|,-,OH,-,HELM-GPT,N_terminal_only,False,none
X2296,[*]C(=O)[C@@H](CCc1ccccc1)NC(=O)OCc1ccccc1 |$_R2;;;;;;;;;;;;;;;;;;;;;;$|,-,OH,-,HELM-GPT,N_terminal_only,False,none
X2353,C[C@H](NCC(=O)OC(C)(C)C)C([*])=O |$;;;;;;;;;;;;_R2;$|,-,OH,-,HELM-GPT,N_terminal_only,False,none
X2373,NCCCC[C@H](Nc1cccnc1)C([*])=O |$;;;;;;;;;;;;;;_R2;$|,-,OH,-,HELM-GPT,N_terminal_only,False,none
X2405,OC(=O)CN1C(=O)C[C@H](NC1=O)C([*])=O |$;;;;;;;;;;;;;_R2;$|,-,OH,-,HELM-GPT,N_terminal_only,False,none
X2452,NC(=N)N1CCC(CC[C@H](N[*])C([*])=O)CC1 |$;;;;;;;;;;;_R1;;_R2;;;$|,H,OH,-,HELM-GPT,flexible,False,none
X2348,CC(C)[C@H](NC(=O)OCC(C)(C)C)C([*])=O |$;;;;;;;;;;;;;;_R2;$|,-,OH,-,HELM-GPT,N_terminal_only,False,none
X2370,CC(C)C[C@H](NC(=O)N1CCCCCC1)C([*])=O |$;;;;;;;;;;;;;;;;_R2;$|,-,OH,-,HELM-GPT,N_terminal_only,False,none
X2351,OC(=O)C[C@H](NC(=O)N[C@@H](Cc1ccccc1)C([*])=O)C(O)=O |$;;;;;;;;;;;;;;;;;;_R2;;;;$|,-,OH,-,HELM-GPT,N_terminal_only,False,none
X2334,[*]C(=O)[C@@H]1CCCCN1CC(=O)c1ccc2ccccc2c1 |$_R2;;;;;;;;;;;;;;;;;;;;;$|,-,OH,-,HELM-GPT,N_terminal_only,False,none
X2270,CN(C)c1cccc2c(cccc12)S(=O)(=O)N1CCC[C@H]1C([*])=O |$;;;;;;;;;;;;;;;;;;;;;;_R2;$|,-,OH,-,HELM-GPT,N_terminal_only,False,none
X535,CN([*])[C@@H](Cc1ccc(OS(O)(=O)=O)cc1)C([*])=O |$;;_R1;;;;;;;;;;;;;;;_R2;$|,H,OH,-,HELM-GPT,flexible,False,none
X600,CC(C)C[C@@H](NC(=O)OCc1ccccc1)C([*])=O |$;;;;;;;;;;;;;;;;;_R2;$|,-,OH,-,HELM-GPT,N_terminal_only,False,none
X757,[*]N[C@@H](Cc1ccc(cc1)[N+]#N)C([*])=O |$_R1;;;;;;;;;;;;;_R2;$|,H,OH,-,HELM-GPT,flexible,False,none
X758,OC(=O)CC[C@H](NCCCc1ccccc1)C([*])=O |$;;;;;;;;;;;;;;;;;_R2;$|,-,OH,-,HELM-GPT,N_terminal_only,False,none
X545,CC(C)(C)CNCCCC[C@H](N[*])C([*])=O |$;;;;;;;;;;;;_R1;;_R2;$|,H,OH,-,HELM-GPT,flexible,False,none
X973,CCn1cnc(C[C@H](N[*])C([*])=O)c1 |$;;;;;;;;;_R1;;_R2;;$|,H,OH,-,HELM-GPT,flexible,False,none
X547,NC(=O)Nc1ccc(C[C@@H](N[*])C([*])=O)cc1 |$;;;;;;;;;;;_R1;;_R2;;;$|,H,OH,-,HELM-GPT,flexible,False,none
X611,[*]N1C[C@@H](C[C@H]1C([*])=O)Oc1ccnc2ccccc12 |$_R1;;;;;;;_R2;;;;;;;;;;;;$|,H,OH,-,HELM-GPT,flexible,False,none
lalloHyp,O[C@H]1C[C@H](N([*])C1)C([*])=O |$;;;;;_R1;;;_R2;$|,H,OH,-,HELM-GPT,flexible,False,none
X964,OC(=O)C[C@H](N[*])C(=O)c1nccs1 |$;;;;;;_R1;;;;;;;$|,H,-,-,HELM-GPT,C_terminal_only,False,none
X965,C[C@H](N[*])C(=O)C(O)=O |$;;;_R1;;;;;$|,H,-,-,HELM-GPT,C_terminal_only,False,none
X770,C[C@@H]([C@H](N)C([*])=O)c1ccc(O)cc1 |$;;;;;_R2;;;;;;;;$|,-,OH,-,HELM-GPT,N_terminal_only,False,none
X584,OC(=O)c1ccc(C[C@H](N[*])C([*])=O)cc1O |$;;;;;;;;;;_R1;;_R2;;;;$|,H,OH,-,HELM-GPT,flexible,False,none
dPhe(2-F),Fc1ccccc1C[C@@H](N[*])C([*])=O |$;;;;;;;;;;_R1;;_R2;$|,H,OH,-,HELM-GPT,flexible,False,none
X3035,CC(C)NC(=S)NCCCC[C@H](N[*])C([*])=O |$;;;;;;;;;;;;;_R1;;_R2;$|,H,OH,-,HELM-GPT,flexible,False,none
X2872,CC(C)C[C@H](NC(=O)NCCCCOS(O)(=O)=O)C([*])=O |$;;;;;;;;;;;;;;;;;;;_R2;$|,-,OH,-,HELM-GPT,N_terminal_only,False,none
X2519,CC(C)(C)c1[nH]c2c(cc(cc2c1C[C@H](N[*])C([*])=O)C(C)(C)C)C(C)(C)C |$;;;;;;;;;;;;;;;;_R1;;_R2;;;;;;;;;$|,H,OH,-,HELM-GPT,flexible,False,none
X2534,OC(=O)[C@@H](CC(=O)OCCc1ccc(F)cc1)N[*] |$;;;;;;;;;;;;;;;;;;_R1$|,H,-,-,HELM-GPT,C_terminal_only,False,none
X2485,Fc1cn(CC([*])=O)c(=O)[nH]c1=O |$;;;;;;_R2;;;;;;$|,-,OH,-,HELM-GPT,N_terminal_only,False,none
X2506,"Oc1ccc(CC=N[C@@H](Cc2ccc(OP(O)(O)=O)cc2)C([*])=O)cc1O |w:6.5,$;;;;;;;;;;;;;;;;;;;;;;_R2;;;;$|",-,OH,-,HELM-GPT,N_terminal_only,False,none
X1579,C[C@@H]([C@@H](N)C([*])=O)c1c(C)cc(O)cc1C |$;;;;;_R2;;;;;;;;;;$|,-,OH,-,HELM-GPT,N_terminal_only,False,none
X1653,COC(=O)[C@H](C[C@@H]1CCNC1=O)N[*] |$;;;;;;;;;;;;;_R1$|,H,-,-,HELM-GPT,C_terminal_only,False,none
X511,[*]N1[C@H](CC[C@H]1c1ccccc1)C([*])=O |$_R1;;;;;;;;;;;;;_R2;$|,H,OH,-,HELM-GPT,flexible,False,none
X687,CCCS[C@@H]1CCN([*])[C@@H]1C([*])=O |$;;;;;;;;_R1;;;_R2;$|,H,OH,-,HELM-GPT,flexible,False,none
X1484,Cc1cc2nc(C[C@H](N[*])C([*])=O)[nH]c2cc1C |$;;;;;;;;;_R1;;_R2;;;;;;$|,H,OH,-,HELM-GPT,flexible,False,none
X1279,[*]N[C@@H](Cc1cn(nn1)-c1cccc2ccccc12)C([*])=O |$_R1;;;;;;;;;;;;;;;;;;;;_R2;$|,H,OH,-,HELM-GPT,flexible,False,none
X1353,[*]N(CCOCc1ccccc1)CC([*])=O |$_R1;;;;;;;;;;;;;;_R2;$|,H,OH,-,HELM-GPT,flexible,False,none
X2226,[*]N[C@@H](Cn1c(=O)[nH]c2ccccc2c1=O)C([*])=O |$_R1;;;;;;;;;;;;;;;;;_R2;$|,H,OH,-,HELM-GPT,flexible,False,none
X12,NCCCC[C@H](N)CN[C@@H](CCCCN)C([*])=O |$;;;;;;;;;;;;;;;;_R2;$|,-,OH,-,HELM-GPT,N_terminal_only,False,none
3-Pal,[*]N[C@@H](Cc1cccnc1)C([*])=O |$_R1;;;;;;;;;;;_R2;$|,H,OH,-,HELM-GPT,flexible,False,none
X2,CC(C)(C)OC(=O)N[C@@H](Cc1ccc(OS(O)(=O)=O)cc1)C([*])=O |$;;;;;;;;;;;;;;;;;;;;;;_R2;$|,-,OH,-,HELM-GPT,N_terminal_only,False,none
X929,NC(=N)NCCC[C@@H](N[*])C(=O)c1nc2ccccc2s1 |$;;;;;;;;;_R1;;;;;;;;;;;$|,H,-,-,HELM-GPT,C_terminal_only,False,none
X715,Oc1ccc2C[C@@](CCc2c1)(N[*])C([*])=O |$;;;;;;;;;;;;_R1;;_R2;$|,H,OH,-,HELM-GPT,flexible,False,none
X798,[*]N[C@@H](Cc1cncn1CCCCCCCCc1ccccc1)C([*])=O |$_R1;;;;;;;;;;;;;;;;;;;;;;;;_R2;$|,H,OH,-,HELM-GPT,flexible,False,none
X736,[*]C(=O)[C@@H]1CC(=O)N1 |$_R2;;;;;;;$|,-,OH,-,HELM-GPT,N_terminal_only,False,none
X748,OC(=O)COC(=O)[C@H](Cc1ccccc1)N[*] |$;;;;;;;;;;;;;;;;_R1$|,H,-,-,HELM-GPT,C_terminal_only,False,none
X977,[*]N[C@@H](CCCCNCc1ccc2ccccc2c1)C([*])=O |$_R1;;;;;;;;;;;;;;;;;;;;_R2;$|,H,OH,-,HELM-GPT,flexible,False,none
X1152,[*]N[C@H](Cc1ccc(NC(=S)c2ccccc2)cc1)C([*])=O |$_R1;;;;;;;;;;;;;;;;;;;;_R2;$|,H,OH,-,HELM-GPT,flexible,False,none
X1153,[*]N[C@]1(CCc2ccccc2C1)C([*])=O |$_R1;;;;;;;;;;;;;_R2;$|,H,OH,-,HELM-GPT,flexible,False,none
S_OBzl,OC[C@H](N[*])C(=O)OCc1ccccc1 |$;;;;_R1;;;;;;;;;;$|,H,-,-,HELM-GPT,C_terminal_only,False,none
X892,"NC1=N[C@@H](CS1)C([*])=O |$;;;;;;;_R2;$,t:1|",-,OH,-,HELM-GPT,N_terminal_only,False,none
X1048,CCOC(=O)N[C@H](Cc1ccc(cc1)N(=O)=O)C([*])=O |$;;;;;;;;;;;;;;;;;;_R2;$|,-,OH,-,HELM-GPT,N_terminal_only,False,none
X1171,C[N+](C)(C)CC([*])=O |$;;;;;;_R2;$|,-,OH,-,HELM-GPT,N_terminal_only,False,none
X727,"ClC=CCNCCCC[C@H](N[*])C([*])=O |w:1.0,$;;;;;;;;;;;_R1;;_R2;$|",H,OH,-,HELM-GPT,flexible,False,none
X804,COC(=O)[C@H](Cc1ccc(OC(=O)CC(C)C)cc1)N[*] |$;;;;;;;;;;;;;;;;;;;;_R1$|,H,-,-,HELM-GPT,C_terminal_only,False,none
X1692,[*]N[C@@H](CCCCCCC(=O)[C@@H]1CO1)C([*])=O |$_R1;;;;;;;;;;;;;;;_R2;$|,H,OH,-,HELM-GPT,flexible,False,none
meE,CN([*])[C@@H](CCC([*])=O)C([*])=O |$;;_R1;;;;;_R3;;;_R2;$|,H,OH,OH,HELM-GPT,flexible,True,none
X2074,[*]N1C[C@@H](C[C@H]1C([*])=O)c1ccccc1 |$_R1;;;;;;;_R2;;;;;;;$|,H,OH,-,HELM-GPT,flexible,False,none
X2017,[*]N[C@@H](CCc1ccc(cc1)N(=O)=O)C([*])=O |$_R1;;;;;;;;;;;;;;;_R2;$|,H,OH,-,HELM-GPT,flexible,False,none
X2018,COC(=O)c1ccc(NC(=O)N[C@H](CS[*])C([*])=O)cc1 |$;;;;;;;;;;;;;;;_R3;;_R2;;;$|,-,OH,H,HELM-GPT,N_terminal_only,True,none
X1960,C[C@H](NCc1ccccc1OC(F)(F)F)C([*])=O |$;;;;;;;;;;;;;;;;_R2;$|,-,OH,-,HELM-GPT,N_terminal_only,False,none
X2048,NC(=N)NCCC[C@@H](N([*])Cc1ccccc1)C([*])=O |$;;;;;;;;;_R1;;;;;;;;;_R2;$|,H,OH,-,HELM-GPT,flexible,False,none
X2062,Fc1cc(F)cc(c1)[C@H](N[*])C([*])=O |$;;;;;;;;;;_R1;;_R2;$|,H,OH,-,HELM-GPT,flexible,False,none
X2032,Fc1ccc(CN[C@H](CS[*])C([*])=O)cc1F |$;;;;;;;;;;_R3;;_R2;;;;$|,-,OH,H,HELM-GPT,N_terminal_only,True,none
X1982,NC(=O)N[C@H](Cc1ccc(O)cc1)C([*])=O |$;;;;;;;;;;;;;;_R2;$|,-,OH,-,HELM-GPT,N_terminal_only,False,none
X1868,O[C@@]12C[C@H](N([*])[C@@H]1Nc1cc(Cl)ccc21)C([*])=O |$;;;;;_R1;;;;;;;;;;;_R2;$|,H,OH,-,HELM-GPT,flexible,False,none
X1745,CCCCCC[C@H](N(C)[*])C([*])=O |$;;;;;;;;;_R1;;_R2;$|,H,OH,-,HELM-GPT,flexible,False,none
X1712,"[*]N1N=CCC[C@@H]1C([*])=O |$_R1;;;;;;;;_R2;$,c:2|",H,OH,-,HELM-GPT,flexible,False,none
X1714,CN([*])[C@H](CC(=O)OC(C)(C)C)C([*])=O |$;;_R1;;;;;;;;;;;_R2;$|,H,OH,-,HELM-GPT,flexible,False,none
X1863,COSCC[C@H](N[*])C([*])=O |$;;;;;;;_R1;;_R2;$|,H,OH,-,HELM-GPT,flexible,False,none
X50,Nc1ccc(cc1)-c1cn(nn1)[C@H]1C[C@H](N([*])C1)C([*])=O |$;;;;;;;;;;;;;;;;_R1;;;_R2;$|,H,OH,-,HELM-GPT,flexible,False,none
Lys(Ac)2,CC(=O)N(CCC[C@@H](N[*])C([*])=O)C(C)=O |$;;;;;;;;;_R1;;_R2;;;;$|,H,OH,-,HELM-GPT,flexible,False,none
X216,CCC[C@]1(CCCN1[*])C([*])=O |$;;;;;;;;_R1;;_R2;$|,H,OH,-,HELM-GPT,flexible,False,none
X135,CC1(C)SCN([*])[C@H]1C([*])=O |$;;;;;;_R1;;;_R2;$|,H,OH,-,HELM-GPT,flexible,False,none
X142,CCC[C@@H]1CCN([*])[C@H]1C([*])=O |$;;;;;;;_R1;;;_R2;$|,H,OH,-,HELM-GPT,flexible,False,none
X158,CC(C)(C)OC(=O)N[C@H](CCCNC(N)=N)C([*])=O |$;;;;;;;;;;;;;;;;;_R2;$|,-,OH,-,HELM-GPT,N_terminal_only,False,none
X159,CS(=O)(=O)N[C@@H](Cc1ccccc1)C([*])=O |$;;;;;;;;;;;;;;_R2;$|,-,OH,-,HELM-GPT,N_terminal_only,False,none
X162,NC(=N)Nc1ccc(C[C@H](N[*])C([*])=O)cc1 |$;;;;;;;;;;;_R1;;_R2;;;$|,H,OH,-,HELM-GPT,flexible,False,none
dChg,[*]N[C@H](C1CCCCC1)C([*])=O |$_R1;;;;;;;;;;_R2;$|,H,OH,-,HELM-GPT,flexible,False,none
X108,CC(C)OC(=O)N[C@@H](C(C)C)C([*])=O |$;;;;;;;;;;;;_R2;$|,-,OH,-,HELM-GPT,N_terminal_only,False,none
X146,OP(O)(=O)Cc1ccc(C[C@H](N[*])C([*])=O)cc1 |$;;;;;;;;;;;;_R1;;_R2;;;$|,H,OH,-,HELM-GPT,flexible,False,none
X213,COC(=O)[C@H](Cc1ccc(OC(=O)C(C)C)cc1)N[*] |$;;;;;;;;;;;;;;;;;;;_R1$|,H,-,-,HELM-GPT,C_terminal_only,False,none
lalloT,C[C@H](O)[C@H](N[*])C([*])=O |$;;;;;_R1;;_R2;$|,H,OH,-,HELM-GPT,flexible,False,none
dPhe(4-Me),Cc1ccc(C[C@@H](N[*])C([*])=O)cc1 |$;;;;;;;;_R1;;_R2;;;$|,H,OH,-,HELM-GPT,flexible,False,none
X2802,C[C@H](N[*])C(=O)NC(=O)CCC(O)=O |$;;;_R1;;;;;;;;;;$|,H,-,-,HELM-GPT,C_terminal_only,False,none
X2882,CC[C@H](C)[C@H](N[*])C(=O)C[C@H](Cc1ccccc1)C(O)=O |$;;;;;;_R1;;;;;;;;;;;;;;$|,H,-,-,HELM-GPT,C_terminal_only,False,none
X2408,[*]Sc1ncccc1N(=O)=O |$_R3;;;;;;;;;;$|,-,-,H,HELM-GPT,unknown,True,none
X2794,"CC(=O)N([C@@H](Cc1ccc(F)cc1)C([*])=O)C(=O)C=Cc1ccccc1 |w:18.18,$;;;;;;;;;;;;;;_R2;;;;;;;;;;;$|",-,OH,-,HELM-GPT,N_terminal_only,False,none
X2797,"CC(=O)N([C@H](Cc1cccnc1)C([*])=O)C(=O)C=Cc1ccccc1 |w:17.17,$;;;;;;;;;;;;;_R2;;;;;;;;;;;$|",-,OH,-,HELM-GPT,N_terminal_only,False,none
Apm,[*]N[C@@H](CCCCC([*])=O)C([*])=O |$_R1;;;;;;;;_R3;;;_R2;$|,H,OH,OH,HELM-GPT,flexible,True,none
X2836,[*]C(=O)[C@H](Cc1ccc(OCc2ccccc2)cc1)NC(=O)OCc1ccccc1 |$_R2;;;;;;;;;;;;;;;;;;;;;;;;;;;;;$|,-,OH,-,HELM-GPT,N_terminal_only,False,none
X2847,"CN(C)c1ccc2c(-c3ccc(NC(=S)N[C@@H](CC(O)=O)C([*])=O)cc3)c3ccc(cc3oc2c1)=[N+](C)C |w:35.39,$;;;;;;;;;;;;;;;;;;;;;;_R2;;;;;;;;;;;;;;;$|",-,OH,-,HELM-GPT,N_terminal_only,False,none
X2739,OS(=O)(=O)N[C@@H](Cc1ccc(OS(O)(=O)=O)cc1)C([*])=O |$;;;;;;;;;;;;;;;;;;;_R2;$|,-,OH,-,HELM-GPT,N_terminal_only,False,none
X2740,[*]N[C@@H](C([*])=O)C(=O)c1c[nH]c2ccccc12 |$_R1;;;;_R2;;;;;;;;;;;;$|,H,OH,-,HELM-GPT,flexible,False,none
X2093,[*]N1Cc2[nH]c3ccccc3c2C[C@@H]1C([*])=O |$_R1;;;;;;;;;;;;;;;_R2;$|,H,OH,-,HELM-GPT,flexible,False,none
X2180,[*]C(=O)[C@H]1NCCC1=O |$_R2;;;;;;;;$|,-,OH,-,HELM-GPT,N_terminal_only,False,none
X2112,OC(=O)C[C@H](N[*])C(=O)COC(=O)c1c(Cl)cccc1Cl |$;;;;;;_R1;;;;;;;;;;;;;;$|,H,-,-,HELM-GPT,C_terminal_only,False,none
X2130,NC(=N)NCCC[C@H](N[*])C(=O)CNCC([*])=O |$;;;;;;;;;_R1;;;;;;;_R2;$|,H,OH,-,HELM-GPT,flexible,False,none
X2193,OC(=O)C[C@H](N[*])C(=O)c1nc2ccccc2[nH]1 |$;;;;;;_R1;;;;;;;;;;;$|,H,-,-,HELM-GPT,C_terminal_only,False,none
X2169,COC(=O)c1ccc2oc(nc2c1)C(=O)[C@@H](N[*])C(C)C |$;;;;;;;;;;;;;;;;;_R1;;;$|,H,-,-,HELM-GPT,C_terminal_only,False,none
X2230,Cc1ccc(cc1)S(=O)(=O)N([*])[C@@H](CCCCN)C([*])=O |$;;;;;;;;;;;_R1;;;;;;;;_R2;$|,H,OH,-,HELM-GPT,flexible,False,none
X2227,CC(C)[C@H](N[*])C(=O)Cc1ccccc1 |$;;;;;_R1;;;;;;;;;$|,H,-,-,HELM-GPT,C_terminal_only,False,none
Pen_OMe,COC(=O)[C@@H](N[*])C(C)(C)S[*] |$;;;;;;_R1;;;;;_R3$|,H,-,H,HELM-GPT,C_terminal_only,True,none
X1997,CC[C@@]1(OC(=O)N(CCN(C)C)CC([*])=O)C(=O)OCc2c1cc1-c3nc4ccccc4cc3Cn1c2=O |$;;;;;;;;;;;;;;_R2;;;;;;;;;;;;;;;;;;;;;;;$|,-,OH,-,HELM-GPT,N_terminal_only,False,none
Boc_dGlu(OBzl),CC(C)(C)OC(=O)N[C@H](CCC(=O)OCc1ccccc1)C([*])=O |$;;;;;;;;;;;;;;;;;;;;;;_R2;$|,-,OH,-,HELM-GPT,N_terminal_only,False,none
X1497,Cc1ccc(C)c(c1)-c1cn(nn1)[C@H]1C[C@H](N([*])C1)C([*])=O |$;;;;;;;;;;;;;;;;;_R1;;;_R2;$|,H,OH,-,HELM-GPT,flexible,False,none
X1294,Brc1ccccc1C[C@H](N[*])C([*])=O |$;;;;;;;;;;_R1;;_R2;$|,H,OH,-,HELM-GPT,flexible,False,none
X1421,OC(=O)C[C@H](N[*])C(=O)c1ncco1 |$;;;;;;_R1;;;;;;;$|,H,-,-,HELM-GPT,C_terminal_only,False,none
X1404,"CC(C)=CCCC(C)=CCCC(C)=CC[C@]12C[C@H](N([*])[C@H]1Nc1ccccc21)C([*])=O |w:8.8,13.13,$;;;;;;;;;;;;;;;;;;;_R1;;;;;;;;;;_R2;$|",H,OH,-,HELM-GPT,flexible,False,none
X1470,CCOC(=O)N[C@H](Cc1ccc(OC)cc1)C([*])=O |$;;;;;;;;;;;;;;;;;_R2;$|,-,OH,-,HELM-GPT,N_terminal_only,False,none
X1504,COc1cccc(c1)-c1ccc(C[C@H](N[*])C([*])=O)cc1 |$;;;;;;;;;;;;;;;_R1;;_R2;;;$|,H,OH,-,HELM-GPT,flexible,False,none
X1262,Oc1ccc(CCCNCC([*])=O)cc1 |$;;;;;;;;;;;_R2;;;$|,-,OH,-,HELM-GPT,N_terminal_only,False,none
X1278,Cc1cc(=O)[nH]c2cc(ccc12)-n1cc(C[C@H](N[*])C([*])=O)nn1 |$;;;;;;;;;;;;;;;;;;_R1;;_R2;;;$|,H,OH,-,HELM-GPT,flexible,False,none
X1123,[*]N[C@H](C([*])=O)c1cccnc1 |$_R1;;;;_R2;;;;;;;$|,H,OH,-,HELM-GPT,flexible,False,none
X1010,FC(F)(F)C([C@H](N[*])C([*])=O)C(F)(F)F |$;;;;;;;_R1;;_R2;;;;;$|,H,OH,-,HELM-GPT,flexible,False,none
R_MeCl,NC(=N)NCCC[C@H](N[*])C(=O)CCl |$;;;;;;;;;_R1;;;;$|,H,-,-,HELM-GPT,C_terminal_only,False,none
X184,CC(C)[C@H](N[*])C(=O)C[C@H](Cc1ccccc1)C(O)=O |$;;;;;_R1;;;;;;;;;;;;;;$|,H,-,-,HELM-GPT,C_terminal_only,False,none
X246,NCCCCCCN([*])CC([*])=O |$;;;;;;;;_R1;;;_R2;$|,H,OH,-,HELM-GPT,flexible,False,none
X261,"[*]N1CC=C[C@@H]1C([*])=O |$_R1;;;;;;;_R2;$,c:3|",H,OH,-,HELM-GPT,flexible,False,none
X559,CNC(=O)NC(=N)NCCC[C@H](N[*])C([*])=O |$;;;;;;;;;;;;;_R1;;_R2;$|,H,OH,-,HELM-GPT,flexible,False,none
Me_meA,C[C@H](N(C)C)C([*])=O |$;;;;;;_R2;$|,-,OH,-,HELM-GPT,N_terminal_only,False,none
X413,CN(C)c1ccc2C(=O)N(C[C@H](N)C([*])=O)C(=O)c2c1 |$;;;;;;;;;;;;;;_R2;;;;;$|,-,OH,-,HELM-GPT,N_terminal_only,False,none
X207,CCOC(=O)CN[*] |$;;;;;;;_R1$|,H,-,-,HELM-GPT,C_terminal_only,False,none
X208,COC(=O)NCCCC[C@H](N[*])C([*])=O |$;;;;;;;;;;;_R1;;_R2;$|,H,OH,-,HELM-GPT,flexible,False,none
X309,Fc1c(F)c(F)c(C[C@@H](N[*])C([*])=O)c(F)c1F |$;;;;;;;;;;_R1;;_R2;;;;;$|,H,OH,-,HELM-GPT,flexible,False,none
X217,"COC(=O)[C@H](CSCC=C(C)CCC=C(C)CCC=C(C)C)N[*] |w:8.7,13.12,$;;;;;;;;;;;;;;;;;;;;;;;_R1$|",H,-,-,HELM-GPT,C_terminal_only,False,none
X613,[*]N[C@@H](Cc1csc2ccccc12)C([*])=O |$_R1;;;;;;;;;;;;;;_R2;$|,H,OH,-,HELM-GPT,flexible,False,none
X621,CC(C)(C)OC(=O)N[C@@H](C([*])=O)c1ccc(F)cc1 |$;;;;;;;;;;_R2;;;;;;;;$|,-,OH,-,HELM-GPT,N_terminal_only,False,none
X1538,COC(=O)[C@H](C)N(C)[*] |$;;;;;;;;_R1$|,H,-,-,HELM-GPT,C_terminal_only,False,none
X1547,CC(C)[C@H](NC(=O)Nc1ccccc1)C([*])=O |$;;;;;;;;;;;;;;;_R2;$|,-,OH,-,HELM-GPT,N_terminal_only,False,none
X1638,CC(C)(C)N([*])[C@@H](CS)C([*])=O |$;;;;;_R1;;;;;_R2;$|,H,OH,-,HELM-GPT,flexible,False,none
X1122,Cc1ccc(CNCC([*])=O)cc1 |$;;;;;;;;;_R2;;;$|,-,OH,-,HELM-GPT,N_terminal_only,False,none
X1592,"CCCCCCNC(NCCCC[C@@H](N[*])C([*])=O)=NCCCCCC |w:19.19,6.5,$;;;;;;;;;;;;;;;_R1;;_R2;;;;;;;;$|",H,OH,-,HELM-GPT,flexible,False,none
X587,NC1(CCCCC1)c1cn(nn1)[C@H]1C[C@H](N([*])C1)C([*])=O |$;;;;;;;;;;;;;;;;_R1;;;_R2;$|,H,OH,-,HELM-GPT,flexible,False,none
X1516,CCS[C@H]1CCN([*])[C@@H]1C([*])=O |$;;;;;;;_R1;;;_R2;$|,H,OH,-,HELM-GPT,flexible,False,none
Boc_Y,CC(C)(C)OC(=O)N[C@@H](Cc1ccc(O)cc1)C([*])=O |$;;;;;;;;;;;;;;;;;;_R2;$|,-,OH,-,HELM-GPT,N_terminal_only,False,none
X2524,[*]N[C@@H](CCCCCC(=O)c1ccccc1)C([*])=O |$_R1;;;;;;;;;;;;;;;;;_R2;$|,H,OH,-,HELM-GPT,flexible,False,none
Me_meNle,CCCC[C@H](N(C)C)C([*])=O |$;;;;;;;;;_R2;$|,-,OH,-,HELM-GPT,N_terminal_only,False,none
X2564,C[C@](Cc1ccc(CC(O)=O)cc1)(N[*])C([*])=O |$;;;;;;;;;;;;;;_R1;;_R2;$|,H,OH,-,HELM-GPT,flexible,False,none
K_OBzl,NCCCC[C@H](N[*])C(=O)OCc1ccccc1 |$;;;;;;;_R1;;;;;;;;;;$|,H,-,-,HELM-GPT,C_terminal_only,False,none
X2602,COc1ccc(C[C@H](N[C@@H](Cc2ccccc2)C([*])=O)C(=O)CC2(CCC(CC2)C(C)(C)C)S[*])cc1 |$;;;;;;;;;;;;;;;;;;_R2;;;;;;;;;;;;;;;;_R3;;$|,-,OH,H,HELM-GPT,N_terminal_only,True,none
X2593,[*]N[C@@H](CCNCc1ccccc1)C([*])=O |$_R1;;;;;;;;;;;;;;_R2;$|,H,OH,-,HELM-GPT,flexible,False,none
X2710,FC(F)(F)CCCN([*])CC([*])=O |$;;;;;;;;_R1;;;_R2;$|,H,OH,-,HELM-GPT,flexible,False,none
X2676,[*]N1C[C@@H](C[C@H]1C([*])=O)n1cc(nn1)-c1ccccn1 |$_R1;;;;;;;_R2;;;;;;;;;;;;$|,H,OH,-,HELM-GPT,flexible,False,none
X2654,NCCCC[C@@H](N[*])C(=O)c1nc2ccccc2s1 |$;;;;;;;_R1;;;;;;;;;;;$|,H,-,-,HELM-GPT,C_terminal_only,False,none
X2648,CC(C)[C@H](N[*])C(=O)c1nccs1 |$;;;;;_R1;;;;;;;$|,H,-,-,HELM-GPT,C_terminal_only,False,none
X2649,CC(C)[C@H](N[*])C(=O)c1nnnn1C |$;;;;;_R1;;;;;;;;$|,H,-,-,HELM-GPT,C_terminal_only,False,none
X2551,CS(=O)(=O)N[C@@H](Cc1c[nH]c2ccccc12)C([*])=O |$;;;;;;;;;;;;;;;;;_R2;$|,-,OH,-,HELM-GPT,N_terminal_only,False,none
X2521,OC(=O)CN1C(=O)CCN(CC([*])=O)C1=O |$;;;;;;;;;;;;_R2;;;$|,-,OH,-,HELM-GPT,N_terminal_only,False,none
X2553,COCCOCOc1ccc(cc1CN[C@@H](C(C)C)C([*])=O)C(F)(F)F |$;;;;;;;;;;;;;;;;;;;;_R2;;;;;$|,-,OH,-,HELM-GPT,N_terminal_only,False,none
X2576,Oc1ccc(C[C@H](N[*])C(=O)C=O)cc1 |$;;;;;;;;_R1;;;;;;$|,H,-,-,HELM-GPT,C_terminal_only,False,none
X2561,CN(C)c1cccc2c(cccc12)S(=O)(=O)N[C@@H](CCC(O)=O)C([*])=O |$;;;;;;;;;;;;;;;;;;;;;;;;_R2;$|,-,OH,-,HELM-GPT,N_terminal_only,False,none
X2575,OC(=O)Cn1cc([C@H](N[*])C([*])=O)c(=O)c2ccccc12 |$;;;;;;;;;_R1;;_R2;;;;;;;;;$|,H,OH,-,HELM-GPT,flexible,False,none
X2306,F[Al]1OC(=O)CN2CCN(Cc3ccc(NC(=S)NCCCC[C@H](N[*])C([*])=O)cc3)CCN(CC2)CC(=O)O1 |$;;;;;;;;;;;;;;;;;;;;;;;;;_R1;;_R2;;;;;;;;;;;;$|,H,OH,-,HELM-GPT,flexible,False,none
X2298,CC(C)[C@H](NCc1cc(O)ccc1O)C([*])=O |$;;;;;;;;;;;;;;;_R2;$|,-,OH,-,HELM-GPT,N_terminal_only,False,none
X2357,Fc1cccc2CN(Cc12)C(=O)O[C@@H]1C[C@H](N([*])C1)C([*])=O |$;;;;;;;;;;;;;;;;;_R1;;;_R2;$|,H,OH,-,HELM-GPT,flexible,False,none
X2389,CCCCCCN([*])CC([*])=O |$;;;;;;;_R1;;;_R2;$|,H,OH,-,HELM-GPT,flexible,False,none
X2395,COc1ccc(C[C@H](N)C([*])=O)cc1Oc1ccc(C[C@H](N[*])C(O)=O)cc1 |$;;;;;;;;;;_R2;;;;;;;;;;;;_R1;;;;;$|,H,OH,-,HELM-GPT,flexible,False,none
X2423,"CC(C)C[C@@H](NC(=O)Oc1ccccc1C=CC(=O)NC(=O)[C@H](Cc1ccc(O)cc1)N[*])C([*])=O |w:16.17,$;;;;;;;;;;;;;;;;;;;;;;;;;;;;;;;;_R1;;_R2;$|",H,OH,-,HELM-GPT,flexible,False,none
X2490,OC(=O)C[C@@H](N[*])C(=O)OC(=O)c1c(Cl)cccc1Cl |$;;;;;;_R1;;;;;;;;;;;;;$|,H,-,-,HELM-GPT,C_terminal_only,False,none
X2342,[*]N[C@@H](CSCc1c[nH]c(=O)[nH]c1=O)C([*])=O |$_R1;;;;;;;;;;;;;;;_R2;$|,H,OH,-,HELM-GPT,flexible,False,none
Boc_dW,CC(C)(C)OC(=O)N[C@H](Cc1c[nH]c2ccccc12)C([*])=O |$;;;;;;;;;;;;;;;;;;;;_R2;$|,-,OH,-,HELM-GPT,N_terminal_only,False,none
X2434,[*]N(CCCCC=C)CC([*])=O |$_R1;;;;;;;;;;_R2;$|,H,OH,-,HELM-GPT,flexible,False,none
Cbz_Lys(Cbz),[*]C(=O)[C@H](CCCCNC(=O)OCc1ccccc1)NC(=O)OCc1ccccc1 |$_R2;;;;;;;;;;;;;;;;;;;;;;;;;;;;;$|,-,OH,-,HELM-GPT,N_terminal_only,False,none
X2382,N[C@@H](Cc1ccc(O)cc1)ONCC([*])=O |$;;;;;;;;;;;;;;_R2;$|,-,OH,-,HELM-GPT,N_terminal_only,False,none
X2422,CCOC(=O)N[C@H](CN[C@@H](CCCNC(N)=N)C([*])=O)Cc1ccccc1 |$;;;;;;;;;;;;;;;;;;_R2;;;;;;;;$|,-,OH,-,HELM-GPT,N_terminal_only,False,none
X2265,Cc1ccc(COC[C@H](NS(=O)(=O)c2ccc(C)cc2)C([*])=O)cc1 |$;;;;;;;;;;;;;;;;;;;;;_R2;;;$|,-,OH,-,HELM-GPT,N_terminal_only,False,none
X2321,[*]C(=O)[C@H](Cc1ccc2ccccc2c1)NC(=O)OCc1ccccc1 |$_R2;;;;;;;;;;;;;;;;;;;;;;;;;$|,-,OH,-,HELM-GPT,N_terminal_only,False,none
X2323,COC(=O)c1nnn(CC(=O)[C@H](C[C@@H]2CCNC2=O)N[*])c1C(=O)OC |$;;;;;;;;;;;;;;;;;;;;_R1;;;;;$|,H,-,-,HELM-GPT,C_terminal_only,False,none
X2337,CN(C)c1cccc2c(cccc12)S(=O)(=O)N[C@H](Cc1ccc(O)cc1)C([*])=O |$;;;;;;;;;;;;;;;;;;;;;;;;;;;_R2;$|,-,OH,-,HELM-GPT,N_terminal_only,False,none
X2281,[*]C(=O)[C@@H](Cc1c[nH]c2ccccc12)NC(=O)OCc1ccccc1 |$_R2;;;;;;;;;;;;;;;;;;;;;;;;$|,-,OH,-,HELM-GPT,N_terminal_only,False,none
X582,CONC(=O)Nc1ccc(C[C@H](N(C)[*])C([*])=O)cc1 |$;;;;;;;;;;;;;;_R1;;_R2;;;$|,H,OH,-,HELM-GPT,flexible,False,none
X596,OC(=O)CC[C@H](NS(=O)(=O)c1ccccc1)C([*])=O |$;;;;;;;;;;;;;;;;;_R2;$|,-,OH,-,HELM-GPT,N_terminal_only,False,none
X658,[O-]C(=O)CC[C@H](N[*])C([*])=O |$;;;;;;;_R1;;_R2;$|,H,OH,-,HELM-GPT,flexible,False,none
X479,NCCCC[C@H]([N-][N+]#N)C([*])=O |$;;;;;;;;;;_R2;$|,-,OH,-,HELM-GPT,N_terminal_only,False,none
X759,CCCN[C@@H](CCC(O)=O)C([*])=O |$;;;;;;;;;;;_R2;$|,-,OH,-,HELM-GPT,N_terminal_only,False,none
X618,[*]N[C@@H](CC=C)C=O |$_R1;;;;;;;$|,H,-,-,HELM-GPT,C_terminal_only,False,none
X773,OC[C@H](O)[C@H](N[*])C([*])=O |$;;;;;;_R1;;_R2;$|,H,OH,-,HELM-GPT,flexible,False,none
X489,Cc1c(O)ccc(C[C@H](N[*])C([*])=O)c1C |$;;;;;;;;;;_R1;;_R2;;;$|,H,OH,-,HELM-GPT,flexible,False,none
X491,C[C@H](OP(O)(O)=O)[C@H](N[*])C([*])=O |$;;;;;;;;;_R1;;_R2;$|,H,OH,-,HELM-GPT,flexible,False,none
X766,CC(C)(C)OC(=O)N[C@@](C)(C([*])=O)c1ccccc1 |$;;;;;;;;;;;_R2;;;;;;;$|,-,OH,-,HELM-GPT,N_terminal_only,False,none
X781,"CCCCNC(NCCCC[C@@H](N[*])C([*])=O)=NCCCC |w:17.17,4.3,$;;;;;;;;;;;;;_R1;;_R2;;;;;;$|",H,OH,-,HELM-GPT,flexible,False,none
X962,NC(=N)NCCC[C@H](N[*])C(=O)C[n+]1ccccc1 |$;;;;;;;;;_R1;;;;;;;;;$|,H,-,-,HELM-GPT,C_terminal_only,False,none
X769,NCCN1C(=O)C[C@H](NC1=O)C([*])=O |$;;;;;;;;;;;;_R2;$|,-,OH,-,HELM-GPT,N_terminal_only,False,none
X913,NNCCCC[C@H](N[*])C([*])=O |$;;;;;;;;_R1;;_R2;$|,H,OH,-,HELM-GPT,flexible,False,none
Me_1-Nal,CN([*])[C@@H](Cc1cccc2ccccc12)C([*])=O |$;;_R1;;;;;;;;;;;;;;_R2;$|,H,OH,-,HELM-GPT,flexible,False,none
X636,CS(=O)(=O)CC[C@H](N[*])C([*])=O |$;;;;;;;;_R1;;_R2;$|,H,OH,-,HELM-GPT,flexible,False,none
X520,CN[C@H](C([*])=O)C(C)(C)c1ccccc1 |$;;;;_R2;;;;;;;;;;$|,-,OH,-,HELM-GPT,N_terminal_only,False,none
X522,[*]N[C@@H](CC1CCCCC1)C=O |$_R1;;;;;;;;;;;$|,H,-,-,HELM-GPT,C_terminal_only,False,none
X645,CC(=O)NC(=O)[C@@H](CS[*])N[*] |$;;;;;;;;;_R3;;_R1$|,H,-,H,HELM-GPT,C_terminal_only,True,none
X457,COC(=O)[C@H](COC(=O)c1ccc(OC)cc1)N[*] |$;;;;;;;;;;;;;;;;;;_R1$|,H,-,-,HELM-GPT,C_terminal_only,False,none
X2898,NS(=O)(=O)c1ccc(NC(=S)N[C@@H](CC(O)=O)C([*])=O)cc1 |$;;;;;;;;;;;;;;;;;;_R2;;;$|,-,OH,-,HELM-GPT,N_terminal_only,False,none
X3020,Clc1ccc(C[C@@H]2C[C@H](N([*])C2)C([*])=O)cc1 |$;;;;;;;;;;_R1;;;_R2;;;$|,H,OH,-,HELM-GPT,flexible,False,none
X3010,Fc1ccc(C[C@@H](N[*])C([*])=O)cc1F |$;;;;;;;;_R1;;_R2;;;;$|,H,OH,-,HELM-GPT,flexible,False,none
X2894,"[*]N[C@@H](CCCNC(=N)NCc1ccccc1)C([*])=O |w:9.9,$_R1;;;;;;;;;;;;;;;;;;_R2;$|",H,OH,-,HELM-GPT,flexible,False,none
X2874,CC(C)C[C@H](NC(=O)OC[C@@H](COS(O)(=O)=O)OS(O)(=O)=O)C([*])=O |$;;;;;;;;;;;;;;;;;;;;;;;_R2;$|,-,OH,-,HELM-GPT,N_terminal_only,False,none
X2502,CC(=O)[C@H](Cc1c[nH]c2ccccc12)N[C@@H](Cc1ccccc1)C([*])=O |$;;;;;;;;;;;;;;;;;;;;;;;;_R2;$|,-,OH,-,HELM-GPT,N_terminal_only,False,none
X2545,CC(C)(C)c1cc(C[C@H](N[*])C([*])=O)ccc1O |$;;;;;;;;;;_R1;;_R2;;;;;$|,H,OH,-,HELM-GPT,flexible,False,none
X2504,Cc1cn([C@H]2C[C@H](N([*])C2)C([*])=O)c(=O)[nH]c1=O |$;;;;;;;;_R1;;;_R2;;;;;;$|,H,OH,-,HELM-GPT,flexible,False,none
X749,COc1ccc(cc1)S(=O)(=O)N([*])CC([*])=O |$;;;;;;;;;;;;_R1;;;_R2;$|,H,OH,-,HELM-GPT,flexible,False,none
E_OMe,COC(=O)[C@H](CCC(O)=O)N[*] |$;;;;;;;;;;;_R1$|,H,-,-,HELM-GPT,C_terminal_only,False,none
L_OBzl,CC(C)C[C@H](N[*])C(=O)OCc1ccccc1 |$;;;;;;_R1;;;;;;;;;;$|,H,-,-,HELM-GPT,C_terminal_only,False,none
X2248,[*]N[C@@H](Cc1c[nH]c2ccccc12)C(=O)c1nc2ccccc2[nH]1 |$_R1;;;;;;;;;;;;;;;;;;;;;;;$|,H,-,-,HELM-GPT,C_terminal_only,False,none
dE,[*]N[C@H](CCC([*])=O)C([*])=O |$_R1;;;;;;_R3;;;_R2;$|,H,OH,OH,HELM-GPT,flexible,True,none
X876,[*]C(=O)[C@H](Cc1ccccc1)NC(=O)Nc1ccccc1 |$_R2;;;;;;;;;;;;;;;;;;;;$|,-,OH,-,HELM-GPT,N_terminal_only,False,none
dTyr(Bzl),[*]N[C@H](Cc1ccc(OCc2ccccc2)cc1)C([*])=O |$_R1;;;;;;;;;;;;;;;;;;;_R2;$|,H,OH,-,HELM-GPT,flexible,False,none
X742,[*]C(=O)CN1CCNCC1 |$_R2;;;;;;;;;$|,-,OH,-,HELM-GPT,N_terminal_only,False,none
Me_dR,CN([*])[C@H](CCCNC(N)=N)C([*])=O |$;;_R1;;;;;;;;;;_R2;$|,H,OH,-,HELM-GPT,flexible,False,none
X960,[*]N1C[C@H](Cc2ccccc2)C[C@H]1C([*])=O |$_R1;;;;;;;;;;;;;;_R2;$|,H,OH,-,HELM-GPT,flexible,False,none
X1207,NC(=O)NCCCC[C@@H](N[*])C([*])=O |$;;;;;;;;;;_R1;;_R2;$|,H,OH,-,HELM-GPT,flexible,False,none
X1093,CC(C)[C@H](N[*])C(=O)C(F)(F)CN |$;;;;;_R1;;;;;;;$|,H,-,-,HELM-GPT,C_terminal_only,False,none
X717,CCOC(=O)N[C@H](CC(=O)c1ccccc1)C([*])=O |$;;;;;;;;;;;;;;;;;_R2;$|,-,OH,-,HELM-GPT,N_terminal_only,False,none
X864,OC(=O)CC[C@H](NCC1CCCCCC1)C([*])=O |$;;;;;;;;;;;;;;;;_R2;$|,-,OH,-,HELM-GPT,N_terminal_only,False,none
X806,Oc1ccc(C[C@H](NCc2cccc(Oc3ccccc3)c2)C([*])=O)cc1 |$;;;;;;;;;;;;;;;;;;;;;;;_R2;;;$|,-,OH,-,HELM-GPT,N_terminal_only,False,none
X1917,CCCCCC[C@@H](N(C)[*])C([*])=O |$;;;;;;;;;_R1;;_R2;$|,H,OH,-,HELM-GPT,flexible,False,none
X2044,Brc1ccc(C[C@@H](N[*])C([*])=O)cc1 |$;;;;;;;;_R1;;_R2;;;$|,H,OH,-,HELM-GPT,flexible,False,none
C_OMe,COC(=O)[C@H](CS[*])N[*] |$;;;;;;;_R3;;_R1$|,H,-,H,HELM-GPT,C_terminal_only,True,none
X2014,[*]N[C@H](C([*])=O)c1cccc(c1)N(=O)=O |$_R1;;;;_R2;;;;;;;;;;$|,H,OH,-,HELM-GPT,flexible,False,none
X2050,CCN([*])[C@H](CCCNC(N)=N)C([*])=O |$;;;_R1;;;;;;;;;;_R2;$|,H,OH,-,HELM-GPT,flexible,False,none
X1953,NC(=O)N[C@@H](Cc1ccc(O)cc1)C([*])=O |$;;;;;;;;;;;;;;_R2;$|,-,OH,-,HELM-GPT,N_terminal_only,False,none
Pen,CC(C)(S[*])[C@H](N[*])C([*])=O |$;;;;_R3;;;_R1;;_R2;$|,H,OH,H,HELM-GPT,flexible,True,none
X2036,CCCCOc1ccc(C[C@H](N[*])C([*])=O)cc1 |$;;;;;;;;;;;;_R1;;_R2;;;$|,H,OH,-,HELM-GPT,flexible,False,none
X2051,Fc1ccc(cc1)[C@H](N[*])C([*])=O |$;;;;;;;;;_R1;;_R2;$|,H,OH,-,HELM-GPT,flexible,False,none
X2052,CN(C)c1ccc(CN[C@H](CS[*])C([*])=O)cc1 |$;;;;;;;;;;;;_R3;;_R2;;;$|,-,OH,H,HELM-GPT,N_terminal_only,True,none
X2027,C[C@H](N([*])Cc1ccccc1)C([*])=O |$;;;_R1;;;;;;;;;_R2;$|,H,OH,-,HELM-GPT,flexible,False,none
X1832,[*]N[C@H](COCC=C)C([*])=O |$_R1;;;;;;;;;_R2;$|,H,OH,-,HELM-GPT,flexible,False,none
X1788,[*]N1CCOC[C@H]1C([*])=O |$_R1;;;;;;;;_R2;$|,H,OH,-,HELM-GPT,flexible,False,none
X1722,ClCC(=C)COC[C@@H](N[*])C([*])=O |$;;;;;;;;;_R1;;_R2;$|,H,OH,-,HELM-GPT,flexible,False,none
X1723,[*]N1CCOC[C@@H]1C([*])=O |$_R1;;;;;;;;_R2;$|,H,OH,-,HELM-GPT,flexible,False,none
Me_dOrn,CN([*])[C@H](CCCN)C([*])=O |$;;_R1;;;;;;;_R2;$|,H,OH,-,HELM-GPT,flexible,False,none
X1881,OCCCOC[C@@H](N[*])C([*])=O |$;;;;;;;;_R1;;_R2;$|,H,OH,-,HELM-GPT,flexible,False,none
X1803,[*]N[C@H](C1CC1)C([*])=O |$_R1;;;;;;;_R2;$|,H,OH,-,HELM-GPT,flexible,False,none
X1746,CC(C)=CCOc1ccc(C[C@H](N[*])C([*])=O)cc1 |$;;;;;;;;;;;;;_R1;;_R2;;;$|,H,OH,-,HELM-GPT,flexible,False,none
X1817,Clc1ccc(COC(=O)NCCCC[C@H](N[*])C([*])=O)cc1 |$;;;;;;;;;;;;;;;;_R1;;_R2;;;$|,H,OH,-,HELM-GPT,flexible,False,none
X1821,"CCCC=C(C)[C@@H](O)[C@H](N(C)[*])C([*])=O |w:3.2,$;;;;;;;;;;;_R1;;_R2;$|",H,OH,-,HELM-GPT,flexible,False,none
X1709,CCN(CC)CC[C@@H](N[*])C([*])=O |$;;;;;;;;;_R1;;_R2;$|,H,OH,-,HELM-GPT,flexible,False,none
X91,CSCC[C@H](NC(=O)NC(C)(C)C)C([*])=O |$;;;;;;;;;;;;;;_R2;$|,-,OH,-,HELM-GPT,N_terminal_only,False,none
X143,Oc1ccc2CN([*])[C@@H](Cc2c1)C([*])=O |$;;;;;;;_R1;;;;;;_R2;$|,H,OH,-,HELM-GPT,flexible,False,none
X356,CNCCC[C@H](N[*])C([*])=O |$;;;;;;;_R1;;_R2;$|,H,OH,-,HELM-GPT,flexible,False,none
X107,CC(C)[C@H](N[*])C(=O)C(F)(F)F |$;;;;;_R1;;;;;;$|,H,-,-,HELM-GPT,C_terminal_only,False,none
Cbz_L,CC(C)C[C@H](NC(=O)OCc1ccccc1)C([*])=O |$;;;;;;;;;;;;;;;;;_R2;$|,-,OH,-,HELM-GPT,N_terminal_only,False,none
X116,OC(=O)C[C@H](N[*])C=O |$;;;;;;_R1;;$|,H,-,-,HELM-GPT,C_terminal_only,False,none
X104,[*]NC1(CC1)C([*])=O |$_R1;;;;;;_R2;$|,H,OH,-,HELM-GPT,flexible,False,none
X9,C[C@H](NC(=S)Nc1ccc2c(c1)C(=O)OC21c2ccc(O)cc2Oc2cc(O)ccc12)C([*])=O |$;;;;;;;;;;;;;;;;;;;;;;;;;;;;;;;;_R2;$|,-,OH,-,HELM-GPT,N_terminal_only,False,none
X28,[*]N[C@@H](C(c1ccccc1)c1ccccc1)C([*])=O |$_R1;;;;;;;;;;;;;;;;;_R2;$|,H,OH,-,HELM-GPT,flexible,False,none
X2726,OC(=O)Cn1cc(C[C@H](N[*])C([*])=O)c2ccccc12 |$;;;;;;;;;;_R1;;_R2;;;;;;;$|,H,OH,-,HELM-GPT,flexible,False,none
X2371,[*]N[C@@H](C[C@@H]1CCNC1=O)C(=O)c1ccccn1 |$_R1;;;;;;;;;;;;;;;;;$|,H,-,-,HELM-GPT,C_terminal_only,False,none
X2812,"CC(=O)N([C@H](Cc1cccs1)C([*])=O)C(=O)C=Cc1ccccc1 |w:16.16,$;;;;;;;;;;;;_R2;;;;;;;;;;;$|",-,OH,-,HELM-GPT,N_terminal_only,False,none
X2886,CC(C)(C)c1ccc(cc1)-c1ncc(C[C@H](N[*])C([*])=O)[nH]1 |$;;;;;;;;;;;;;;;;;_R1;;_R2;;$|,H,OH,-,HELM-GPT,flexible,False,none
X2865,CC[C@H](C)[C@H](NC(=O)OCCCCCn1cnc2c(ncnc12)N(C)C)C([*])=O |$;;;;;;;;;;;;;;;;;;;;;;;;;;;_R2;$|,-,OH,-,HELM-GPT,N_terminal_only,False,none
X2720,[*]C(=O)[C@H](Cc1ccc(cc1)-c1ccccc1)NC(=O)OCc1ccccc1 |$_R2;;;;;;;;;;;;;;;;;;;;;;;;;;;$|,-,OH,-,HELM-GPT,N_terminal_only,False,none
X2833,CCOC(=O)[C@H](C)OC(=O)[C@H](C)OC(=O)[C@@H]1CCCN1[*] |$;;;;;;;;;;;;;;;;;;;;_R1$|,H,-,-,HELM-GPT,C_terminal_only,False,none
X2426,COC(=O)[C@H](C)NCC(=O)[C@H](CCCNC(N)=N)N[*] |$;;;;;;;;;;;;;;;;;;;_R1$|,H,-,-,HELM-GPT,C_terminal_only,False,none
X2824,CC(C)C[C@H](NC(=O)OCC(CO)CO)C([*])=O |$;;;;;;;;;;;;;;;;_R2;$|,-,OH,-,HELM-GPT,N_terminal_only,False,none
X2825,CC(C)C[C@H](NC(=O)NCCCOS(O)(=O)=O)C([*])=O |$;;;;;;;;;;;;;;;;;;_R2;$|,-,OH,-,HELM-GPT,N_terminal_only,False,none
X2905,"CC(=O)N([C@H](CC1CCCCC1)C([*])=O)C(=O)C=Cc1ccccc1 |w:17.17,$;;;;;;;;;;;;;_R2;;;;;;;;;;;$|",-,OH,-,HELM-GPT,N_terminal_only,False,none
X2750,Oc1ccc(C[C@H](NCC(=O)CN[*])C([*])=O)cc1 |$;;;;;;;;;;;;;_R1;;_R2;;;$|,H,OH,-,HELM-GPT,flexible,False,none
X2113,OC(=O)[C@H](N[*])C([*])=O |$;;;;;_R1;;_R2;$|,H,OH,-,HELM-GPT,flexible,False,none
X2741,CC(C)C[C@H](NCCCCCCCCNC(=S)Nc1cccc2c1C(=O)OC21c2ccc(O)cc2Oc2cc(O)ccc12)C([*])=O |$;;;;;;;;;;;;;;;;;;;;;;;;;;;;;;;;;;;;;;;;;;;;_R2;$|,-,OH,-,HELM-GPT,N_terminal_only,False,none
X2007,[*]N[C@@H](C([*])=O)C1(CCCCC1)S[*] |$_R1;;;;_R2;;;;;;;;;_R3$|,H,OH,H,HELM-GPT,flexible,True,none
X2102,"CC=CC[C@@H](C)C(=O)[C@H](N(C)[*])C([*])=O |w:1.0,$;;;;;;;;;;;_R1;;_R2;$|",H,OH,-,HELM-GPT,flexible,False,none
X166,[*]N1[C@@H](CNC1=O)C([*])=O |$_R1;;;;;;;;_R2;$|,H,OH,-,HELM-GPT,flexible,False,none
X2203,N[C@@H](COC(=O)CN[*])C([*])=O |$;;;;;;;;_R1;;_R2;$|,H,OH,-,HELM-GPT,flexible,False,none
Cbz_dA,C[C@@H](NC(=O)OCc1ccccc1)C([*])=O |$;;;;;;;;;;;;;;_R2;$|,-,OH,-,HELM-GPT,N_terminal_only,False,none
X2117,Cc1cccc(C)c1NC(=O)NCCCC[C@H](N[*])C([*])=O |$;;;;;;;;;;;;;;;;;;_R1;;_R2;$|,H,OH,-,HELM-GPT,flexible,False,none
X2125,CN(C)C(=O)NC[C@H](N[*])C=O |$;;;;;;;;;_R1;;$|,H,-,-,HELM-GPT,C_terminal_only,False,none
X1361,[*]N[C@@H](CCC1CCCCC1)C=O |$_R1;;;;;;;;;;;;$|,H,-,-,HELM-GPT,C_terminal_only,False,none
X1248,C[C@@H](CC(=O)[C@H](CC(O)=O)N[*])C(O)=O |$;;;;;;;;;;;_R1;;;$|,H,-,-,HELM-GPT,C_terminal_only,False,none
X1451,COC(=O)[C@H](COC(=O)C=C(C)C)N[*] |$;;;;;;;;;;;;;;_R1$|,H,-,-,HELM-GPT,C_terminal_only,False,none
X1251,NCCC[C@H](N[*])C=O |$;;;;;;_R1;;$|,H,-,-,HELM-GPT,C_terminal_only,False,none
X1423,CN(C)[C@@H](Cc1cccc(O)c1)C([*])=O |$;;;;;;;;;;;;;_R2;$|,-,OH,-,HELM-GPT,N_terminal_only,False,none
X1405,"CN(C)C(=NCC([*])=O)N(C)C |w:4.4,$;;;;;;;_R2;;;;$|",-,OH,-,HELM-GPT,N_terminal_only,False,none
X1315,COC(=O)C1(CC1)N[*] |$;;;;;;;;_R1$|,H,-,-,HELM-GPT,C_terminal_only,False,none
X1390,COc1ccc(C[C@H](N[*])C([*])=O)cc1OC |$;;;;;;;;;_R1;;_R2;;;;;$|,H,OH,-,HELM-GPT,flexible,False,none
X1329,CCc1cc(O)cc(CC)c1C[C@H](N)C([*])=O |$;;;;;;;;;;;;;;;_R2;$|,-,OH,-,HELM-GPT,N_terminal_only,False,none
X1418,CN(CC([*])=O)C(N)=N |$;;;;_R2;;;;$|,-,OH,-,HELM-GPT,N_terminal_only,False,none
X1230,[*]C(=O)[C@@H]1C[C@@H]2CCCC[C@@H]2CN1 |$_R2;;;;;;;;;;;;$|,-,OH,-,HELM-GPT,N_terminal_only,False,none
X1469,OC(=O)C[C@H](N[*])C(=O)c1ccccc1 |$;;;;;;_R1;;;;;;;;$|,H,-,-,HELM-GPT,C_terminal_only,False,none
Boc_C,CC(C)(C)OC(=O)N[C@@H](CS)C([*])=O |$;;;;;;;;;;;;_R2;$|,-,OH,-,HELM-GPT,N_terminal_only,False,none
X1202,BrCC(=O)N(CCC[C@@H](N[*])C([*])=O)C(=O)CBr |$;;;;;;;;;;_R1;;_R2;;;;;$|,H,OH,-,HELM-GPT,flexible,False,none
X1003,[*]C(=O)[C@H](Cc1ccccc1)N(CC=C)CC=C |$_R2;;;;;;;;;;;;;;;;;$|,-,OH,-,HELM-GPT,N_terminal_only,False,none
X1008,[*]N[C@@H](CCC1CCCCC1)C([*])=O |$_R1;;;;;;;;;;;;_R2;$|,H,OH,-,HELM-GPT,flexible,False,none
X185,CN(C)C(=NCCC[C@H](N[*])C([*])=O)N(C)C |$;;;;;;;;;;_R1;;_R2;;;;$|,H,OH,-,HELM-GPT,flexible,False,none
F_Me,CC(=O)[C@H](Cc1ccccc1)N[*] |$;;;;;;;;;;;;_R1$|,H,-,-,HELM-GPT,C_terminal_only,False,none
X691,"COC1=CC(=O)N([C@H]1Cc1ccccc1)C(=O)[C@@H](OC(=O)[C@@H]1CCCN1[*])C(C)C |$;;;;;;;;;;;;;;;;;;;;;;;;;;_R1;;;$,t:2|",H,-,-,HELM-GPT,C_terminal_only,False,none
X399,C[C@H]([C@H](N)C([*])=O)c1c(C)cc(O)cc1C |$;;;;;_R2;;;;;;;;;;$|,-,OH,-,HELM-GPT,N_terminal_only,False,none
X253,[*]C(=O)CN1CCCNCCCNCCC1 |$_R2;;;;;;;;;;;;;;;$|,-,OH,-,HELM-GPT,N_terminal_only,False,none
X558,OC(=O)[C@H](CC(=O)OCC=C)N[*] |$;;;;;;;;;;;;_R1$|,H,-,-,HELM-GPT,C_terminal_only,False,none
X334,Oc1cccc(C[C@H](N[*])C([*])=O)c1 |$;;;;;;;;;_R1;;_R2;;$|,H,OH,-,HELM-GPT,flexible,False,none
dNle,CCCC[C@@H](N[*])C([*])=O |$;;;;;;_R1;;_R2;$|,H,OH,-,HELM-GPT,flexible,False,none
X260,Oc1ccc(C[C@H](N(CC=C)CC=C)C([*])=O)cc1 |$;;;;;;;;;;;;;;;_R2;;;$|,-,OH,-,HELM-GPT,N_terminal_only,False,none
X404,CCCCCCCCCCCCCCCC(=O)Oc1ccc(C[C@H](N[*])C([*])=O)cc1 |$;;;;;;;;;;;;;;;;;;;;;;;;;_R1;;_R2;;;$|,H,OH,-,HELM-GPT,flexible,False,none
X274,CC(C)(C)C[C@H](N[*])C([*])=O |$;;;;;;;_R1;;_R2;$|,H,OH,-,HELM-GPT,flexible,False,none
Cbz_G,[*]C(=O)CNC(=O)OCc1ccccc1 |$_R2;;;;;;;;;;;;;;$|,-,OH,-,HELM-GPT,N_terminal_only,False,none
X228,[*]N(CCc1ccccn1)CC([*])=O |$_R1;;;;;;;;;;;;_R2;$|,H,OH,-,HELM-GPT,flexible,False,none
X1613,CN(C)c1ccc2cc3C(=O)N(C[C@H](N)C([*])=O)C(=O)c3cc2c1 |$;;;;;;;;;;;;;;;;_R2;;;;;;;$|,-,OH,-,HELM-GPT,N_terminal_only,False,none
X1535,ClCNc1ccc(C[C@H](N[*])C([*])=O)cc1 |$;;;;;;;;;;_R1;;_R2;;;$|,H,OH,-,HELM-GPT,flexible,False,none
X709,ClCCN(CCCl)c1ccc(C[C@H](N[*])C([*])=O)cc1 |$;;;;;;;;;;;;;;_R1;;_R2;;;$|,H,OH,-,HELM-GPT,flexible,False,none
X917,CC(C)C[C@H](N[*])C([O-])=O |$;;;;;;_R1;;;$|,H,-,-,HELM-GPT,C_terminal_only,False,none
X1919,CCOCC[C@@H](C)[C@@H](O)[C@H](N(C)[*])C([*])=O |$;;;;;;;;;;;;_R1;;_R2;$|,H,OH,-,HELM-GPT,flexible,False,none
X1174,N[C@@H](CNCC([*])=O)Cc1ccccc1 |$;;;;;;_R2;;;;;;;;$|,-,OH,-,HELM-GPT,N_terminal_only,False,none
X1369,N[C@@H](Cc1ccc(O)c(CCO)c1)C([*])=O |$;;;;;;;;;;;;;;_R2;$|,-,OH,-,HELM-GPT,N_terminal_only,False,none
X1590,CSCC[C@H](NC(=O)N=C(C)C)C([*])=O |$;;;;;;;;;;;;;_R2;$|,-,OH,-,HELM-GPT,N_terminal_only,False,none
X105,CC(C)C[C@H](N[*])C(=O)[C@@]1(C)CO1 |$;;;;;;_R1;;;;;;$|,H,-,-,HELM-GPT,C_terminal_only,False,none
Me_meS,CN(C)[C@@H](CO)C([*])=O |$;;;;;;;_R2;$|,-,OH,-,HELM-GPT,N_terminal_only,False,none
X2601,COc1ccc2c(O[C@@H]3C[C@H](N([*])C3)C([*])=O)nccc2c1 |$;;;;;;;;;;;;_R1;;;_R2;;;;;;$|,H,OH,-,HELM-GPT,flexible,False,none
Y_MeF,Oc1ccc(C[C@H](N[*])C(=O)CF)cc1 |$;;;;;;;;_R1;;;;;;$|,H,-,-,HELM-GPT,C_terminal_only,False,none
X2617,[*]N[C@H](Cc1ccc(cc1)C#N)C([*])=O |$_R1;;;;;;;;;;;;;_R2;$|,H,OH,-,HELM-GPT,flexible,False,none
X2618,CC(C)C[C@H](NCC(=O)[C@H](Cc1ccccc1)N[*])C([*])=O |$;;;;;;;;;;;;;;;;;;_R1;;_R2;$|,H,OH,-,HELM-GPT,flexible,False,none
X2713,COc1ccc(S[*])cc1 |$;;;;;;;_R3;;$|,-,-,H,HELM-GPT,unknown,True,none
X2658,[*]N1C[C@@H](C[C@H]1C([*])=O)n1cc(nn1)-c1ccc2OCCc2c1 |$_R1;;;;;;;_R2;;;;;;;;;;;;;;;$|,H,OH,-,HELM-GPT,flexible,False,none
X2655,Cc1cn([C@@H]2C[C@H](N([*])C2)C([*])=O)c(=O)[nH]c1=O |$;;;;;;;;_R1;;;_R2;;;;;;$|,H,OH,-,HELM-GPT,flexible,False,none
X2730,CCCCCCCC(=O)[C@H](CCCCN)N[C@H]1C[C@H](N([*])C1)C([*])=O |$;;;;;;;;;;;;;;;;;;;;_R1;;;_R2;$|,H,OH,-,HELM-GPT,flexible,False,none
X2696,[*]C(=O)Cn1c(nc2ccccc12)-c1ccccc1 |$_R2;;;;;;;;;;;;;;;;;;$|,-,OH,-,HELM-GPT,N_terminal_only,False,none
X2697,OC(=O)C[C@@H]1N([*])C[C@@H](NC1=O)c1ccccc1 |$;;;;;;_R1;;;;;;;;;;;$|,H,-,-,HELM-GPT,C_terminal_only,False,none
X2670,COc1ccc(C[C@H](N[C@@H](Cc2ccccc2)C([*])=O)C(=O)CC2(CCCCC2)S[*])cc1 |$;;;;;;;;;;;;;;;;;;_R2;;;;;;;;;;;;_R3;;$|,-,OH,H,HELM-GPT,N_terminal_only,True,none
X2523,CCCCCCCC(=O)[C@H](CCCCN)N[C@@H]1C[C@H](N([*])C1)C([*])=O |$;;;;;;;;;;;;;;;;;;;;_R1;;;_R2;$|,H,OH,-,HELM-GPT,flexible,False,none
X2332,CC(C)C[C@H](NC(O)=O)C([*])=O |$;;;;;;;;;;_R2;$|,-,OH,-,HELM-GPT,N_terminal_only,False,none
X2403,COc1ccc2nc(cc(O[C@@H]3C[C@H](N([*])C3)C([*])=O)c2c1)-c1ccccc1 |$;;;;;;;;;;;;;;;_R1;;;_R2;;;;;;;;;$|,H,OH,-,HELM-GPT,flexible,False,none
X2477,[*]N[C@@H](Cc1ccccc1)C(=O)CN1CCC[C@H]1C([*])=O |$_R1;;;;;;;;;;;;;;;;;;;_R2;$|,H,OH,-,HELM-GPT,flexible,False,none
X2437,CC(C)[C@H](NCc1cccc(F)c1O)C([*])=O |$;;;;;;;;;;;;;;;_R2;$|,-,OH,-,HELM-GPT,N_terminal_only,False,none
X2367,CC(C)[C@H](N[*])C(=O)c1nnc(Cc2cccc(C)c2)o1 |$;;;;;_R1;;;;;;;;;;;;;;;$|,H,-,-,HELM-GPT,C_terminal_only,False,none
X2472,CC(C)[C@H](N[*])C(=O)c1nccn1C |$;;;;;_R1;;;;;;;;$|,H,-,-,HELM-GPT,C_terminal_only,False,none
X2256,CCNOC(=O)[C@@H]1CCCN1[*] |$;;;;;;;;;;;_R1$|,H,-,-,HELM-GPT,C_terminal_only,False,none
X2276,CS(=O)(=O)CC[C@@H](N[*])C(O)=O |$;;;;;;;;_R1;;;$|,H,-,-,HELM-GPT,C_terminal_only,False,none
X465,"[*]N1CC=CC[C@H]1C([*])=O |$_R1;;;;;;;;_R2;$,c:3|",H,OH,-,HELM-GPT,flexible,False,none
X533,OB(O)c1ccc(C[C@@H](N[*])C(O)=O)cc1 |$;;;;;;;;;;_R1;;;;;$|,H,-,-,HELM-GPT,C_terminal_only,False,none
dThr(Bzl),C[C@H](OCc1ccccc1)[C@@H](N[*])C([*])=O |$;;;;;;;;;;;;_R1;;_R2;$|,H,OH,-,HELM-GPT,flexible,False,none
X601,OS(=O)(=O)C(F)(F)c1cccc(C[C@@H](N[*])C([*])=O)c1 |$;;;;;;;;;;;;;;;_R1;;_R2;;$|,H,OH,-,HELM-GPT,flexible,False,none
X602,CC(C)[C@H](NCc1cccc(O)c1)C([*])=O |$;;;;;;;;;;;;;;_R2;$|,-,OH,-,HELM-GPT,N_terminal_only,False,none
Glu(OtBu),CC(C)(C)OC(=O)CC[C@H](N[*])C([*])=O |$;;;;;;;;;;;_R1;;_R2;$|,H,OH,-,HELM-GPT,flexible,False,none
X614,OP(O)(=O)CN[C@@H](CC#Cc1ccc(F)cc1F)C([*])=O |$;;;;;;;;;;;;;;;;;;;_R2;$|,-,OH,-,HELM-GPT,N_terminal_only,False,none
Y_OMe,COC(=O)[C@H](Cc1ccc(O)cc1)N[*] |$;;;;;;;;;;;;;;_R1$|,H,-,-,HELM-GPT,C_terminal_only,False,none
dGlu(OBzl),N[C@H](CCC(=O)OCc1ccccc1)C([*])=O |$;;;;;;;;;;;;;;;_R2;$|,-,OH,-,HELM-GPT,N_terminal_only,False,none
X763,CCC(CC)(N[*])C(=O)OC |$;;;;;;_R1;;;;$|,H,-,-,HELM-GPT,C_terminal_only,False,none
X548,[*]N1C[C@@H](C[C@H]1C([*])=O)OC(=O)Nc1cccc2ccccc12 |$_R1;;;;;;;_R2;;;;;;;;;;;;;;;$|,H,OH,-,HELM-GPT,flexible,False,none
X667,NOC(=O)CN[*] |$;;;;;;_R1$|,H,-,-,HELM-GPT,C_terminal_only,False,none
X442,CCOC(=O)C1(CCCC1)N[*] |$;;;;;;;;;;;_R1$|,H,-,-,HELM-GPT,C_terminal_only,False,none
X2861,"CC(=O)N([C@@H](Cc1ccc(F)cc1)C([*])=O)C(=O)C=Cc1ccc(N)cc1 |w:18.18,$;;;;;;;;;;;;;;_R2;;;;;;;;;;;;$|",-,OH,-,HELM-GPT,N_terminal_only,False,none
X3008,CC(=O)c1nn(CC([*])=O)c2ncccc12 |$;;;;;;;;_R2;;;;;;;$|,-,OH,-,HELM-GPT,N_terminal_only,False,none
Phe(2-I),Ic1ccccc1C[C@H](N[*])C([*])=O |$;;;;;;;;;;_R1;;_R2;$|,H,OH,-,HELM-GPT,flexible,False,none
X3011,FC(F)(F)c1ccccc1C[C@@H](N[*])C([*])=O |$;;;;;;;;;;;;;_R1;;_R2;$|,H,OH,-,HELM-GPT,flexible,False,none
X3033,OC(=O)CNC(=S)NCCCC[C@H](N[*])C([*])=O |$;;;;;;;;;;;;;;_R1;;_R2;$|,H,OH,-,HELM-GPT,flexible,False,none
X266,Fc1cccc(C[C@@H](N[*])C([*])=O)c1 |$;;;;;;;;;_R1;;_R2;;$|,H,OH,-,HELM-GPT,flexible,False,none
X3037,CC(C)[C@H](NC(O)=O)C([*])=O |$;;;;;;;;;_R2;$|,-,OH,-,HELM-GPT,N_terminal_only,False,none
X3025,CN([*])[C@H](OCCN1CCOCC1)C([*])=O |$;;_R1;;;;;;;;;;;;_R2;$|,H,OH,-,HELM-GPT,flexible,False,none
dPhe(3-OMe),COc1cccc(C[C@@H](N[*])C([*])=O)c1 |$;;;;;;;;;;_R1;;_R2;;$|,H,OH,-,HELM-GPT,flexible,False,none
X2868,"CSCC[C@H](N[*])C(=O)C=CS(=O)(=O)c1ccccc1 |w:9.8,$;;;;;;_R1;;;;;;;;;;;;;$|",H,-,-,HELM-GPT,C_terminal_only,False,none
X2517,CC[C@H](C)[C@H](N[*])C(=O)c1ccco1 |$;;;;;;_R1;;;;;;;$|,H,-,-,HELM-GPT,C_terminal_only,False,none
X2478,Nc1ncnc2n(C[C@H](N[*])C([*])=O)cnc12 |$;;;;;;;;;;_R1;;_R2;;;;$|,H,OH,-,HELM-GPT,flexible,False,none
X2486,C[C@H](NC(=O)N[C@@H](Cc1cccnc1)C([*])=O)c1ccc(F)cc1 |$;;;;;;;;;;;;;;;_R2;;;;;;;;$|,-,OH,-,HELM-GPT,N_terminal_only,False,none
X2542,[*]C(=O)c1cc(=O)[nH]c(=O)[nH]1 |$_R2;;;;;;;;;;$|,-,OH,-,HELM-GPT,N_terminal_only,False,none
X887,Cc1cc(ccc1F)-c1cn(nn1)[C@H]1C[C@H](N([*])C1)C([*])=O |$;;;;;;;;;;;;;;;;;_R1;;;_R2;$|,H,OH,-,HELM-GPT,flexible,False,none
EtCO_V,CCOC(=O)N[C@@H](C(C)C)C([*])=O |$;;;;;;;;;;;_R2;$|,-,OH,-,HELM-GPT,N_terminal_only,False,none
X624,Clc1ccc(CNCCCC[C@H](N[*])C([*])=O)cc1 |$;;;;;;;;;;;;;_R1;;_R2;;;$|,H,OH,-,HELM-GPT,flexible,False,none
X699,OC(=O)C(Oc1ccc(C[C@H](N[*])C([*])=O)cc1)C(O)=O |$;;;;;;;;;;;;_R1;;_R2;;;;;;$|,H,OH,-,HELM-GPT,flexible,False,none
X68,CC(C)CC[C@H](N[*])C([*])=O |$;;;;;;;_R1;;_R2;$|,H,OH,-,HELM-GPT,flexible,False,none
X2237,Cc1cccc(NC(=O)NCCCC[C@H](N[*])C([*])=O)c1 |$;;;;;;;;;;;;;;;;_R1;;_R2;;$|,H,OH,-,HELM-GPT,flexible,False,none
Phe(4-NH2),Nc1ccc(C[C@H](N[*])C([*])=O)cc1 |$;;;;;;;;_R1;;_R2;;;$|,H,OH,-,HELM-GPT,flexible,False,none
X808,NC(=N)NCCC[C@H](N[*])C(=O)Cc1ccccc1 |$;;;;;;;;;_R1;;;;;;;;;$|,H,-,-,HELM-GPT,C_terminal_only,False,none
X949,Nc1c(I)cc(C[C@H](N[*])C([*])=O)cc1I |$;;;;;;;;;_R1;;_R2;;;;$|,H,OH,-,HELM-GPT,flexible,False,none
X745,O[C@@H]1CCCC[C@]1(N[*])C([*])=O |$;;;;;;;;_R1;;_R2;$|,H,OH,-,HELM-GPT,flexible,False,none
X950,OC(=O)CC[C@H](NCC1CCCCC1)C([*])=O |$;;;;;;;;;;;;;;;_R2;$|,-,OH,-,HELM-GPT,N_terminal_only,False,none
X816,BrCCCC[C@H]([N-][N+]#N)C([*])=O |$;;;;;;;;;;_R2;$|,-,OH,-,HELM-GPT,N_terminal_only,False,none
X976,[*]N[C@@H](Sc1ccccc1)C([*])=O |$_R1;;;;;;;;;;;_R2;$|,H,OH,-,HELM-GPT,flexible,False,none
X1085,[*]C(=O)[C@H]1N[C@H](C[N-][N+]#N)C[C@@H]1C[N-][N+]#N |$_R2;;;;;;;;;;;;;;;$|,-,OH,-,HELM-GPT,N_terminal_only,False,none
X978,CC(C)C[C@H](N)CNCC([*])=O |$;;;;;;;;;;_R2;$|,-,OH,-,HELM-GPT,N_terminal_only,False,none
X1057,NC(=N)N[C@@H]1C[C@H](N([*])C1)C([*])=O |$;;;;;;;;_R1;;;_R2;$|,H,OH,-,HELM-GPT,flexible,False,none
Boc_Glu(OtBu),CC(C)(C)OC(=O)CC[C@H](NC(=O)OC(C)(C)C)C([*])=O |$;;;;;;;;;;;;;;;;;;;_R2;$|,-,OH,-,HELM-GPT,N_terminal_only,False,none
am_F,NN([*])[C@@H](Cc1ccccc1)C([*])=O |$;;_R1;;;;;;;;;;_R2;$|,H,OH,-,HELM-GPT,flexible,False,none
X1180,Oc1ccc(C[C@H](N[*])C([*])=O)cc1Cl |$;;;;;;;;_R1;;_R2;;;;$|,H,OH,-,HELM-GPT,flexible,False,none
X1090,[*]C(=O)[C@@H]1CC(=O)N(CC=C)C(=O)N1 |$_R2;;;;;;;;;;;;;$|,-,OH,-,HELM-GPT,N_terminal_only,False,none
X1222,OC(=O)CC[C@H](NCCc1ccc(F)c(F)c1)C([*])=O |$;;;;;;;;;;;;;;;;;;_R2;$|,-,OH,-,HELM-GPT,N_terminal_only,False,none
X1037,CC(C)N1C(=O)C[C@H](NC1=O)C([*])=O |$;;;;;;;;;;;;_R2;$|,-,OH,-,HELM-GPT,N_terminal_only,False,none
X1038,Nc1ccccc1-c1cn(nn1)[C@H]1C[C@H](N([*])C1)C([*])=O |$;;;;;;;;;;;;;;;;_R1;;;_R2;$|,H,OH,-,HELM-GPT,flexible,False,none
X1172,CCC(CC)NCCCC[C@H](N[*])C([*])=O |$;;;;;;;;;;;;_R1;;_R2;$|,H,OH,-,HELM-GPT,flexible,False,none
X1162,OC(=O)[C@@H](CC(F)F)N[*] |$;;;;;;;;;_R1$|,H,-,-,HELM-GPT,C_terminal_only,False,none
Glu(OBzl),[*]N[C@@H](CCC(=O)OCc1ccccc1)C([*])=O |$_R1;;;;;;;;;;;;;;;;_R2;$|,H,OH,-,HELM-GPT,flexible,False,none
X790,CC(C)c1cc(O)cc(C(C)C)c1C[C@H](N)C([*])=O |$;;;;;;;;;;;;;;;;;_R2;$|,-,OH,-,HELM-GPT,N_terminal_only,False,none
X802,CSCC[C@H](NC(=O)NC(C)C)C([*])=O |$;;;;;;;;;;;;;_R2;$|,-,OH,-,HELM-GPT,N_terminal_only,False,none
X930,[*]N[C@@H]([C@H]1CCc2ccccc12)C([*])=O |$_R1;;;;;;;;;;;;;_R2;$|,H,OH,-,HELM-GPT,flexible,False,none
X805,Cn1cnc(C[C@H](N[*])C([*])=O)c1 |$;;;;;;;;_R1;;_R2;;$|,H,OH,-,HELM-GPT,flexible,False,none
X1763,CN([*])[C@@H](CSCCN1CCOCC1)C([*])=O |$;;_R1;;;;;;;;;;;;;_R2;$|,H,OH,-,HELM-GPT,flexible,False,none
X1764,C[C@@H](OC(C)=O)[C@H](N[*])C([*])=O |$;;;;;;;;_R1;;_R2;$|,H,OH,-,HELM-GPT,flexible,False,none
X487,[*]N[C@@H](Cc1ccco1)C([*])=O |$_R1;;;;;;;;;;_R2;$|,H,OH,-,HELM-GPT,flexible,False,none
X2028,COc1ccc(C[C@@H](N[*])C([*])=O)cc1OC |$;;;;;;;;;_R1;;_R2;;;;;$|,H,OH,-,HELM-GPT,flexible,False,none
X1977,[*]N[C@@H](CC1CCCC1)C([*])=O |$_R1;;;;;;;;;;_R2;$|,H,OH,-,HELM-GPT,flexible,False,none
X2004,N[C@](CO)(CS[*])C([*])=O |$;;;;;;_R3;;_R2;$|,-,OH,H,HELM-GPT,N_terminal_only,True,none
X2011,C[C@H](NC(=O)Nc1ccc(Cl)cc1)C([*])=O |$;;;;;;;;;;;;;;_R2;$|,-,OH,-,HELM-GPT,N_terminal_only,False,none
X1958,[*]C(=O)[C@@H](CS[*])NCC1CCCCC1 |$_R2;;;;;;_R3;;;;;;;;$|,-,OH,H,HELM-GPT,N_terminal_only,True,none
X1956,[*]N[C@H](S[*])C([*])=O |$_R1;;;;_R3;;_R2;$|,H,OH,H,HELM-GPT,flexible,True,none
X2077,CC(C)=NCCC[C@H](N[*])C([*])=O |$;;;;;;;;;_R1;;_R2;$|,H,OH,-,HELM-GPT,flexible,False,none
X1947,CC(C)NCc1ccc(C[C@H](N[*])C([*])=O)cc1 |$;;;;;;;;;;;;_R1;;_R2;;;$|,H,OH,-,HELM-GPT,flexible,False,none
X1988,Fc1ccc2[nH]cc(C[C@@H](N[*])C([*])=O)c2c1 |$;;;;;;;;;;;_R1;;_R2;;;$|,H,OH,-,HELM-GPT,flexible,False,none
X947,[*]N1CCc2ccccc2[C@@H]1C([*])=O |$_R1;;;;;;;;;;;;_R2;$|,H,OH,-,HELM-GPT,flexible,False,none
X1761,"COCCCC=C(C)[C@@H](O)[C@H](N(C)[*])C([*])=O |w:5.4,$;;;;;;;;;;;;;_R1;;_R2;$|",H,OH,-,HELM-GPT,flexible,False,none
X1789,C[N+](C)(C)c1ccc(C[C@H](N[*])C([*])=O)cc1 |$;;;;;;;;;;;_R1;;_R2;;;$|,H,OH,-,HELM-GPT,flexible,False,none
X1866,[*]N[C@@H](CC(=O)Cc1ccccc1)C([*])=O |$_R1;;;;;;;;;;;;;;_R2;$|,H,OH,-,HELM-GPT,flexible,False,none
X1873,CC#CC[C@@H](C)[C@@H](O)[C@H](N(C)[*])C([*])=O |$;;;;;;;;;;;_R1;;_R2;$|,H,OH,-,HELM-GPT,flexible,False,none
X1805,OP(O)(=O)Oc1ccc(C[C@@H](N[*])C([*])=O)cc1 |$;;;;;;;;;;;;_R1;;_R2;;;$|,H,OH,-,HELM-GPT,flexible,False,none
X518,[*]N(CCS[*])CC([*])=O |$_R1;;;;;_R3;;;_R2;$|,H,OH,H,HELM-GPT,flexible,True,none
X1681,C[C@H]1C[C@@H](N([*])C1)C([*])=O |$;;;;;_R1;;;_R2;$|,H,OH,-,HELM-GPT,flexible,False,none
X1783,CN(C)c1cccc2c(cccc12)S(=O)(=O)NCCOC[C@@H](N[*])C([*])=O |$;;;;;;;;;;;;;;;;;;;;;;;_R1;;_R2;$|,H,OH,-,HELM-GPT,flexible,False,none
X1786,OP(O)(=O)OCc1ccc(C[C@@H](N[*])C([*])=O)cc1 |$;;;;;;;;;;;;;_R1;;_R2;;;$|,H,OH,-,HELM-GPT,flexible,False,none
X30,"CC(C)N=C(NCCCC[C@@H](N[*])C([*])=O)NC#N |w:3.2,$;;;;;;;;;;;;_R1;;_R2;;;;$|",H,OH,-,HELM-GPT,flexible,False,none
d2-Pal,[*]N[C@H](Cc1ccccn1)C([*])=O |$_R1;;;;;;;;;;;_R2;$|,H,OH,-,HELM-GPT,flexible,False,none
X141,[*]C(=O)[C@@H]1Cc2c[nH]c3cccc(CC(=O)N1)c23 |$_R2;;;;;;;;;;;;;;;;;$|,-,OH,-,HELM-GPT,N_terminal_only,False,none
X134,OP(O)(=O)OC[C@H](N[*])C([*])=O |$;;;;;;;;_R1;;_R2;$|,H,OH,-,HELM-GPT,flexible,False,none
X224,[*]N[C@H](CCCCC=C)C([*])=O |$_R1;;;;;;;;;;_R2;$|,H,OH,-,HELM-GPT,flexible,False,none
Boc_dL,CC(C)C[C@@H](NC(=O)OC(C)(C)C)C([*])=O |$;;;;;;;;;;;;;;_R2;$|,-,OH,-,HELM-GPT,N_terminal_only,False,none
X156,Nc1nnc([nH]1)-c1ccc(C[C@H](N[*])C([*])=O)cc1 |$;;;;;;;;;;;;;_R1;;_R2;;;$|,H,OH,-,HELM-GPT,flexible,False,none
X225,OC(=O)CC[C@H](NCCc1ccc(Cl)c(Cl)c1)C([*])=O |$;;;;;;;;;;;;;;;;;;_R2;$|,-,OH,-,HELM-GPT,N_terminal_only,False,none
Thi,[*]N[C@@H](Cc1cccs1)C([*])=O |$_R1;;;;;;;;;;_R2;$|,H,OH,-,HELM-GPT,flexible,False,none
X352,CCc1ccccc1-c1ccc(C[C@H](N[*])C([*])=O)cc1 |$;;;;;;;;;;;;;;;_R1;;_R2;;;$|,H,OH,-,HELM-GPT,flexible,False,none
X23,[*]N[C@@H](Cc1cnc([nH]1)C1CCCCC1)C([*])=O |$_R1;;;;;;;;;;;;;;;;_R2;$|,H,OH,-,HELM-GPT,flexible,False,none
Hpr,[*]N1CCCC[C@@H]1C([*])=O |$_R1;;;;;;;;_R2;$|,H,OH,-,HELM-GPT,flexible,False,none
X2379,N[C@@H](CCCC[C@H](N[*])C(O)=O)C([*])=O |$;;;;;;;;_R1;;;;;_R2;$|,H,OH,-,HELM-GPT,flexible,False,none
X2471,OC(=O)C[C@H]1N([*])C[C@@H](Cc2ccccc2)NC1=O |$;;;;;;_R1;;;;;;;;;;;;$|,H,-,-,HELM-GPT,C_terminal_only,False,none
X2638,CC(C)[C@H](NCc1cc(Cl)ccc1O)C([*])=O |$;;;;;;;;;;;;;;;_R2;$|,-,OH,-,HELM-GPT,N_terminal_only,False,none
X2813,ClCCN(N=O)C(=O)NCCCC[C@H](N[*])C([*])=O |$;;;;;;;;;;;;;;;_R1;;_R2;$|,H,OH,-,HELM-GPT,flexible,False,none
X2669,Nc1nccc(CC[C@H](N[*])C([*])=O)n1 |$;;;;;;;;;;_R1;;_R2;;$|,H,OH,-,HELM-GPT,flexible,False,none
X2803,COc1cc2CC[C@H](N[C@@H](C(C)C)C([*])=O)c3cc(=O)c(OC)ccc3-c2c(OC)c1OC |$;;;;;;;;;;;;;;_R2;;;;;;;;;;;;;;;;;;$|,-,OH,-,HELM-GPT,N_terminal_only,False,none
X2178,N[C@@H](Cc1ccc(cc1)-c1ccc(C[C@H](N)C([*])=O)cc1)C(O)=O |$;;;;;;;;;;;;;;;;;_R2;;;;;;$|,-,OH,-,HELM-GPT,N_terminal_only,False,none
X2711,[*]C(=O)[C@H](Cc1cnc[nH]1)NC(=O)OCc1ccc(cc1)N(=O)=O |$_R2;;;;;;;;;;;;;;;;;;;;;;;$|,-,OH,-,HELM-GPT,N_terminal_only,False,none
X2884,CN(C)C(=NCC[C@@H](N[*])C([*])=O)N(C)C |$;;;;;;;;;_R1;;_R2;;;;$|,H,OH,-,HELM-GPT,flexible,False,none
X2834,COc1ccc(cc1)-c1ncc(C[C@H](N[*])C([*])=O)[nH]1 |$;;;;;;;;;;;;;;;_R1;;_R2;;$|,H,OH,-,HELM-GPT,flexible,False,none
X2821,CN([*])[C@@H](CCN1CCCCC1)C([*])=O |$;;_R1;;;;;;;;;;;_R2;$|,H,OH,-,HELM-GPT,flexible,False,none
Dab,[*]N[C@@H](CCN[*])C([*])=O |$_R1;;;;;;_R3;;_R2;$|,H,OH,H,HELM-GPT,flexible,True,none
X2849,"[*]N[C@@H](CC1=CCC=CC1)C([*])=O |$_R1;;;;;;;;;;;_R2;$,c:7,t:4|",H,OH,-,HELM-GPT,flexible,False,none
X2906,CC(C)(C)OC(=O)N[C@@H](COS(O)(=O)=O)C([*])=O |$;;;;;;;;;;;;;;;;_R2;$|,-,OH,-,HELM-GPT,N_terminal_only,False,none
X2430,[*]N[C@@H](Cc1ccc(cc1)-c1ccc(cc1)-c1ccccc1)C([*])=O |$_R1;;;;;;;;;;;;;;;;;;;;;;;_R2;$|,H,OH,-,HELM-GPT,flexible,False,none
X2903,CC(=O)N([C@@H](Cc1ccc(F)cc1)C([*])=O)C(=O)CSc1ccccc1 |$;;;;;;;;;;;;;;_R2;;;;;;;;;;;$|,-,OH,-,HELM-GPT,N_terminal_only,False,none
X2756,[*]C(=O)[C@@H](CC1CCCCC1)NS(=O)(=O)Cc1ccccc1 |$_R2;;;;;;;;;;;;;;;;;;;;;$|,-,OH,-,HELM-GPT,N_terminal_only,False,none
X2723,C[C@@H](O)[C@H](Nc1ccc(O)c2C(=O)c3ccccc3C(=O)c12)C([*])=O |$;;;;;;;;;;;;;;;;;;;;;;;_R2;$|,-,OH,-,HELM-GPT,N_terminal_only,False,none
X2779,CCOC(=O)C(=O)C(=O)[C@H](CC(C)C)N[*] |$;;;;;;;;;;;;;;;_R1$|,H,-,-,HELM-GPT,C_terminal_only,False,none
X2043,NC(=O)N[C@H](Cc1ccc(Cl)cc1)C([*])=O |$;;;;;;;;;;;;;;_R2;$|,-,OH,-,HELM-GPT,N_terminal_only,False,none
X1999,CNc1ccc(C[C@H](N[*])C([*])=O)cc1 |$;;;;;;;;;_R1;;_R2;;;$|,H,OH,-,HELM-GPT,flexible,False,none
X2089,[*]N1C[C@@H](C[C@H]1C([*])=O)OC(=O)N1CCc2ccccc12 |$_R1;;;;;;;_R2;;;;;;;;;;;;;$|,H,OH,-,HELM-GPT,flexible,False,none
X2128,COc1cccc(c1)C(=O)CN1CCCC[C@H]1C([*])=O |$;;;;;;;;;;;;;;;;;;_R2;$|,-,OH,-,HELM-GPT,N_terminal_only,False,none
Me_meT,C[C@@H](O)[C@H](N(C)C)C([*])=O |$;;;;;;;;_R2;$|,-,OH,-,HELM-GPT,N_terminal_only,False,none
X2207,OC(=O)CC[C@H](N[*])C(=O)C(F)(F)F |$;;;;;;;_R1;;;;;;$|,H,-,-,HELM-GPT,C_terminal_only,False,none
X2214,O[C@H](N[*])C([*])=O |$;;;_R1;;_R2;$|,H,OH,-,HELM-GPT,flexible,False,none
X2194,Oc1ccc(C[C@@H](NC(=O)OCc2ccccc2)C([*])=O)cc1 |$;;;;;;;;;;;;;;;;;;;_R2;;;$|,-,OH,-,HELM-GPT,N_terminal_only,False,none
X2172,COc1ccc(C[C@H](N[C@@H](Cc2ccccc2)C([*])=O)C(=O)CC2(CCC(C)CC2)S[*])cc1 |$;;;;;;;;;;;;;;;;;;_R2;;;;;;;;;;;;;_R3;;$|,-,OH,H,HELM-GPT,N_terminal_only,True,none
X2142,OC[C@H](N[C@@H](Cc1cnc[nH]1)C(O)=O)C([*])=O |$;;;;;;;;;;;;;;;_R2;$|,-,OH,-,HELM-GPT,N_terminal_only,False,none
X2213,NCCCC[C@H](N1Cc2[nH]c3ccccc3c2C[C@H]1C(O)=O)C([*])=O |$;;;;;;;;;;;;;;;;;;;;;;;_R2;$|,-,OH,-,HELM-GPT,N_terminal_only,False,none
X2143,[*]N1CCC[C@H]1C(=O)c1nc2ccccc2s1 |$_R1;;;;;;;;;;;;;;;;$|,H,-,-,HELM-GPT,C_terminal_only,False,none
X2122,CC(C)(C)[C@H](NC(=O)OC1CCCC1)C([*])=O |$;;;;;;;;;;;;;;;_R2;$|,-,OH,-,HELM-GPT,N_terminal_only,False,none
Me_Tic,CN1Cc2ccccc2C[C@H]1C([*])=O |$;;;;;;;;;;;;_R2;$|,-,OH,-,HELM-GPT,N_terminal_only,False,none
V_OBzl,CC(C)[C@H](N[*])C(=O)OCc1ccccc1 |$;;;;;_R1;;;;;;;;;;$|,H,-,-,HELM-GPT,C_terminal_only,False,none
X1365,CC(C)[C@H](N[*])C(=O)c1nnc(o1)C(C)(C)C |$;;;;;_R1;;;;;;;;;;;$|,H,-,-,HELM-GPT,C_terminal_only,False,none
X1299,COC(=O)[C@@H](N[*])C(c1ccccc1)c1ccccc1 |$;;;;;;_R1;;;;;;;;;;;;;$|,H,-,-,HELM-GPT,C_terminal_only,False,none
X1300,CN(C)C(=N)NCCC[C@H](N[*])C([*])=O |$;;;;;;;;;;;_R1;;_R2;$|,H,OH,-,HELM-GPT,flexible,False,none
X1443,CC(C)(C)OC(=O)N[C@@H](C1CCCC1)C([*])=O |$;;;;;;;;;;;;;;;_R2;$|,-,OH,-,HELM-GPT,N_terminal_only,False,none
X1409,CN(C)[C@H]1C[C@@H]1CC[C@H](N[*])C([*])=O |$;;;;;;;;;;_R1;;_R2;$|,H,OH,-,HELM-GPT,flexible,False,none
X1326,Brc1c(C[C@@H](N[*])C([*])=O)ccc2ccccc12 |$;;;;;;_R1;;_R2;;;;;;;;;$|,H,OH,-,HELM-GPT,flexible,False,none
X1381,CC(C)c1cccc(C)c1C[C@H](N[*])C([*])=O |$;;;;;;;;;;;;;_R1;;_R2;$|,H,OH,-,HELM-GPT,flexible,False,none
X1476,Cc1ccc(C[C@H](N[*])C([*])=O)c(C)c1 |$;;;;;;;;_R1;;_R2;;;;$|,H,OH,-,HELM-GPT,flexible,False,none
X1234,CC(C)(O)[C@H](O)[C@H](N[*])C([*])=O |$;;;;;;;;_R1;;_R2;$|,H,OH,-,HELM-GPT,flexible,False,none
X1004,COC(=O)CC[C@H](N[*])C([*])=O |$;;;;;;;;_R1;;_R2;$|,H,OH,-,HELM-GPT,flexible,False,none
X999,OS(=O)(=O)CC[C@H](N[*])C([*])=O |$;;;;;;;;_R1;;_R2;$|,H,OH,-,HELM-GPT,flexible,False,none
Boc_K,CC(C)(C)OC(=O)N[C@@H](CCCCN)C([*])=O |$;;;;;;;;;;;;;;;_R2;$|,-,OH,-,HELM-GPT,N_terminal_only,False,none
X230,CC(C)[C@H](N[*])C=O |$;;;;;_R1;;$|,H,-,-,HELM-GPT,C_terminal_only,False,none
Boc_F,CC(C)(C)OC(=O)N([*])[C@@H](Cc1ccccc1)C([*])=O |$;;;;;;;;_R1;;;;;;;;;;_R2;$|,H,OH,-,HELM-GPT,flexible,False,none
X178,CC[C@H](C)[C@H](NC[C@@H](N)CS)C([*])=O |$;;;;;;;;;;;;_R2;$|,-,OH,-,HELM-GPT,N_terminal_only,False,none
X317,Cn1ccnc1C(=O)[C@H](CCCNC(N)=N)N[*] |$;;;;;;;;;;;;;;;;;_R1$|,H,-,-,HELM-GPT,C_terminal_only,False,none
X320,[*]NC1(CCNCC1)C([*])=O |$_R1;;;;;;;;;_R2;$|,H,OH,-,HELM-GPT,flexible,False,none
X326,CC[C@H](C)[C@H](NC[C@@H](N)Cc1ccc(O)cc1)C([*])=O |$;;;;;;;;;;;;;;;;;;_R2;$|,-,OH,-,HELM-GPT,N_terminal_only,False,none
X262,NC(=N)NCCCN([*])CC([*])=O |$;;;;;;;;_R1;;;_R2;$|,H,OH,-,HELM-GPT,flexible,False,none
D_Me,CC(=O)[C@H](CC(O)=O)N[*] |$;;;;;;;;;_R1$|,H,-,-,HELM-GPT,C_terminal_only,False,none
X698,COC(=O)C(=O)[C@H](C)N[*] |$;;;;;;;;;_R1$|,H,-,-,HELM-GPT,C_terminal_only,False,none
X507,[*]N[C@@H](Cc1cc2ccccc2[nH]1)C([*])=O |$_R1;;;;;;;;;;;;;;_R2;$|,H,OH,-,HELM-GPT,flexible,False,none
X504,"[*]N[C@@H](CCCCNC1=NCCCN1)C([*])=O |$_R1;;;;;;;;;;;;;;;_R2;$,t:8|",H,OH,-,HELM-GPT,flexible,False,none
X329,CCOC(=O)[C@@H](CCc1ccccc1)N[*] |$;;;;;;;;;;;;;;;_R1$|,H,-,-,HELM-GPT,C_terminal_only,False,none
X270,CN1[C@@H](CC(=O)N(C)C1=O)C([*])=O |$;;;;;;;;;;;_R2;$|,-,OH,-,HELM-GPT,N_terminal_only,False,none
X570,Nc1nnc(Nc2ccc(C[C@@H](N[*])C([*])=O)cc2)[nH]1 |$;;;;;;;;;;;;;_R1;;_R2;;;;$|,H,OH,-,HELM-GPT,flexible,False,none
X344,[*]N[C@@H](Cc1cn(CC=C)cn1)C([*])=O |$_R1;;;;;;;;;;;;;_R2;$|,H,OH,-,HELM-GPT,flexible,False,none
X206,[*]C(=O)Cn1ccc2ccccc2c1=O |$_R2;;;;;;;;;;;;;;$|,-,OH,-,HELM-GPT,N_terminal_only,False,none
dP_OMe,COC(=O)[C@H]1CCCN1[*] |$;;;;;;;;;_R1$|,H,-,-,HELM-GPT,C_terminal_only,False,none
X170,CC(C)(C)C(=O)ONCCCC[C@H](N[*])C([*])=O |$;;;;;;;;;;;;;;_R1;;_R2;$|,H,OH,-,HELM-GPT,flexible,False,none
X235,CO[C@H](C)[C@H](N[*])C([*])=O |$;;;;;;_R1;;_R2;$|,H,OH,-,HELM-GPT,flexible,False,none
X307,CCCCNC(=O)N[C@@H](CCSC)C([*])=O |$;;;;;;;;;;;;;;_R2;$|,-,OH,-,HELM-GPT,N_terminal_only,False,none
X1532,CN[C@H](Cc1c(C)cc(O)cc1C)C([*])=O |$;;;;;;;;;;;;;;_R2;$|,-,OH,-,HELM-GPT,N_terminal_only,False,none
X1533,CN(C)[C@H](Cc1c(C)cc(O)cc1C)C([*])=O |$;;;;;;;;;;;;;;;_R2;$|,-,OH,-,HELM-GPT,N_terminal_only,False,none
X1540,[*]N[C@@H](CCC#N)C([*])=O |$_R1;;;;;;;;_R2;$|,H,OH,-,HELM-GPT,flexible,False,none
X389,OC[C@H](NC(=O)NC1CCCCC1)C([*])=O |$;;;;;;;;;;;;;;_R2;$|,-,OH,-,HELM-GPT,N_terminal_only,False,none
X1776,NCCNC(=O)O[C@@H]1C[C@H](N([*])C1)C([*])=O |$;;;;;;;;;;;_R1;;;_R2;$|,H,OH,-,HELM-GPT,flexible,False,none
X921,[*]C(=O)CNCCNS(=O)(=O)c1cccc2cnccc12 |$_R2;;;;;;;;;;;;;;;;;;;;$|,-,OH,-,HELM-GPT,N_terminal_only,False,none
X1845,COc1cc(OC)cc(c1)-c1[nH]c2ccccc2c1C[C@H](N[*])C([*])=O |$;;;;;;;;;;;;;;;;;;;;;;_R1;;_R2;$|,H,OH,-,HELM-GPT,flexible,False,none
X1285,OC[C@H](NCCCCCC[N-][N+]#N)C([*])=O |$;;;;;;;;;;;;;;_R2;$|,-,OH,-,HELM-GPT,N_terminal_only,False,none
X983,OP(O)(=O)Oc1ccc(C[C@H](NC(=O)OCc2ccccc2)C([*])=O)cc1 |$;;;;;;;;;;;;;;;;;;;;;;;_R2;;;$|,-,OH,-,HELM-GPT,N_terminal_only,False,none
X196,NC(=N)Nc1ccc(C[C@@H](N[*])C([*])=O)cc1 |$;;;;;;;;;;;_R1;;_R2;;;$|,H,OH,-,HELM-GPT,flexible,False,none
X1840,[*]N1CCNC[C@H]1C([*])=O |$_R1;;;;;;;;_R2;$|,H,OH,-,HELM-GPT,flexible,False,none
X412,N[C@H]([C@@H](O)c1ccc(cc1)N(=O)=O)C([*])=O |$;;;;;;;;;;;;;;_R2;$|,-,OH,-,HELM-GPT,N_terminal_only,False,none
P_MeO,OCC(=O)[C@@H]1CCCN1[*] |$;;;;;;;;;_R1$|,H,-,-,HELM-GPT,C_terminal_only,False,none
R_OBzl,NC(=N)NCCC[C@H](N[*])C(=O)OCc1ccccc1 |$;;;;;;;;;_R1;;;;;;;;;;$|,H,-,-,HELM-GPT,C_terminal_only,False,none
X2557,[*]C(=O)Cn1nc(-c2ccccc2)c2ccccc2c1=O |$_R2;;;;;;;;;;;;;;;;;;;;$|,-,OH,-,HELM-GPT,N_terminal_only,False,none
X2610,CC(C)[C@H](N[*])C(=O)c1nc2cc(ccc2o1)C(=O)ON |$;;;;;_R1;;;;;;;;;;;;;;;$|,H,-,-,HELM-GPT,C_terminal_only,False,none
X2660,OC(=O)CCc1cc(C[C@H](N[*])C([*])=O)ccc1O |$;;;;;;;;;;;_R1;;_R2;;;;;$|,H,OH,-,HELM-GPT,flexible,False,none
X2605,CN([C@H](N[*])C(=O)c1ccccc1)C(=O)N[C@@H](Cc1c[nH]c2ccccc12)C([*])=O |$;;;;_R1;;;;;;;;;;;;;;;;;;;;;;;;_R2;$|,H,OH,-,HELM-GPT,flexible,False,none
X2620,OC[C@H](NS(=O)(=O)c1cccc2ccccc12)C([*])=O |$;;;;;;;;;;;;;;;;;;_R2;$|,-,OH,-,HELM-GPT,N_terminal_only,False,none
X2666,C[C@@H](OC(=O)[C@H](Cc1ccccc1)N[*])c1ccccc1 |$;;;;;;;;;;;;;;_R1;;;;;;$|,H,-,-,HELM-GPT,C_terminal_only,False,none
X2699,FC(F)C[C@H](N[*])C(=O)c1nc2ccccc2s1 |$;;;;;;_R1;;;;;;;;;;;$|,H,-,-,HELM-GPT,C_terminal_only,False,none
X2633,CCOC(=O)c1csc(n1)C(=O)[C@H](CCCNC(N)=N)N[*] |$;;;;;;;;;;;;;;;;;;;;;_R1$|,H,-,-,HELM-GPT,C_terminal_only,False,none
X2536,NCC[C@H](NC(=O)OCC1c2ccccc2-c2ccccc12)C([*])=O |$;;;;;;;;;;;;;;;;;;;;;;;_R2;$|,-,OH,-,HELM-GPT,N_terminal_only,False,none
X2309,CC(C)(C)C1CCC(CC(=O)[C@H](Cc2ccc(O)cc2)N[C@@H](Cc2ccccc2)C([*])=O)(CC1)S[*] |$;;;;;;;;;;;;;;;;;;;;;;;;;;;;;;_R2;;;;;_R3$|,-,OH,H,HELM-GPT,N_terminal_only,True,none
X2304,"CC[C@H](C)[C@@H](N)C1=N[C@H](CS1)C([*])=O |$;;;;;;;;;;;;_R2;$,t:6|",-,OH,-,HELM-GPT,N_terminal_only,False,none
X2391,FC(F)(F)c1cc(C[C@H](N[*])C([*])=O)cc(c1)C(F)(F)F |$;;;;;;;;;;_R1;;_R2;;;;;;;;$|,H,OH,-,HELM-GPT,flexible,False,none
X2386,C[C@H]1CCC[C@@H](C)N1C(=O)N[C@@H](C1CC1)C([*])=O |$;;;;;;;;;;;;;;;;_R2;$|,-,OH,-,HELM-GPT,N_terminal_only,False,none
X2364,Oc1ccc(C[C@H](NCCCCC(=O)[C@H](Cc2ccccc2)N[*])C([*])=O)cc1 |$;;;;;;;;;;;;;;;;;;;;;;;_R1;;_R2;;;$|,H,OH,-,HELM-GPT,flexible,False,none
X2427,[*]N[C@@H](Cc1ccccc1)C(=O)c1nc2ccccc2s1 |$_R1;;;;;;;;;;;;;;;;;;;;$|,H,-,-,HELM-GPT,C_terminal_only,False,none
X2366,COc1c(O)cc2C[C@H](N([*])Cc2c1O)C([*])=O |$;;;;;;;;;;_R1;;;;;;_R2;$|,H,OH,-,HELM-GPT,flexible,False,none
X2399,CC(C)[C@H](NCCCCCCCCOC(=O)[C@@H](N)Cc1ccc(O)cc1)C([*])=O |$;;;;;;;;;;;;;;;;;;;;;;;;;;;_R2;$|,-,OH,-,HELM-GPT,N_terminal_only,False,none
X2466,CS(=O)(=O)NC[C@H](N[*])C=O |$;;;;;;;;_R1;;$|,H,-,-,HELM-GPT,C_terminal_only,False,none
X2450,[*]N[C@@]1(Cc2ccccc2)CNC1=O |$_R1;;;;;;;;;;;;;$|,H,-,-,HELM-GPT,C_terminal_only,False,none
X2266,CC(C)C[C@H](N[*])C(=O)c1nnc(o1)-c1ccccc1 |$;;;;;;_R1;;;;;;;;;;;;;$|,H,-,-,HELM-GPT,C_terminal_only,False,none
X2282,FC(F)(F)S(=O)(=O)N[C@@H](Cc1ccc(Cl)cc1)C([*])=O |$;;;;;;;;;;;;;;;;;;_R2;$|,-,OH,-,HELM-GPT,N_terminal_only,False,none
X2290,NC(=N)C[C@H](N[*])C([*])=O |$;;;;;;_R1;;_R2;$|,H,OH,-,HELM-GPT,flexible,False,none
X542,Fc1ccc2[nH]cc(C[C@H](N[*])C([*])=O)c2c1 |$;;;;;;;;;;;_R1;;_R2;;;$|,H,OH,-,HELM-GPT,flexible,False,none
X708,CC1(C)CC[C@@H](N1[*])C([*])=O |$;;;;;;;_R1;;_R2;$|,H,OH,-,HELM-GPT,flexible,False,none
S_OMe,COC(=O)[C@H](CO)N[*] |$;;;;;;;;_R1$|,H,-,-,HELM-GPT,C_terminal_only,False,none
X972,CC1(C)SC[C@H](N1[*])C([*])=O |$;;;;;;;_R1;;_R2;$|,H,OH,-,HELM-GPT,flexible,False,none
X620,Oc1ccc(cc1)[C@@H](N[*])C([*])=O |$;;;;;;;;;_R1;;_R2;$|,H,OH,-,HELM-GPT,flexible,False,none
X961,CS[C@@H]1CCN([*])[C@H]1C([*])=O |$;;;;;;_R1;;;_R2;$|,H,OH,-,HELM-GPT,flexible,False,none
X836,COCC[C@@H](N[*])C(O)=O |$;;;;;;_R1;;;$|,H,-,-,HELM-GPT,C_terminal_only,False,none
X837,CNC(=O)N[C@@H](C(c1ccccc1)c1ccccc1)C([*])=O |$;;;;;;;;;;;;;;;;;;;;_R2;$|,-,OH,-,HELM-GPT,N_terminal_only,False,none
EtCO_dW,CCOC(=O)N[C@H](Cc1c[nH]c2ccccc12)C([*])=O |$;;;;;;;;;;;;;;;;;;_R2;$|,-,OH,-,HELM-GPT,N_terminal_only,False,none
X782,CC(C)[C@H](NC(=O)Oc1ccc(F)cc1)C([*])=O |$;;;;;;;;;;;;;;;;_R2;$|,-,OH,-,HELM-GPT,N_terminal_only,False,none
X576,[*]N[C@@H](Cc1nc2ccccc2[nH]1)C([*])=O |$_R1;;;;;;;;;;;;;;_R2;$|,H,OH,-,HELM-GPT,flexible,False,none
X526,COc1ccc(C[C@H](NC(N)=N)C([*])=O)cc1 |$;;;;;;;;;;;;;_R2;;;$|,-,OH,-,HELM-GPT,N_terminal_only,False,none
X454,CCOC(=O)[C@H](CC(C)C)N[*] |$;;;;;;;;;;;_R1$|,H,-,-,HELM-GPT,C_terminal_only,False,none
X463,CCOC(=O)N[C@H](Cc1ccc(OCC)cc1)C([*])=O |$;;;;;;;;;;;;;;;;;;_R2;$|,-,OH,-,HELM-GPT,N_terminal_only,False,none
X2855,[*]N[C@@H](Cc1cnc([nH]1)-c1ccc(cc1)-c1ccccc1)C([*])=O |$_R1;;;;;;;;;;;;;;;;;;;;;;_R2;$|,H,OH,-,HELM-GPT,flexible,False,none
X2877,"CC(=O)N(CC([*])=O)C(=O)C=Cc1ccccc1 |w:10.9,$;;;;;;_R2;;;;;;;;;;;$|",-,OH,-,HELM-GPT,N_terminal_only,False,none
X3001,"CN1[C@H](C=CC[C@H](N[*])C1=O)C1CCCCC1 |$;;;;;;;;_R1;;;;;;;;$,c:3|",H,-,-,HELM-GPT,C_terminal_only,False,none
X3014,[*]N[C@@H](CCCCNC(=S)Nc1ccccc1)C([*])=O |$_R1;;;;;;;;;;;;;;;;;;_R2;$|,H,OH,-,HELM-GPT,flexible,False,none
X3026,CCOC(=O)[C@H](CC1CCCCC1)N[*] |$;;;;;;;;;;;;;;_R1$|,H,-,-,HELM-GPT,C_terminal_only,False,none
X3034,NCC[C@@H](NC(=O)OCC1c2ccccc2-c2ccccc12)C([*])=O |$;;;;;;;;;;;;;;;;;;;;;;;_R2;$|,-,OH,-,HELM-GPT,N_terminal_only,False,none
X2503,NC(=N)N[C@H]1C[C@@H](N([*])C1)C([*])=O |$;;;;;;;;_R1;;;_R2;$|,H,OH,-,HELM-GPT,flexible,False,none
X2494,[*]N[C@@H](C[C@H]1CCNC1=O)C(=O)c1nccs1 |$_R1;;;;;;;;;;;;;;;;$|,H,-,-,HELM-GPT,C_terminal_only,False,none
X2513,COC(=O)C[C@H]1CCC[C@H]2CC(=O)N(OCC(=O)[C@H](CC(O)=O)N[*])[C@@H]12 |$;;;;;;;;;;;;;;;;;;;;;;;;_R1;$|,H,-,-,HELM-GPT,C_terminal_only,False,none
X2525,CC(C)C[C@H](NCCOCCOCCOCCOCCOCCOCCOCCOC(C)=O)C([*])=O |$;;;;;;;;;;;;;;;;;;;;;;;;;;;;;;;;;;_R2;$|,-,OH,-,HELM-GPT,N_terminal_only,False,none
X954,COC(=O)CN(C)[*] |$;;;;;;;_R1$|,H,-,-,HELM-GPT,C_terminal_only,False,none
X1657,NC(=N)NCCC[C@@H](NC(=O)NCc1ccccc1)C([*])=O |$;;;;;;;;;;;;;;;;;;;;_R2;$|,-,OH,-,HELM-GPT,N_terminal_only,False,none
X577,OP(O)(=O)C(F)(F)c1ccc(C[C@H](N[*])C([*])=O)cc1 |$;;;;;;;;;;;;;;_R1;;_R2;;;$|,H,OH,-,HELM-GPT,flexible,False,none
X1569,CCCCCN(CCCCC)[C@@H](Cc1ccc(O)cc1)C([*])=O |$;;;;;;;;;;;;;;;;;;;;;_R2;$|,-,OH,-,HELM-GPT,N_terminal_only,False,none
X1571,CCCCCC(=O)Oc1ccc(C[C@H](N[*])C(=O)OC)cc1 |$;;;;;;;;;;;;;;;_R1;;;;;;$|,H,-,-,HELM-GPT,C_terminal_only,False,none
X36,[*]N(CCCC=C)CC([*])=O |$_R1;;;;;;;;;_R2;$|,H,OH,-,HELM-GPT,flexible,False,none
X37,NC(=N)NCCCC[C@H](N[*])C([*])=O |$;;;;;;;;;;_R1;;_R2;$|,H,OH,-,HELM-GPT,flexible,False,none
X1578,NC(=N)N1CCC[C@H]1C([*])=O |$;;;;;;;;;_R2;$|,-,OH,-,HELM-GPT,N_terminal_only,False,none
A_COEt,CCOC(=O)C(=O)[C@H](C)N[*] |$;;;;;;;;;;_R1$|,H,-,-,HELM-GPT,C_terminal_only,False,none
X2272,NC(=N)NCCCC[C@H](N[*])C(=O)Cc1ccccc1 |$;;;;;;;;;;_R1;;;;;;;;;$|,H,-,-,HELM-GPT,C_terminal_only,False,none
Me_meI,CC[C@H](C)[C@H](N(C)C)C([*])=O |$;;;;;;;;;_R2;$|,-,OH,-,HELM-GPT,N_terminal_only,False,none
X2285,[*]N1C[C@H]1C([*])=O |$_R1;;;;;_R2;$|,H,OH,-,HELM-GPT,flexible,False,none
X2218,[*]C(=O)[C@H](Cc1ccccc1)N1C(=O)c2ccccc2C1=O |$_R2;;;;;;;;;;;;;;;;;;;;;$|,-,OH,-,HELM-GPT,N_terminal_only,False,none
X2223,N[C@@H](CSC[C@@H](N[*])C(O)=O)C([*])=O |$;;;;;;;_R1;;;;;_R2;$|,H,OH,-,HELM-GPT,flexible,False,none
X2224,FC(F)C[C@@H](C=O)C(=O)[C@H](CC1CCCCC1)N[*] |$;;;;;;;;;;;;;;;;;;_R1$|,H,-,-,HELM-GPT,C_terminal_only,False,none
X5,"CN=C(NCCCC[C@@H](N[*])C([*])=O)NC#N |w:1.0,$;;;;;;;;;;_R1;;_R2;;;;$|",H,OH,-,HELM-GPT,flexible,False,none
meNle,CCCC[C@H](N(C)[*])C([*])=O |$;;;;;;;_R1;;_R2;$|,H,OH,-,HELM-GPT,flexible,False,none
X943,[*]C(=O)[C@H](CCCNCc1ccccc1)NCc1ccccc1 |$_R2;;;;;;;;;;;;;;;;;;;;;;$|,-,OH,-,HELM-GPT,N_terminal_only,False,none
X740,C[N+](C)(C)CCCCC[C@H]([N-][N+]#N)C([*])=O |$;;;;;;;;;;;;;;_R2;$|,-,OH,-,HELM-GPT,N_terminal_only,False,none
Fmoc_I,CC[C@H](C)[C@H](NC(=O)OCC1c2ccccc2-c2ccccc12)C([*])=O |$;;;;;;;;;;;;;;;;;;;;;;;;_R2;$|,-,OH,-,HELM-GPT,N_terminal_only,False,none
X959,Oc1ccc(C[C@H](N(CCc2ccccc2)CCc2ccccc2)C([*])=O)cc1 |$;;;;;;;;;;;;;;;;;;;;;;;;;_R2;;;$|,-,OH,-,HELM-GPT,N_terminal_only,False,none
X1216,NC(=N)NCCC[C@@H](NC(=O)OCc1ccccc1)C([*])=O |$;;;;;;;;;;;;;;;;;;;;_R2;$|,-,OH,-,HELM-GPT,N_terminal_only,False,none
X1098,NCCCNCCC[C@H]([N-][N+]#N)C([*])=O |$;;;;;;;;;;;;;_R2;$|,-,OH,-,HELM-GPT,N_terminal_only,False,none
X1177,[*]N1C[C@@H](C[C@H]1C([*])=O)OCc1ccc2ccccc2c1 |$_R1;;;;;;;_R2;;;;;;;;;;;;;$|,H,OH,-,HELM-GPT,flexible,False,none
X751,C[C@H]1SC[C@H](NC1=O)C([*])=O |$;;;;;;;;;_R2;$|,-,OH,-,HELM-GPT,N_terminal_only,False,none
Cbz_dF,[*]C(=O)[C@@H](Cc1ccccc1)NC(=O)OCc1ccccc1 |$_R2;;;;;;;;;;;;;;;;;;;;;$|,-,OH,-,HELM-GPT,N_terminal_only,False,none
X984,FN([*])[C@@H](Cc1ccc2ccccc2c1)C([*])=O |$;;_R1;;;;;;;;;;;;;;_R2;$|,H,OH,-,HELM-GPT,flexible,False,none
X889,[*]N[C@@H](CCCCN1CC1)C([*])=O |$_R1;;;;;;;;;;;_R2;$|,H,OH,-,HELM-GPT,flexible,False,none
X1223,FC(F)(F)C([C@H](N[*])C(=O)OCc1ccccc1)C(F)(F)F |$;;;;;;;_R1;;;;;;;;;;;;;;$|,H,-,-,HELM-GPT,C_terminal_only,False,none
X1027,C[C@@H](Cc1c(C)cc(O)cc1C)C(=O)ON[C@@H](Cc1ccc(O)cc1)C([*])=O |$;;;;;;;;;;;;;;;;;;;;;;;;;;_R2;$|,-,OH,-,HELM-GPT,N_terminal_only,False,none
am_G,NN([*])CC([*])=O |$;;_R1;;;_R2;$|,H,OH,-,HELM-GPT,flexible,False,none
X1160,CNCCCCC[C@H]([N-][N+]#N)C([*])=O |$;;;;;;;;;;;;_R2;$|,-,OH,-,HELM-GPT,N_terminal_only,False,none
Cbz_P,[*]C(=O)[C@@H]1CCCN1C(=O)OCc1ccccc1 |$_R2;;;;;;;;;;;;;;;;;$|,-,OH,-,HELM-GPT,N_terminal_only,False,none
X940,CCCCCCCCCCC(=O)OC[C@H](N[*])C([*])=O |$;;;;;;;;;;;;;;;;_R1;;_R2;$|,H,OH,-,HELM-GPT,flexible,False,none
X934,CCNC(=N)NCCC[C@H](N[*])C([*])=O |$;;;;;;;;;;;_R1;;_R2;$|,H,OH,-,HELM-GPT,flexible,False,none
X1721,CC(C)OC(=O)COCCOC[C@@H](N[*])C([*])=O |$;;;;;;;;;;;;;;_R1;;_R2;$|,H,OH,-,HELM-GPT,flexible,False,none
X2047,COc1ccc(NC(=O)N[C@H](CS[*])C([*])=O)cc1OC |$;;;;;;;;;;;;;_R3;;_R2;;;;;$|,-,OH,H,HELM-GPT,N_terminal_only,True,none
X1978,OC(=O)[C@@H](N[*])[C@H](S[*])c1ccccc1 |$;;;;;_R1;;;_R3;;;;;;$|,H,-,H,HELM-GPT,C_terminal_only,True,none
X1990,CNCc1ccc(C[C@H](N[*])C([*])=O)cc1 |$;;;;;;;;;;_R1;;_R2;;;$|,H,OH,-,HELM-GPT,flexible,False,none
X1979,N[C@H](CN[C@@H](CS[*])C([*])=O)Cc1ccccc1 |$;;;;;;;_R3;;_R2;;;;;;;;$|,-,OH,H,HELM-GPT,N_terminal_only,True,none
meC,CN([*])[C@@H](CS[*])C([*])=O |$;;_R1;;;;_R3;;_R2;$|,H,OH,H,HELM-GPT,flexible,True,none
X2022,C[C@@H](N([*])C1CCCCC1)C([*])=O |$;;;_R1;;;;;;;;_R2;$|,H,OH,-,HELM-GPT,flexible,False,none
X1986,[*]N1C[C@@H](C[C@H]1C([*])=O)S[*] |$_R1;;;;;;;_R2;;;_R3$|,H,OH,H,HELM-GPT,flexible,True,none
X1961,[*]N1C[C@@H](C[C@@H]1C([*])=O)S[*] |$_R1;;;;;;;_R2;;;_R3$|,H,OH,H,HELM-GPT,flexible,True,none
X2015,[*]C(=O)[C@@H](CS[*])NCc1cccc(c1)N(=O)=O |$_R2;;;;;;_R3;;;;;;;;;;;$|,-,OH,H,HELM-GPT,N_terminal_only,True,none
X1687,"OC(=O)CCC=CC[C@H](N[*])C([*])=O |w:6.6,$;;;;;;;;;;_R1;;_R2;$|",H,OH,-,HELM-GPT,flexible,False,none
X1759,"CCC=CC[C@@H](C)[C@@H](O)[C@H](N(C)[*])C([*])=O |w:3.3,$;;;;;;;;;;;;_R1;;_R2;$|",H,OH,-,HELM-GPT,flexible,False,none
dalloHyp,O[C@@H]1C[C@@H](N([*])C1)C([*])=O |$;;;;;_R1;;;_R2;$|,H,OH,-,HELM-GPT,flexible,False,none
X1894,Cn1ccc2cc(ccc12)-c1[nH]c2ccccc2c1C[C@H](N[*])C([*])=O |$;;;;;;;;;;;;;;;;;;;;;;_R1;;_R2;$|,H,OH,-,HELM-GPT,flexible,False,none
X1716,C[C@H](CCCC(=O)OCCF)[C@@H](O)[C@H](N(C)[*])C([*])=O |$;;;;;;;;;;;;;;;;_R1;;_R2;$|,H,OH,-,HELM-GPT,flexible,False,none
X1867,CC[C@@H](C)[C@H](N(O)[*])C([*])=O |$;;;;;;;_R1;;_R2;$|,H,OH,-,HELM-GPT,flexible,False,none
X1726,[*]N[C@@H](CCCNC(=O)OCc1ccccc1)C([*])=O |$_R1;;;;;;;;;;;;;;;;;;_R2;$|,H,OH,-,HELM-GPT,flexible,False,none
X1890,[*]N[C@H](CC#N)C([*])=O |$_R1;;;;;;;_R2;$|,H,OH,-,HELM-GPT,flexible,False,none
X1750,CC(C)OC(=O)COC[C@@H](N[*])C([*])=O |$;;;;;;;;;;;_R1;;_R2;$|,H,OH,-,HELM-GPT,flexible,False,none
X1800,Oc1ccc(C[C@@H](N[*])C([*])=O)cc1I |$;;;;;;;;_R1;;_R2;;;;$|,H,OH,-,HELM-GPT,flexible,False,none
X1679,"COC(=O)C=CC[C@@H](C)[C@@H](O)[C@H](N(C)[*])C([*])=O |w:5.5,$;;;;;;;;;;;;;;_R1;;_R2;$|",H,OH,-,HELM-GPT,flexible,False,none
X1900,[*]N[C@H](Cc1ccc2nc(oc2c1)-c1ccccc1)C([*])=O |$_R1;;;;;;;;;;;;;;;;;;;;_R2;$|,H,OH,-,HELM-GPT,flexible,False,none
X1876,C[C@@H](O)C[C@H](N[*])C([*])=O |$;;;;;;_R1;;_R2;$|,H,OH,-,HELM-GPT,flexible,False,none
X1878,CCN(CC)CCS[C@@H](N(C)[*])C([*])=O |$;;;;;;;;;;;_R1;;_R2;$|,H,OH,-,HELM-GPT,flexible,False,none
X1394,CC(C)CC[C@H](N(C)[*])C([*])=O |$;;;;;;;;_R1;;_R2;$|,H,OH,-,HELM-GPT,flexible,False,none
X1711,[*]N[C@@H](CCOc1ccccc1)C([*])=O |$_R1;;;;;;;;;;;;;_R2;$|,H,OH,-,HELM-GPT,flexible,False,none
X72,CC(C)[C@H](NCc1ncccc1O)C([*])=O |$;;;;;;;;;;;;;;_R2;$|,-,OH,-,HELM-GPT,N_terminal_only,False,none
X80,CCOC(=O)N[C@H](Cc1ccc(OC(C)=O)cc1)C([*])=O |$;;;;;;;;;;;;;;;;;;;_R2;$|,-,OH,-,HELM-GPT,N_terminal_only,False,none
W_OBzl,[*]N[C@@H](Cc1c[nH]c2ccccc12)C(=O)OCc1ccccc1 |$_R1;;;;;;;;;;;;;;;;;;;;;;$|,H,-,-,HELM-GPT,C_terminal_only,False,none
X131,[*]N[C@H]1CCCCNC1=O |$_R1;;;;;;;;;$|,H,-,-,HELM-GPT,C_terminal_only,False,none
dM_OMe,COC(=O)[C@@H](CCSC)N[*] |$;;;;;;;;;;_R1$|,H,-,-,HELM-GPT,C_terminal_only,False,none
X95,CC(C)(C)OC(=O)N[C@H](CCC(O)=O)C([*])=O |$;;;;;;;;;;;;;;;_R2;$|,-,OH,-,HELM-GPT,N_terminal_only,False,none
X285,[*]N1C[C@@H](C[C@H]1C([*])=O)OC(=O)Nc1ccccc1 |$_R1;;;;;;;_R2;;;;;;;;;;;$|,H,OH,-,HELM-GPT,flexible,False,none
X100,CC(C)C[C@@H](N[*])C=O |$;;;;;;_R1;;$|,H,-,-,HELM-GPT,C_terminal_only,False,none
X144,[*]C(=O)[C@@H]1CC(=O)NC(=O)N1 |$_R2;;;;;;;;;;$|,-,OH,-,HELM-GPT,N_terminal_only,False,none
X157,CS(=O)CC[C@H](N[*])C([*])=O |$;;;;;;;_R1;;_R2;$|,H,OH,-,HELM-GPT,flexible,False,none
X109,CC(C)[C@H](N[*])C(=O)c1nc2ccccc2o1 |$;;;;;_R1;;;;;;;;;;;$|,H,-,-,HELM-GPT,C_terminal_only,False,none
X300,[*]N(CC([*])=O)Cc1c[nH]c2ccccc12 |$_R1;;;;_R2;;;;;;;;;;;$|,H,OH,-,HELM-GPT,flexible,False,none
X147,Cc1ccc2c(C[C@H](N[*])C([*])=O)c[nH]c2c1 |$;;;;;;;;;_R1;;_R2;;;;;$|,H,OH,-,HELM-GPT,flexible,False,none
X428,C[C@H](NCCc1ccc(Cl)c(Cl)c1)C([*])=O |$;;;;;;;;;;;;;;_R2;$|,-,OH,-,HELM-GPT,N_terminal_only,False,none
Me_meF,CN(C)[C@@H](Cc1ccccc1)C([*])=O |$;;;;;;;;;;;;_R2;$|,-,OH,-,HELM-GPT,N_terminal_only,False,none
X20,"[*]N[C@@H](CCCCNC(NC#N)=NC1CCCCC1)C([*])=O |w:12.12,$_R1;;;;;;;;;;;;;;;;;;;;_R2;$|",H,OH,-,HELM-GPT,flexible,False,none
X46,[*]N[C@@H](Cc1ccc(cc1)C#N)C([*])=O |$_R1;;;;;;;;;;;;;_R2;$|,H,OH,-,HELM-GPT,flexible,False,none
X15,CC(C)[C@H](N[*])C(=O)C[C@@H](Cc1ccccc1)C(O)=O |$;;;;;_R1;;;;;;;;;;;;;;$|,H,-,-,HELM-GPT,C_terminal_only,False,none
X2301,CC(C)CN(CC(=O)[C@@H](Cc1ccccc1)N[*])S(=O)(=O)c1cccc(N)c1 |$;;;;;;;;;;;;;;;;;_R1;;;;;;;;;;$|,H,-,-,HELM-GPT,C_terminal_only,False,none
X1103,Cc1cc(C[C@H](N[*])C([*])=O)cc(C)c1O |$;;;;;;;_R1;;_R2;;;;;;$|,H,OH,-,HELM-GPT,flexible,False,none
X2432,[*]N[C@@H](C#N)C([*])=O |$_R1;;;;;;_R2;$|,H,OH,-,HELM-GPT,flexible,False,none
X2743,C[C@@H](NC(=O)N[C@@H](Cc1cccnc1)C([*])=O)c1ccc(F)cc1 |$;;;;;;;;;;;;;;;_R2;;;;;;;;$|,-,OH,-,HELM-GPT,N_terminal_only,False,none
X2807,CC(C)C[C@H](NC(=O)OC[C@H](COS(O)(=O)=O)OS(O)(=O)=O)C([*])=O |$;;;;;;;;;;;;;;;;;;;;;;;_R2;$|,-,OH,-,HELM-GPT,N_terminal_only,False,none
X2822,COC(=O)C[C@H](NC(=O)OC(C)(C)C)C([*])=O |$;;;;;;;;;;;;;;;_R2;$|,-,OH,-,HELM-GPT,N_terminal_only,False,none
X2738,CN(C)[C@@H](CC1CCCCC1)C([*])=O |$;;;;;;;;;;;;_R2;$|,-,OH,-,HELM-GPT,N_terminal_only,False,none
X2780,[*]N[C@H](C=O)C(c1ccccc1)c1ccccc1 |$_R1;;;;;;;;;;;;;;;;;$|,H,-,-,HELM-GPT,C_terminal_only,False,none
X2763,"CC=C[C@H](N[*])C([*])=O |w:1.0,$;;;;;_R1;;_R2;$|",H,OH,-,HELM-GPT,flexible,False,none
ac,CC([*])=O |$;;_R2;$|,-,OH,-,HELM-GPT,N_terminal_only,False,none
X2098,Cc1ccc(cc1)S(=O)(=O)N[C@@H](Cc1c[nH]c2ccccc12)C([*])=O |$;;;;;;;;;;;;;;;;;;;;;;;_R2;$|,-,OH,-,HELM-GPT,N_terminal_only,False,none
X2146,NCCCC[C@H](N[*])C(=O)c1nc2ccccc2o1 |$;;;;;;;_R1;;;;;;;;;;;$|,H,-,-,HELM-GPT,C_terminal_only,False,none
X2166,[*]N1CCSC[C@H]1C([*])=O |$_R1;;;;;;;;_R2;$|,H,OH,-,HELM-GPT,flexible,False,none
X2192,CN(CC([*])=O)CC(=O)[C@H](CCCNC(N)=N)N[*] |$;;;;_R2;;;;;;;;;;;;;;_R1$|,H,OH,-,HELM-GPT,flexible,False,none
X2136,NC(=N)N1CCC(CC1)[C@H](N[*])C([*])=O |$;;;;;;;;;;;_R1;;_R2;$|,H,OH,-,HELM-GPT,flexible,False,none
X2188,Oc1ccc(C[C@H](NCCC(=O)[C@H](Cc2ccccc2)N[*])C([*])=O)cc1 |$;;;;;;;;;;;;;;;;;;;;;_R1;;_R2;;;$|,H,OH,-,HELM-GPT,flexible,False,none
X2228,FC(F)(F)C(=O)[C@H](CC1CCCCC1)N[*] |$;;;;;;;;;;;;;;;_R1$|,H,-,-,HELM-GPT,C_terminal_only,False,none
X2164,CC(C)[C@H](N[*])C(=O)c1nc2cc(CC(O)=O)ccc2o1 |$;;;;;_R1;;;;;;;;;;;;;;;$|,H,-,-,HELM-GPT,C_terminal_only,False,none
X1066,CC(=N)NCCC[C@@H](NC(=O)OC(C)(C)C)C([*])=O |$;;;;;;;;;;;;;;;;;_R2;$|,-,OH,-,HELM-GPT,N_terminal_only,False,none
F_OBzl,[*]N[C@@H](Cc1ccccc1)C(=O)OCc1ccccc1 |$_R1;;;;;;;;;;;;;;;;;;;$|,H,-,-,HELM-GPT,C_terminal_only,False,none
X1307,Fc1ccc2c(C[C@H](N[*])C([*])=O)c[nH]c2c1 |$;;;;;;;;;_R1;;_R2;;;;;$|,H,OH,-,HELM-GPT,flexible,False,none
X1308,[*]C(=O)[C@@H]1CSC(=O)N1 |$_R2;;;;;;;;$|,-,OH,-,HELM-GPT,N_terminal_only,False,none
X1372,"Cc1c(Cl)cc2n(C)cc(C3=N[C@](C)(CO3)C([*])=O)c2c1O |$;;;;;;;;;;;;;;;;;_R2;;;;$,t:10|",-,OH,-,HELM-GPT,N_terminal_only,False,none
X1386,CC(=N)NCCCC[C@H](N[*])C([*])=O |$;;;;;;;;;;_R1;;_R2;$|,H,OH,-,HELM-GPT,flexible,False,none
X1392,CCOC(=O)N[C@H](CSCc1ccccc1)C([*])=O |$;;;;;;;;;;;;;;;;;_R2;$|,-,OH,-,HELM-GPT,N_terminal_only,False,none
X1254,CC[C@H](C)[C@@H](N[*])C(=O)O[C@H]([C@H](O)CO)[C@H](O)[C@H](O)CO |$;;;;;;_R1;;;;;;;;;;;;;;$|,H,-,-,HELM-GPT,C_terminal_only,False,none
X1312,Oc1c(F)c(F)c(C[C@H](N[*])C([*])=O)c(F)c1F |$;;;;;;;;;;_R1;;_R2;;;;;$|,H,OH,-,HELM-GPT,flexible,False,none
X1395,[*]N[C@@H](Cc1cn(nn1)-c1ccc2ccc3cccc4ccc1c2c34)C([*])=O |$_R1;;;;;;;;;;;;;;;;;;;;;;;;;;_R2;$|,H,OH,-,HELM-GPT,flexible,False,none
X1414,OC(=O)C[C@H](N[*])C(=O)CCCCCc1ccccc1 |$;;;;;;_R1;;;;;;;;;;;;;$|,H,-,-,HELM-GPT,C_terminal_only,False,none
X1444,NCCNCCC[C@H]([N-][N+]#N)C([*])=O |$;;;;;;;;;;;;_R2;$|,-,OH,-,HELM-GPT,N_terminal_only,False,none
X1349,"CCCCN=C(NCCC[C@@H](N[*])C([*])=O)NC#N |w:4.3,$;;;;;;;;;;;;_R1;;_R2;;;;$|",H,OH,-,HELM-GPT,flexible,False,none
X1380,CC(C)(C)OC(=O)N[C@H](CC(O)=O)C([*])=O |$;;;;;;;;;;;;;;_R2;$|,-,OH,-,HELM-GPT,N_terminal_only,False,none
T_MeCl,C[C@@H](O)[C@H](N[*])C(=O)CCl |$;;;;;_R1;;;;$|,H,-,-,HELM-GPT,C_terminal_only,False,none
X240,COc1ccc(cc1)[C@H]1N[C@@H](Cc2c1[nH]c1ccccc21)C([*])=O |$;;;;;;;;;;;;;;;;;;;;;;_R2;$|,-,OH,-,HELM-GPT,N_terminal_only,False,none
X318,CC(C)(C)CCCC[C@H](N[*])C([*])=O |$;;;;;;;;;;_R1;;_R2;$|,H,OH,-,HELM-GPT,flexible,False,none
X182,CCCCN(C#N)c1ccc(C[C@@H](N[*])C([*])=O)cc1 |$;;;;;;;;;;;;;;_R1;;_R2;;;$|,H,OH,-,HELM-GPT,flexible,False,none
Boc_A,C[C@H](NC(=O)OC(C)(C)C)C([*])=O |$;;;;;;;;;;;_R2;$|,-,OH,-,HELM-GPT,N_terminal_only,False,none
X393,[*]N[C@@H](CCCc1ccccc1)C([*])=O |$_R1;;;;;;;;;;;;;_R2;$|,H,OH,-,HELM-GPT,flexible,False,none
X695,CCOC(=O)N[C@@H](CCSCc1ccccc1)C([*])=O |$;;;;;;;;;;;;;;;;;;_R2;$|,-,OH,-,HELM-GPT,N_terminal_only,False,none
X395,CC(C)N([*])CC([*])=O |$;;;;_R1;;;_R2;$|,H,OH,-,HELM-GPT,flexible,False,none
X339,CONC(=O)Nc1ccc(C[C@H](N[*])C([*])=O)cc1 |$;;;;;;;;;;;;;_R1;;_R2;;;$|,H,OH,-,HELM-GPT,flexible,False,none
X677,[*]N[C@@H](Cc1ccsc1)C([*])=O |$_R1;;;;;;;;;;_R2;$|,H,OH,-,HELM-GPT,flexible,False,none
G_OMe,COC(=O)CN[*] |$;;;;;;_R1$|,H,-,-,HELM-GPT,C_terminal_only,False,none
X679,FC(F)(F)C(=O)[C@H](Cc1ccccc1)N[*] |$;;;;;;;;;;;;;;;_R1$|,H,-,-,HELM-GPT,C_terminal_only,False,none
X502,CNC(=O)Nc1ccc(C[C@H](N[*])C([*])=O)cc1 |$;;;;;;;;;;;;_R1;;_R2;;;$|,H,OH,-,HELM-GPT,flexible,False,none
X622,[*]N1C[C@H](C[C@H]1C([*])=O)[N-][N+]#N |$_R1;;;;;;;_R2;;;;$|,H,OH,-,HELM-GPT,flexible,False,none
X571,C[C@H](O)[C@@H](N[*])C=O |$;;;;;_R1;;$|,H,-,-,HELM-GPT,C_terminal_only,False,none
X195,[*]N[C@H](C(c1ccccc1)c1ccccc1)C([*])=O |$_R1;;;;;;;;;;;;;;;;;_R2;$|,H,OH,-,HELM-GPT,flexible,False,none
X685,COC(=O)[C@H](Cc1ccc(OC(=O)c2ccccc2)cc1)N[*] |$;;;;;;;;;;;;;;;;;;;;;;_R1$|,H,-,-,HELM-GPT,C_terminal_only,False,none
X198,O[C@H]([C@@H](N[*])C([*])=O)c1ccccc1 |$;;;;_R1;;_R2;;;;;;;$|,H,OH,-,HELM-GPT,flexible,False,none
X573,NC(=N)NC(=O)CC[C@H](N[*])C([*])=O |$;;;;;;;;;;_R1;;_R2;$|,H,OH,-,HELM-GPT,flexible,False,none
X233,"CCC(=N[*])C([*])=O |w:3.3,$;;;;_R1;;_R2;$|",H,OH,-,HELM-GPT,flexible,False,none
X229,[*]N1Cc2nc[nH]c2C[C@H]1C([*])=O |$_R1;;;;;;;;;;;_R2;$|,H,OH,-,HELM-GPT,flexible,False,none
Boc_S,CC(C)(C)OC(=O)N[C@@H](CO)C([*])=O |$;;;;;;;;;;;;_R2;$|,-,OH,-,HELM-GPT,N_terminal_only,False,none
X311,N[C@H](C([*])=O)C(c1ccccc1)(c1ccccc1)c1ccccc1 |$;;;_R2;;;;;;;;;;;;;;;;;;;;$|,-,OH,-,HELM-GPT,N_terminal_only,False,none
X172,COc1ccc(C[C@H](N[*])C([*])=O)cc1 |$;;;;;;;;;_R1;;_R2;;;$|,H,OH,-,HELM-GPT,flexible,False,none
Boc_dP,CC(C)(C)OC(=O)N1CCC[C@@H]1C([*])=O |$;;;;;;;;;;;;;_R2;$|,-,OH,-,HELM-GPT,N_terminal_only,False,none
X1595,CCOC(=O)CC[C@H](N)C([*])=O |$;;;;;;;;;;_R2;$|,-,OH,-,HELM-GPT,N_terminal_only,False,none
X550,CCCCC(CCCC)NCCCC[C@@H](N[*])C([*])=O |$;;;;;;;;;;;;;;;;_R1;;_R2;$|,H,OH,-,HELM-GPT,flexible,False,none
X832,Oc1ccc(CNCCCC[C@H](N[*])C([*])=O)cc1 |$;;;;;;;;;;;;;_R1;;_R2;;;$|,H,OH,-,HELM-GPT,flexible,False,none
X904,Cc1ccc2[nH]cc(C[C@H](N[*])C([*])=O)c2c1 |$;;;;;;;;;;;_R1;;_R2;;;$|,H,OH,-,HELM-GPT,flexible,False,none
X1620,CCNC(=O)N[C@@H](Cc1ccccc1)C([*])=O |$;;;;;;;;;;;;;;;_R2;$|,-,OH,-,HELM-GPT,N_terminal_only,False,none
X1621,CC(C)C[C@@H](N[*])C(=O)O[C@H]1CC[C@H]2[C@@H]3CCc4cc(O)ccc4[C@H]3CC[C@]12C |$;;;;;;_R1;;;;;;;;;;;;;;;;;;;;;;$|,H,-,-,HELM-GPT,C_terminal_only,False,none
X1639,Oc1cc(I)c(C[C@H](N[*])C([*])=O)cc1I |$;;;;;;;;;_R1;;_R2;;;;$|,H,OH,-,HELM-GPT,flexible,False,none
X1305,CC(C)(C)OC(=O)N[C@H](C([*])=O)c1ccc(F)cc1 |$;;;;;;;;;;_R2;;;;;;;;$|,-,OH,-,HELM-GPT,N_terminal_only,False,none
X1635,"[*]N1C[C@@H](C[C@H]1C([*])=O)ON=Cc1ccc(OC(=O)c2ccc3OCOc3c2)cc1 |w:10.10,$_R1;;;;;;;_R2;;;;;;;;;;;;;;;;;;;;;;$|",H,OH,-,HELM-GPT,flexible,False,none
X1841,CN([*])[C@@H](Cc1ccoc1)C([*])=O |$;;_R1;;;;;;;;;_R2;$|,H,OH,-,HELM-GPT,flexible,False,none
X1775,CN([*])[C@@H](CC(=O)OC(C)(C)C)C([*])=O |$;;_R1;;;;;;;;;;;_R2;$|,H,OH,-,HELM-GPT,flexible,False,none
X1658,NC(=N)N[CH+]CC[C@H](N[*])C(O)=O |$;;;;;;;;;_R1;;;$|,H,-,-,HELM-GPT,C_terminal_only,False,none
X1513,Oc1ccc2C[C@@](Cc2c1)(N[*])C([*])=O |$;;;;;;;;;;;_R1;;_R2;$|,H,OH,-,HELM-GPT,flexible,False,none
X2588,C[C@@H](O)[C@H](N[*])C(=O)CN[C@@H](Cc1ccccc1)C([*])=O |$;;;;;_R1;;;;;;;;;;;;;;_R2;$|,H,OH,-,HELM-GPT,flexible,False,none
X2590,CCCCCCCCCCCCCCCCCCN1C(=O)C[C@H](NC1=O)C([*])=O |$;;;;;;;;;;;;;;;;;;;;;;;;;;;_R2;$|,-,OH,-,HELM-GPT,N_terminal_only,False,none
X2609,OC(=O)C[C@H](N[*])C(=O)c1ncc(o1)-c1ccccc1 |$;;;;;;_R1;;;;;;;;;;;;;$|,H,-,-,HELM-GPT,C_terminal_only,False,none
X2677,"COc1ccc(C=C2SC(=S)N([C@@H](Cc3ccccc3)C([*])=O)C2=O)cc1OC |w:6.5,$;;;;;;;;;;;;;;;;;;;;;_R2;;;;;;;$|",-,OH,-,HELM-GPT,N_terminal_only,False,none
X2678,NC[C@H]1CC[C@@H](CC1)[C@H](N[*])C(=O)c1nc2ccccc2s1 |$;;;;;;;;;;_R1;;;;;;;;;;;$|,H,-,-,HELM-GPT,C_terminal_only,False,none
X2744,[*]N[C@@H](C[C@H]1CCNC1=O)C(=O)c1ccccn1 |$_R1;;;;;;;;;;;;;;;;;$|,H,-,-,HELM-GPT,C_terminal_only,False,none
X2619,CC(C)[C@H](NC(=O)N[C@H](C)C(O)=O)C([*])=O |$;;;;;;;;;;;;;;_R2;$|,-,OH,-,HELM-GPT,N_terminal_only,False,none
X2721,[*]NCC(=O)c1ccccc1 |$_R1;;;;;;;;;;$|,H,-,-,HELM-GPT,C_terminal_only,False,none
X2647,NC(=N)c1cccc(C[C@@H](N[*])C(=O)c2nc3ccccc3s2)c1 |$;;;;;;;;;;;_R1;;;;;;;;;;;;$|,H,-,-,HELM-GPT,C_terminal_only,False,none
X2650,CC(C)[C@H](N[*])C(=O)c1nnn(C)n1 |$;;;;;_R1;;;;;;;;$|,H,-,-,HELM-GPT,C_terminal_only,False,none
X2652,CS(=O)(=O)N[C@@H](Cc1ccc(Cl)cc1)C([*])=O |$;;;;;;;;;;;;;;;_R2;$|,-,OH,-,HELM-GPT,N_terminal_only,False,none
X2653,CCC(=O)OC(=O)N[C@@H](Cc1ccc(Cl)cc1)C([*])=O |$;;;;;;;;;;;;;;;;;;_R2;$|,-,OH,-,HELM-GPT,N_terminal_only,False,none
X2549,FC(F)(CCc1ccccc1)C(=O)[C@H](Cc1ccccc1)N[*] |$;;;;;;;;;;;;;;;;;;;;;;_R1$|,H,-,-,HELM-GPT,C_terminal_only,False,none
X2565,OC(=O)[C@]1(C[C@H]1Cc1ccccc1)N[*] |$;;;;;;;;;;;;;;_R1$|,H,-,-,HELM-GPT,C_terminal_only,False,none
X2567,NC(=N)N[C@H](CC1CCCCC1)C([*])=O |$;;;;;;;;;;;;;_R2;$|,-,OH,-,HELM-GPT,N_terminal_only,False,none
X2300,Fc1cccc(CNCC([*])=O)c1 |$;;;;;;;;;;_R2;;$|,-,OH,-,HELM-GPT,N_terminal_only,False,none
X2467,[*]N(CC([*])=O)c1ccc(cc1)-c1ccccc1 |$_R1;;;;_R2;;;;;;;;;;;;;$|,H,OH,-,HELM-GPT,flexible,False,none
X2476,CCN(CC)CCCCCNCC([*])=O |$;;;;;;;;;;;;;_R2;$|,-,OH,-,HELM-GPT,N_terminal_only,False,none
X2392,CC(C)[C@H](NCc1cc(ccc1O)C(F)(F)F)C([*])=O |$;;;;;;;;;;;;;;;;;;_R2;$|,-,OH,-,HELM-GPT,N_terminal_only,False,none
X2414,Clc1ccc(cc1)-c1cn(nn1)[C@@H]1C[C@H](N([*])C1)C([*])=O |$;;;;;;;;;;;;;;;;_R1;;;_R2;$|,H,OH,-,HELM-GPT,flexible,False,none
X2365,OCC(CO)C[C@H](N[*])C(O)=O |$;;;;;;;;_R1;;;$|,H,-,-,HELM-GPT,C_terminal_only,False,none
X2509,COP(=O)(CCCCC[C@H](N[*])C([*])=O)OC |$;;;;;;;;;;;_R1;;_R2;;;$|,H,OH,-,HELM-GPT,flexible,False,none
X2442,[*]N1C[C@@H](C[C@H]1C([*])=O)n1cc(nn1)-c1cccc2ccccc12 |$_R1;;;;;;;_R2;;;;;;;;;;;;;;;;$|,H,OH,-,HELM-GPT,flexible,False,none
X2499,CC(C)[C@H](NCc1cc(ccc1O)C(O)=O)C([*])=O |$;;;;;;;;;;;;;;;;;_R2;$|,-,OH,-,HELM-GPT,N_terminal_only,False,none
X2369,[*]N1C[C@@H](C[C@H]1C([*])=O)Oc1cccc(c1)-c1cccc(c1)N(=O)=O |$_R1;;;;;;;_R2;;;;;;;;;;;;;;;;;$|,H,OH,-,HELM-GPT,flexible,False,none
X2409,CCS[*] |$;;;_R3$|,-,-,H,HELM-GPT,unknown,True,none
X2468,OC(=O)C[C@H](N[*])C(=O)Oc1cc(nn1-c1ccccc1)C(F)(F)F |$;;;;;;_R1;;;;;;;;;;;;;;;;;;$|,H,-,-,HELM-GPT,C_terminal_only,False,none
X2384,[*]N1CC(=O)OC[C@@H]1C([*])=O |$_R1;;;;;;;;;_R2;$|,H,OH,-,HELM-GPT,flexible,False,none
X2335,[*]N(CC([*])=O)C1Cc2ccccc2C1 |$_R1;;;;_R2;;;;;;;;;;$|,H,OH,-,HELM-GPT,flexible,False,none
X2325,OC(=O)C[C@H](N[*])C(=O)COc1cc(nn1-c1ccccc1)C(F)(F)F |$;;;;;;_R1;;;;;;;;;;;;;;;;;;;$|,H,-,-,HELM-GPT,C_terminal_only,False,none
X2318,[*]C(=O)CNCC(c1ccccc1)c1ccccc1 |$_R2;;;;;;;;;;;;;;;;;;$|,-,OH,-,HELM-GPT,N_terminal_only,False,none
X450,C[C@@](CCCC=C)(N[*])C([*])=O |$;;;;;;;;_R1;;_R2;$|,H,OH,-,HELM-GPT,flexible,False,none
X527,NC(=N)NCCC[C@H](N[*])C(=O)c1ccccn1 |$;;;;;;;;;_R1;;;;;;;;$|,H,-,-,HELM-GPT,C_terminal_only,False,none
X654,[*]N[C@@H](CSc1ccc(cc1N(=O)=O)N(=O)=O)C([*])=O |$_R1;;;;;;;;;;;;;;;;;;_R2;$|,H,OH,-,HELM-GPT,flexible,False,none
X468,CS(=O)(=O)N[C@@H](C(c1ccccc1)c1ccccc1)C([*])=O |$;;;;;;;;;;;;;;;;;;;;_R2;$|,-,OH,-,HELM-GPT,N_terminal_only,False,none
X834,[*]N[C@@H](C1c2ccccc2-c2ccccc12)C([*])=O |$_R1;;;;;;;;;;;;;;;;;_R2;$|,H,OH,-,HELM-GPT,flexible,False,none
X544,Cc1ccc(CNCCCC[C@H](N[*])C([*])=O)cc1 |$;;;;;;;;;;;;;_R1;;_R2;;;$|,H,OH,-,HELM-GPT,flexible,False,none
X771,COC(=O)C1(CCCCC1)N[*] |$;;;;;;;;;;;_R1$|,H,-,-,HELM-GPT,C_terminal_only,False,none
D_MeF,OC(=O)C[C@H](N[*])C(=O)CF |$;;;;;;_R1;;;;$|,H,-,-,HELM-GPT,C_terminal_only,False,none
X963,COC(=O)[C@H](COC(=O)c1ccc(C)cc1)N[*] |$;;;;;;;;;;;;;;;;;_R1$|,H,-,-,HELM-GPT,C_terminal_only,False,none
X840,CCOC(=O)C(F)(F)C(=O)[C@@H](N[*])C(C)C |$;;;;;;;;;;;;_R1;;;$|,H,-,-,HELM-GPT,C_terminal_only,False,none
X966,NCc1ccc(C[C@H](N[*])C([*])=O)cc1 |$;;;;;;;;;_R1;;_R2;;;$|,H,OH,-,HELM-GPT,flexible,False,none
X672,CCCO[C@@H]1C[C@H](N([*])C1)C([*])=O |$;;;;;;;;_R1;;;_R2;$|,H,OH,-,HELM-GPT,flexible,False,none
X453,OS(=O)(=O)O[C@@H]1C[C@H](N([*])C1)C([*])=O |$;;;;;;;;;_R1;;;_R2;$|,H,OH,-,HELM-GPT,flexible,False,none
X530,CCCC(CCC)NCCCC[C@H](N[*])C([*])=O |$;;;;;;;;;;;;;;_R1;;_R2;$|,H,OH,-,HELM-GPT,flexible,False,none
X581,OC(=O)C(F)(F)c1ccc(C[C@H](N[*])C([*])=O)cc1 |$;;;;;;;;;;;;;_R1;;_R2;;;$|,H,OH,-,HELM-GPT,flexible,False,none
X456,CSCC[C@H](NC(N)=O)C([*])=O |$;;;;;;;;;;_R2;$|,-,OH,-,HELM-GPT,N_terminal_only,False,none
X653,OC(=O)CC[C@H](NCc1ccccc1)C([*])=O |$;;;;;;;;;;;;;;;_R2;$|,-,OH,-,HELM-GPT,N_terminal_only,False,none
dPhe(2-CN),[*]N[C@H](Cc1ccccc1C#N)C([*])=O |$_R1;;;;;;;;;;;;;_R2;$|,H,OH,-,HELM-GPT,flexible,False,none
X3030,OC(=O)CCCNC(=S)NCCCC[C@H](N[*])C([*])=O |$;;;;;;;;;;;;;;;;_R1;;_R2;$|,H,OH,-,HELM-GPT,flexible,False,none
X2844,CCC(C)(C)OC(=O)N[C@@H](Cc1c[nH]c2ccccc12)C([*])=O |$;;;;;;;;;;;;;;;;;;;;;_R2;$|,-,OH,-,HELM-GPT,N_terminal_only,False,none
X2518,OC[C@H](N1CCC[C@H]1C([*])=O)C(O)=O |$;;;;;;;;;_R2;;;;$|,-,OH,-,HELM-GPT,N_terminal_only,False,none
X2056,C[C@H](O)[C@H](N[*])C=O |$;;;;;_R1;;$|,H,-,-,HELM-GPT,C_terminal_only,False,none
X1580,CNCCCC[C@H]([N-][N+]#N)C([*])=O |$;;;;;;;;;;;_R2;$|,-,OH,-,HELM-GPT,N_terminal_only,False,none
X1431,CCOC(=O)[C@H](CCc1ccccc1)N(C)[*] |$;;;;;;;;;;;;;;;;_R1$|,H,-,-,HELM-GPT,C_terminal_only,False,none
X1647,C[C@@]1(CO1)C(=O)[C@H](Cc1ccc(CN)cc1)N[*] |$;;;;;;;;;;;;;;;;;_R1$|,H,-,-,HELM-GPT,C_terminal_only,False,none
Cbz_W,[*]C(=O)[C@H](Cc1c[nH]c2ccccc12)NC(=O)OCc1ccccc1 |$_R2;;;;;;;;;;;;;;;;;;;;;;;;$|,-,OH,-,HELM-GPT,N_terminal_only,False,none
X2242,CN([C@@H](N[*])C(=O)c1ccccc1)C(=O)N[C@H](Cc1c[nH]c2ccccc12)C([*])=O |$;;;;_R1;;;;;;;;;;;;;;;;;;;;;;;;_R2;$|,H,OH,-,HELM-GPT,flexible,False,none
Wil,[*]N[C@@H](Cn1ccc(=O)[nH]c1=O)C([*])=O |$_R1;;;;;;;;;;;;;_R2;$|,H,OH,-,HELM-GPT,flexible,False,none
X801,NCCCC[C@H](NC(=O)N(CCCl)N=O)C([*])=O |$;;;;;;;;;;;;;;;;_R2;$|,-,OH,-,HELM-GPT,N_terminal_only,False,none
X869,C[C@H](NC(=S)[C@H](C)NC(=O)OC(C)(C)C)C([*])=O |$;;;;;;;;;;;;;;;;_R2;$|,-,OH,-,HELM-GPT,N_terminal_only,False,none
Me_Aib,CNC(C)(C)C([*])=O |$;;;;;;_R2;$|,-,OH,-,HELM-GPT,N_terminal_only,False,none
X1108,Oc1ccc(C[C@H](Nc2ccc(cc2)-c2ccccc2)C([*])=O)cc1 |$;;;;;;;;;;;;;;;;;;;;;_R2;;;$|,-,OH,-,HELM-GPT,N_terminal_only,False,none
X1109,CS[C@@H]1CCN([*])[C@@H]1C([*])=O |$;;;;;;_R1;;;_R2;$|,H,OH,-,HELM-GPT,flexible,False,none
X1166,OC(=O)CC[C@H](NC(=O)OCc1ccccc1)C([*])=O |$;;;;;;;;;;;;;;;;;;_R2;$|,-,OH,-,HELM-GPT,N_terminal_only,False,none
dThi,[*]N[C@H](Cc1cccs1)C([*])=O |$_R1;;;;;;;;;;_R2;$|,H,OH,-,HELM-GPT,flexible,False,none
X752,CC(C)C[C@](C)(N[*])C([*])=O |$;;;;;;;_R1;;_R2;$|,H,OH,-,HELM-GPT,flexible,False,none
Me_Dpr,CN([*])[C@@H](CN)C([*])=O |$;;_R1;;;;;_R2;$|,H,OH,-,HELM-GPT,flexible,False,none
X1050,COc1ccccc1-c1cn(nn1)[C@H]1C[C@H](N([*])C1)C([*])=O |$;;;;;;;;;;;;;;;;;_R1;;;_R2;$|,H,OH,-,HELM-GPT,flexible,False,none
X891,[*]N[C@H]1CC(=O)NC1=O |$_R1;;;;;;;;$|,H,-,-,HELM-GPT,C_terminal_only,False,none
X1208,CC[C@@H](O)[C@H](N[*])C([*])=O |$;;;;;;_R1;;_R2;$|,H,OH,-,HELM-GPT,flexible,False,none
X1104,NN(CCCNC(N)=N)CC([*])=O |$;;;;;;;;;;;_R2;$|,-,OH,-,HELM-GPT,N_terminal_only,False,none
K_ac,CC(=O)OC(=O)[C@H](CCCCN)N[*] |$;;;;;;;;;;;;;_R1$|,H,-,-,HELM-GPT,C_terminal_only,False,none
X987,OC(=O)N[C@@H](Cc1c[nH]c2ccccc12)C([*])=O |$;;;;;;;;;;;;;;;;_R2;$|,-,OH,-,HELM-GPT,N_terminal_only,False,none
X712,OB(O)c1ccc(C[C@H](N[*])C([*])=O)cc1 |$;;;;;;;;;;_R1;;_R2;;;$|,H,OH,-,HELM-GPT,flexible,False,none
X713,CC(C)CC[C@@H](N[*])C([*])=O |$;;;;;;;_R1;;_R2;$|,H,OH,-,HELM-GPT,flexible,False,none
X867,CCOc1ccc(C[C@H](N[*])C([*])=O)cc1 |$;;;;;;;;;;_R1;;_R2;;;$|,H,OH,-,HELM-GPT,flexible,False,none
X861,C[C@H](NCCc1ccc2ccccc2c1)C([*])=O |$;;;;;;;;;;;;;;;;_R2;$|,-,OH,-,HELM-GPT,N_terminal_only,False,none
X1695,[*]N[C@@H](Cc1ccc2[nH]ccc2c1)C([*])=O |$_R1;;;;;;;;;;;;;;_R2;$|,H,OH,-,HELM-GPT,flexible,False,none
X1769,[*]N1NC(=O)CC[C@H]1C([*])=O |$_R1;;;;;;;;;_R2;$|,H,OH,-,HELM-GPT,flexible,False,none
X1973,NC(=O)N[C@@H](Cc1ccc(O)c(I)c1)C([*])=O |$;;;;;;;;;;;;;;;_R2;$|,-,OH,-,HELM-GPT,N_terminal_only,False,none
X2042,CC[C@@]1(OC(=O)N(CCCN)CC([*])=O)C(=O)OCc2c1cc1-c3nc4ccccc4cc3Cn1c2=O |$;;;;;;;;;;;;;_R2;;;;;;;;;;;;;;;;;;;;;;;$|,-,OH,-,HELM-GPT,N_terminal_only,False,none
X2046,Fc1cccc(c1)[C@H](N[*])C([*])=O |$;;;;;;;;;_R1;;_R2;$|,H,OH,-,HELM-GPT,flexible,False,none
X2020,CC(C)CN[C@H](CS[*])C([*])=O |$;;;;;;;;_R3;;_R2;$|,-,OH,H,HELM-GPT,N_terminal_only,True,none
X1963,Oc1ccc(cc1)[C@H]1CCN[C@H]1C([*])=O |$;;;;;;;;;;;;;_R2;$|,-,OH,-,HELM-GPT,N_terminal_only,False,none
X2021,[*]C(=O)[C@@H](CS[*])NC(=O)Nc1ccccc1 |$_R2;;;;;;_R3;;;;;;;;;;$|,-,OH,H,HELM-GPT,N_terminal_only,True,none
X2012,C[C@H](NC(=O)Nc1cccc(C)c1)C([*])=O |$;;;;;;;;;;;;;;_R2;$|,-,OH,-,HELM-GPT,N_terminal_only,False,none
X2013,C[C@H](NS(=O)(=O)c1c(C)cc(C)cc1C)C([*])=O |$;;;;;;;;;;;;;;;;_R2;$|,-,OH,-,HELM-GPT,N_terminal_only,False,none
X2026,Oc1c(I)cc(C[C@@H](N[*])C([*])=O)cc1I |$;;;;;;;;;_R1;;_R2;;;;$|,H,OH,-,HELM-GPT,flexible,False,none
X1760,"CC=CC[C@@H](C)[C@H](O)[C@H](N(C)[*])C([*])=O |w:1.0,$;;;;;;;;;;;_R1;;_R2;$|",H,OH,-,HELM-GPT,flexible,False,none
X1691,NC(=N)N1CCC(CC1)(N[*])C([*])=O |$;;;;;;;;;;_R1;;_R2;$|,H,OH,-,HELM-GPT,flexible,False,none
X1928,CC(C)(O)COC[C@@H](N[*])C([*])=O |$;;;;;;;;;_R1;;_R2;$|,H,OH,-,HELM-GPT,flexible,False,none
X1945,CCOC[C@@H](C)[C@@H](O)[C@H](N(C)[*])C([*])=O |$;;;;;;;;;;;_R1;;_R2;$|,H,OH,-,HELM-GPT,flexible,False,none
X1940,NCCn1cc(C[C@H](N[*])C([*])=O)c2ccccc12 |$;;;;;;;;;_R1;;_R2;;;;;;;$|,H,OH,-,HELM-GPT,flexible,False,none
X1798,FC(F)(F)C(=O)CCCCC[C@H](N[*])C([*])=O |$;;;;;;;;;;;;;_R1;;_R2;$|,H,OH,-,HELM-GPT,flexible,False,none
Me_dHcy,CN([*])[C@H](CCS)C([*])=O |$;;_R1;;;;;;_R2;$|,H,OH,-,HELM-GPT,flexible,False,none
X1807,OCC(=C)COC[C@@H](N[*])C([*])=O |$;;;;;;;;;_R1;;_R2;$|,H,OH,-,HELM-GPT,flexible,False,none
X1728,[*]N[C@H]([C@@H](OCc1ccccc1)c1ccccc1)C([*])=O |$_R1;;;;;;;;;;;;;;;;;;;_R2;$|,H,OH,-,HELM-GPT,flexible,False,none
dLys(Me)2,CN(C)CCCC[C@@H](N[*])C([*])=O |$;;;;;;;;;_R1;;_R2;$|,H,OH,-,HELM-GPT,flexible,False,none
X1754,CC(=O)SCCCCC[C@H](N[*])C([*])=O |$;;;;;;;;;;;_R1;;_R2;$|,H,OH,-,HELM-GPT,flexible,False,none
X1670,"CC=CC[C@@H](C)[C@@H](O)[C@H](N(C)[*])C([*])=O |w:1.0,$;;;;;;;;;;;_R1;;_R2;$|",H,OH,-,HELM-GPT,flexible,False,none
Lys(Tac),CC(=S)NCCCC[C@H](N[*])C([*])=O |$;;;;;;;;;;_R1;;_R2;$|,H,OH,-,HELM-GPT,flexible,False,none
X45,COC[C@H](N[*])C([*])=O |$;;;;;_R1;;_R2;$|,H,OH,-,HELM-GPT,flexible,False,none
Boc_G,CC(C)(C)OC(=O)NCC([*])=O |$;;;;;;;;;;_R2;$|,-,OH,-,HELM-GPT,N_terminal_only,False,none
Me_dNal,CN([*])[C@H](Cc1ccc2ccccc2c1)C([*])=O |$;;_R1;;;;;;;;;;;;;;_R2;$|,H,OH,-,HELM-GPT,flexible,False,none
X94,N[C@@H](CC(=O)NC(=O)c1ccccc1N)C([*])=O |$;;;;;;;;;;;;;;;;_R2;$|,-,OH,-,HELM-GPT,N_terminal_only,False,none
X287,CCC(CC)NC(=O)N[C@H](C([*])=O)C(C)(C)C |$;;;;;;;;;;;_R2;;;;;$|,-,OH,-,HELM-GPT,N_terminal_only,False,none
X167,COC(=O)C1(CCC1)N[*] |$;;;;;;;;;_R1$|,H,-,-,HELM-GPT,C_terminal_only,False,none
X163,NS(=O)(=O)c1ccc(NC(=S)N2CCC[C@H]2C([*])=O)cc1 |$;;;;;;;;;;;;;;;;;_R2;;;$|,-,OH,-,HELM-GPT,N_terminal_only,False,none
X294,C[C@H](N[*])C(=O)OCCc1ccccc1 |$;;;_R1;;;;;;;;;;;$|,H,-,-,HELM-GPT,C_terminal_only,False,none
F_OMe,COC(=O)[C@H](Cc1ccccc1)N[*] |$;;;;;;;;;;;;;_R1$|,H,-,-,HELM-GPT,C_terminal_only,False,none
X354,"Cn1cc(C2=N[C@](C)(CO2)C([*])=O)c2c(O)cc(Cl)cc12 |$;;;;;;;;;;;_R2;;;;;;;;;$,t:4|",-,OH,-,HELM-GPT,N_terminal_only,False,none
X117,[*]NCC=O |$_R1;;;;$|,H,-,-,HELM-GPT,C_terminal_only,False,none
X282,C[C@H](N[*])C(=O)C(F)(F)F |$;;;_R1;;;;;;$|,H,-,-,HELM-GPT,C_terminal_only,False,none
X24,Nc1nnc(NCCC[C@H](N[*])C([*])=O)[nH]1 |$;;;;;;;;;;;_R1;;_R2;;$|,H,OH,-,HELM-GPT,flexible,False,none
X26,CCCC(CCC)(N[*])C([*])=O |$;;;;;;;;_R1;;_R2;$|,H,OH,-,HELM-GPT,flexible,False,none
X2765,CC(C)[C@H](N(C)[*])C(=O)ON(C)[C@@H](C(C)C)C([*])=O |$;;;;;;_R1;;;;;;;;;;;_R2;$|,H,OH,-,HELM-GPT,flexible,False,none
X2786,CN(CCCC[C@H](N[*])C([*])=O)C(=O)Nc1ccccc1C |$;;;;;;;;_R1;;_R2;;;;;;;;;;;$|,H,OH,-,HELM-GPT,flexible,False,none
X2352,CCOC(=O)[C@H]1[C@@H](N1[*])C([*])=O |$;;;;;;;;_R1;;_R2;$|,H,OH,-,HELM-GPT,flexible,False,none
X2835,[*]N[C@@H](Cc1cnc([nH]1)-c1ccccc1)C([*])=O |$_R1;;;;;;;;;;;;;;;;_R2;$|,H,OH,-,HELM-GPT,flexible,False,none
X2828,[*]N[C@@H](CCCCNC(=O)NC1CCCCC1)C([*])=O |$_R1;;;;;;;;;;;;;;;;;;_R2;$|,H,OH,-,HELM-GPT,flexible,False,none
X2554,[*]N[C@H](Cc1ccc(Cc2ccccc2)cc1)C([*])=O |$_R1;;;;;;;;;;;;;;;;;;_R2;$|,H,OH,-,HELM-GPT,flexible,False,none
X2736,Clc1cncc(OC(=O)[C@H](C[C@@H]2CCNC2=O)N[*])c1 |$;;;;;;;;;;;;;;;;;;_R1;$|,H,-,-,HELM-GPT,C_terminal_only,False,none
X2742,[*]NCC(=O)c1nc2ccccc2[nH]1 |$_R1;;;;;;;;;;;;;$|,H,-,-,HELM-GPT,C_terminal_only,False,none
X1847,[*]NC1([C@H]([C@@H]1c1ccccc1)c1ccccc1)C([*])=O |$_R1;;;;;;;;;;;;;;;;;;_R2;$|,H,OH,-,HELM-GPT,flexible,False,none
X2091,"CC[C@H](C)[C@H](N)C1=N[C@@H](CS1)C([*])=O |$;;;;;;;;;;;;_R2;$,t:6|",-,OH,-,HELM-GPT,N_terminal_only,False,none
X2083,[*]N1C[C@@H](C[C@H]1C([*])=O)OC(=O)NCc1ccccc1 |$_R1;;;;;;;_R2;;;;;;;;;;;;$|,H,OH,-,HELM-GPT,flexible,False,none
X2251,CC(C)[C@H](NC(=O)NC(=O)[C@@H](N[*])C(C)C)C([*])=O |$;;;;;;;;;;;;_R1;;;;;_R2;$|,H,OH,-,HELM-GPT,flexible,False,none
X2109,CCCCCCCC(=O)Oc1ccc(C[C@H](N[*])C(=O)OC)cc1 |$;;;;;;;;;;;;;;;;;_R1;;;;;;$|,H,-,-,HELM-GPT,C_terminal_only,False,none
X2181,Fc1ccc2CN(Cc2c1)C(=O)O[C@@H]1C[C@H](N([*])C1)C([*])=O |$;;;;;;;;;;;;;;;;;_R1;;;_R2;$|,H,OH,-,HELM-GPT,flexible,False,none
X2182,[*]C(=O)[C@H](Cc1ccccc1)NS(=O)(=O)N1CCOCC1 |$_R2;;;;;;;;;;;;;;;;;;;;$|,-,OH,-,HELM-GPT,N_terminal_only,False,none
X2229,"OC(=O)C[C@H](N[*])C(=O)COC1=C(Cc2ccccc2)C(=O)OC1 |$;;;;;;_R1;;;;;;;;;;;;;;;;;$,c:11|",H,-,-,HELM-GPT,C_terminal_only,False,none
Me_meR,CN(C)[C@@H](CCCNC(N)=N)C([*])=O |$;;;;;;;;;;;;_R2;$|,-,OH,-,HELM-GPT,N_terminal_only,False,none
X2208,NCCCC[C@H](N[*])C(=O)c1nc2ccccc2[nH]1 |$;;;;;;;_R1;;;;;;;;;;;$|,H,-,-,HELM-GPT,C_terminal_only,False,none
X2144,CN(C)c1cccc2c(cccc12)S(=O)(=O)N[C@@H](Cc1ccc(O)cc1)C([*])=O |$;;;;;;;;;;;;;;;;;;;;;;;;;;;_R2;$|,-,OH,-,HELM-GPT,N_terminal_only,False,none
X2245,OC(=O)Cn1c(=O)cnn(CC([*])=O)c1=O |$;;;;;;;;;;;;_R2;;;$|,-,OH,-,HELM-GPT,N_terminal_only,False,none
X2204,Fc1ccc(cc1)S(=O)(=O)N[C@@H](Cc1ccc(OCCCCSC[C@H](N[*])C=O)cc1)C([*])=O |$;;;;;;;;;;;;;;;;;;;;;;;;;;_R1;;;;;;_R2;$|,H,OH,-,HELM-GPT,flexible,False,none
X2037,Oc1c(Br)cc(C[C@H](N[*])C([*])=O)cc1Br |$;;;;;;;;;_R1;;_R2;;;;$|,H,OH,-,HELM-GPT,flexible,False,none
X2001,FC(F)(F)c1ccc(cc1)[C@H](N[*])C([*])=O |$;;;;;;;;;;;;_R1;;_R2;$|,H,OH,-,HELM-GPT,flexible,False,none
X1064,CC(C)C[C@H](NS(=O)(=O)CCN(C)C)C([*])=O |$;;;;;;;;;;;;;;;_R2;$|,-,OH,-,HELM-GPT,N_terminal_only,False,none
X1015,[*]N[C@@H](Cc1cc[nH]c1)C([*])=O |$_R1;;;;;;;;;;_R2;$|,H,OH,-,HELM-GPT,flexible,False,none
X1495,[*]N1C[C@H]([C@@H]1C([*])=O)c1ccccc1 |$_R1;;;;;;_R2;;;;;;;$|,H,OH,-,HELM-GPT,flexible,False,none
X1364,CCCCCCOC(=O)N[C@@H](Cc1ccccc1)C([*])=O |$;;;;;;;;;;;;;;;;;;;_R2;$|,-,OH,-,HELM-GPT,N_terminal_only,False,none
X1439,CCCNC(=O)N[C@@H](CCSC)C([*])=O |$;;;;;;;;;;;;;_R2;$|,-,OH,-,HELM-GPT,N_terminal_only,False,none
X1296,[NH3+]CCCC[C@H](N[*])C([*])=O |$;;;;;;;_R1;;_R2;$|,H,OH,-,HELM-GPT,flexible,False,none
X1384,CCC(CC)C[C@@H](N[*])C([*])=O |$;;;;;;;;_R1;;_R2;$|,H,OH,-,HELM-GPT,flexible,False,none
X1273,CC(C)CC(=S)NCCCC[C@H](N[*])C([*])=O |$;;;;;;;;;;;;;_R1;;_R2;$|,H,OH,-,HELM-GPT,flexible,False,none
X1342,CCC[C@H]1C[C@@]1(N[*])C(O)=O |$;;;;;;;_R1;;;$|,H,-,-,HELM-GPT,C_terminal_only,False,none
X1343,NC(=N)NCCC[C@@H](N[*])C(=O)c1nccs1 |$;;;;;;;;;_R1;;;;;;;$|,H,-,-,HELM-GPT,C_terminal_only,False,none
X1379,CC(C)([C@H](N[*])C([*])=O)S(C)(=O)=O |$;;;;;_R1;;_R2;;;;;$|,H,OH,-,HELM-GPT,flexible,False,none
X1348,"CN1CN=C(C[C@H](N)C([*])=O)C1 |$;;;;;;;;;_R2;;$,t:3|",-,OH,-,HELM-GPT,N_terminal_only,False,none
X1457,Oc1ccc2C[C@](Cc2c1)(N[*])C([*])=O |$;;;;;;;;;;;_R1;;_R2;$|,H,OH,-,HELM-GPT,flexible,False,none
X1458,C[C@@H]1CCN([*])[C@@H]1C([*])=O |$;;;;;_R1;;;_R2;$|,H,OH,-,HELM-GPT,flexible,False,none
Cys(tBu),CC(C)(C)SC[C@H](N[*])C([*])=O |$;;;;;;;;_R1;;_R2;$|,H,OH,-,HELM-GPT,flexible,False,none
X1412,CS[C@H]1CCN([*])[C@@H]1C([*])=O |$;;;;;;_R1;;;_R2;$|,H,OH,-,HELM-GPT,flexible,False,none
X1411,[*]N[C@@H](Cc1cccs1)C=O |$_R1;;;;;;;;;;$|,H,-,-,HELM-GPT,C_terminal_only,False,none
X1188,[*]N1C[C@@H](C[C@H]1C([*])=O)n1cc(nn1)-c1ccccc1 |$_R1;;;;;;;_R2;;;;;;;;;;;;$|,H,OH,-,HELM-GPT,flexible,False,none
X1013,BrCCCCCCCC(=O)OC[C@H](N[*])C([*])=O |$;;;;;;;;;;;;;;_R1;;_R2;$|,H,OH,-,HELM-GPT,flexible,False,none
meR,CN([*])[C@@H](CCCNC(N)=N)C([*])=O |$;;_R1;;;;;;;;;;_R2;$|,H,OH,-,HELM-GPT,flexible,False,none
X176,COc1ccc(cc1)C(=O)CC[C@@H](N[*])C([*])=O |$;;;;;;;;;;;;;;_R1;;_R2;$|,H,OH,-,HELM-GPT,flexible,False,none
Me_meV,CC(C)[C@H](N(C)C)C([*])=O |$;;;;;;;;_R2;$|,-,OH,-,HELM-GPT,N_terminal_only,False,none
X188,[*]N[C@H](Cc1c2ccccc2cc2ccccc12)C([*])=O |$_R1;;;;;;;;;;;;;;;;;;;_R2;$|,H,OH,-,HELM-GPT,flexible,False,none
X348,CCCCNC(=N)NCCCC[C@H](N[*])C([*])=O |$;;;;;;;;;;;;;;_R1;;_R2;$|,H,OH,-,HELM-GPT,flexible,False,none
X190,"CC1(C)C(=CC=CC=CC=CC2=[N+](CCC(=O)NC(=O)CN[*])c3ccc4ccccc4c3C2(C)C)N(CCC(O)=O)c2ccc3ccccc3c12 |w:4.4,6.6,8.8,10.10,$;;;;;;;;;;;;;;;;;;;;;;_R1;;;;;;;;;;;;;;;;;;;;;;;;;;;;;$,c:11|",H,-,-,HELM-GPT,C_terminal_only,False,none
X410,Cc1cc(O)cc(C)c1C[C@H](NCC=C)C([*])=O |$;;;;;;;;;;;;;;;;_R2;$|,-,OH,-,HELM-GPT,N_terminal_only,False,none
X202,CSC[C@H](N[*])C([*])=O |$;;;;;_R1;;_R2;$|,H,OH,-,HELM-GPT,flexible,False,none
A_OBzl,C[C@H](N[*])C(=O)OCc1ccccc1 |$;;;_R1;;;;;;;;;;$|,H,-,-,HELM-GPT,C_terminal_only,False,none
X371,CCN(CC)[C@@H](Cc1ccc2ccccc2c1)C([*])=O |$;;;;;;;;;;;;;;;;;;_R2;$|,-,OH,-,HELM-GPT,N_terminal_only,False,none
X316,Oc1ccc2C[C@](CCc2c1)(N[*])C([*])=O |$;;;;;;;;;;;;_R1;;_R2;$|,H,OH,-,HELM-GPT,flexible,False,none
X378,OC(=O)C(C(O)=O)c1ccc(C[C@H](N[*])C([*])=O)cc1 |$;;;;;;;;;;;;;;_R1;;_R2;;;$|,H,OH,-,HELM-GPT,flexible,False,none
X1507,[*]N[C@@H](CCCCNCC#C)C([*])=O |$_R1;;;;;;;;;;;;_R2;$|,H,OH,-,HELM-GPT,flexible,False,none
X1521,[*]N[C@@H](CCC(=O)[CH-][N+]#N)C([*])=O |$_R1;;;;;;;;;;;_R2;$|,H,OH,-,HELM-GPT,flexible,False,none
X1539,C[C@H]1[C@H](N([*])Cc2ccccc12)C([*])=O |$;;;;_R1;;;;;;;;;_R2;$|,H,OH,-,HELM-GPT,flexible,False,none
X1627,OC(=O)CC[C@H](NCCC1CCCCCC1)C([*])=O |$;;;;;;;;;;;;;;;;;_R2;$|,-,OH,-,HELM-GPT,N_terminal_only,False,none
X1640,CN(C)[C@@H](CC(C)(C)C)C([*])=O |$;;;;;;;;;;_R2;$|,-,OH,-,HELM-GPT,N_terminal_only,False,none
X1662,CC(C)(C)[C@H]1CC[C@H](N1[*])C([*])=O |$;;;;;;;;;_R1;;_R2;$|,H,OH,-,HELM-GPT,flexible,False,none
X1179,NC(=N)NCCC[C@@H](N[*])C=O |$;;;;;;;;;_R1;;$|,H,-,-,HELM-GPT,C_terminal_only,False,none
X1855,C[C@@H](C=C)[C@H](N(C)[*])C([*])=O |$;;;;;;;_R1;;_R2;$|,H,OH,-,HELM-GPT,flexible,False,none
X1075,OC(=O)[C@H](Cc1ccccc1O)N[*] |$;;;;;;;;;;;;;_R1$|,H,-,-,HELM-GPT,C_terminal_only,False,none
X640,Fc1ccc2c(C[C@@H](N[*])C([*])=O)c[nH]c2c1 |$;;;;;;;;;_R1;;_R2;;;;;$|,H,OH,-,HELM-GPT,flexible,False,none
X464,CC(C)[C@@H](NC[C@H](N)CS)C([*])=O |$;;;;;;;;;;;_R2;$|,-,OH,-,HELM-GPT,N_terminal_only,False,none
X2532,[*]C(=O)[C@H](Cc1c[nH]c2ccccc12)NS(=O)(=O)Cc1ccccc1 |$_R2;;;;;;;;;;;;;;;;;;;;;;;;$|,-,OH,-,HELM-GPT,N_terminal_only,False,none
M_OBzl,CSCC[C@H](N[*])C(=O)OCc1ccccc1 |$;;;;;;_R1;;;;;;;;;;$|,H,-,-,HELM-GPT,C_terminal_only,False,none
X2600,"COc1ccc(C=C2SC(=S)N(CC([*])=O)C2=O)cc1OC |w:6.5,$;;;;;;;;;;;;;;_R2;;;;;;;$|",-,OH,-,HELM-GPT,N_terminal_only,False,none
X2596,C[C@H](N[*])C(=O)c1nc2ccccc2[nH]1 |$;;;_R1;;;;;;;;;;;$|,H,-,-,HELM-GPT,C_terminal_only,False,none
X2684,FC(F)(F)c1ccc2c(O[C@@H]3C[C@H](N([*])C3)C([*])=O)ccnc2c1 |$;;;;;;;;;;;;;;_R1;;;_R2;;;;;;$|,H,OH,-,HELM-GPT,flexible,False,none
X2639,"NC1=NCC[C@@H](N1)[C@H](NC(=O)N[C@@H](Cc1ccccc1)C(O)=O)C([*])=O |$;;;;;;;;;;;;;;;;;;;;;;;;_R2;$,t:1|",-,OH,-,HELM-GPT,N_terminal_only,False,none
X2667,COC(=O)C[C@H](NC(=O)N[C@@H](Cc1ccccc1)C([*])=O)C(O)=O |$;;;;;;;;;;;;;;;;;;;_R2;;;;$|,-,OH,-,HELM-GPT,N_terminal_only,False,none
X2693,CC(C)C[C@H](N[*])C(=O)c1nc2ccccc2[nH]1 |$;;;;;;_R1;;;;;;;;;;;$|,H,-,-,HELM-GPT,C_terminal_only,False,none
X2728,OC[C@H](NC(O)=O)C([*])=O |$;;;;;;;;_R2;$|,-,OH,-,HELM-GPT,N_terminal_only,False,none
X2642,C[C@H](NS(=O)(=O)c1ccc2ccc3cccc4ccc1c2c34)C([*])=O |$;;;;;;;;;;;;;;;;;;;;;;;_R2;$|,-,OH,-,HELM-GPT,N_terminal_only,False,none
X2548,CC(C)(C)c1ccc(cc1)-c1ccc(C[C@H](N[*])C([*])=O)cc1 |$;;;;;;;;;;;;;;;;;_R1;;_R2;;;$|,H,OH,-,HELM-GPT,flexible,False,none
X2529,CS(=O)CC[C@H](N[*])C=O |$;;;;;;;_R1;;$|,H,-,-,HELM-GPT,C_terminal_only,False,none
X2339,Oc1ccc2cc(-n3cc(C[C@H](N[*])C([*])=O)nn3)c(=O)oc2c1 |$;;;;;;;;;;;;;_R1;;_R2;;;;;;;;$|,H,OH,-,HELM-GPT,flexible,False,none
X2303,[*]C(=O)[C@H](CSC(=O)OCc1ccccc1)NC(=O)OCc1ccccc1 |$_R2;;;;;;;;;;;;;;;;;;;;;;;;;;$|,-,OH,-,HELM-GPT,N_terminal_only,False,none
X2448,Fc1ccc(CNC(=O)NN[C@@H](Cc2ccccc2)C([*])=O)cc1 |$;;;;;;;;;;;;;;;;;;;;_R2;;;$|,-,OH,-,HELM-GPT,N_terminal_only,False,none
X2397,NC(=N)NCCC[C@H](NC(O)=O)C([*])=O |$;;;;;;;;;;;;;_R2;$|,-,OH,-,HELM-GPT,N_terminal_only,False,none
X2347,[*]N[C@@H](Cc1cnc[nH]1)C(=O)c1nccs1 |$_R1;;;;;;;;;;;;;;;$|,H,-,-,HELM-GPT,C_terminal_only,False,none
X2462,NS(=O)(=O)CC[C@@H](N[*])C(O)=O |$;;;;;;;;_R1;;;$|,H,-,-,HELM-GPT,C_terminal_only,False,none
X2380,CC(C)[C@H](N[*])C(=O)c1nc2cc(CO)ccc2o1 |$;;;;;_R1;;;;;;;;;;;;;$|,H,-,-,HELM-GPT,C_terminal_only,False,none
X2411,NC(=N)N1CCC[C@@H](C[C@H](N[*])C(=O)c2nc3ccccc3s2)C1 |$;;;;;;;;;;;_R1;;;;;;;;;;;;$|,H,-,-,HELM-GPT,C_terminal_only,False,none
X2465,OP(O)(=O)Oc1ccc(cc1)[C@H](N[*])C([*])=O |$;;;;;;;;;;;;;_R1;;_R2;$|,H,OH,-,HELM-GPT,flexible,False,none
X2435,[*]N[C@@H](CCC(=O)c1nccs1)C(=O)c1nccs1 |$_R1;;;;;;;;;;;;;;;;;;$|,H,-,-,HELM-GPT,C_terminal_only,False,none
X2469,[*]N[C@@H](Cc1ccccc1)C(=O)c1nccs1 |$_R1;;;;;;;;;;;;;;;;$|,H,-,-,HELM-GPT,C_terminal_only,False,none
X2258,N[C@H](N[*])C([*])=O |$;;;_R1;;_R2;$|,H,OH,-,HELM-GPT,flexible,False,none
X2327,Oc1ccc(C[C@H](N[*])C([*])=O)cc1Cc1ccccc1 |$;;;;;;;;_R1;;_R2;;;;;;;;;;$|,H,OH,-,HELM-GPT,flexible,False,none
X444,NCCN([*])CC([*])=O |$;;;;_R1;;;_R2;$|,H,OH,-,HELM-GPT,flexible,False,none
X528,Cc1ccc(C[C@H](N)CNCC([*])=O)cc1 |$;;;;;;;;;;;;_R2;;;$|,-,OH,-,HELM-GPT,N_terminal_only,False,none
X655,COC(=O)C1(CCCCCCC1)N[*] |$;;;;;;;;;;;;;_R1$|,H,-,-,HELM-GPT,C_terminal_only,False,none
X541,CCOC(=O)[C@H]1CCCN1[*] |$;;;;;;;;;;_R1$|,H,-,-,HELM-GPT,C_terminal_only,False,none
X664,CC(C)[C@H](CC(=O)[C@@H](N[*])C(C)C)C(O)=O |$;;;;;;;;;_R1;;;;;;$|,H,-,-,HELM-GPT,C_terminal_only,False,none
X916,NC(N)=[NH+]CCC[C@H](N[*])C([*])=O |$;;;;;;;;;_R1;;_R2;$|,H,OH,-,HELM-GPT,flexible,False,none
X846,NCCCCNCCC[C@H]([N-][N+]#N)C([*])=O |$;;;;;;;;;;;;;;_R2;$|,-,OH,-,HELM-GPT,N_terminal_only,False,none
X776,N[C@@H](Cc1ccc(OP(O)(O)=O)c(N)c1)C([*])=O |$;;;;;;;;;;;;;;;;_R2;$|,-,OH,-,HELM-GPT,N_terminal_only,False,none
X784,CCOC(=O)N[C@H](CCSCc1ccccc1)C([*])=O |$;;;;;;;;;;;;;;;;;;_R2;$|,-,OH,-,HELM-GPT,N_terminal_only,False,none
X828,OC(=O)NCC([*])=O |$;;;;;;_R2;$|,-,OH,-,HELM-GPT,N_terminal_only,False,none
X848,CCCc1ccccc1-c1ccc(C[C@H](N[*])C([*])=O)cc1 |$;;;;;;;;;;;;;;;;_R1;;_R2;;;$|,H,OH,-,HELM-GPT,flexible,False,none
X968,CN[C@@H](Cc1cccc(O)c1)C([*])=O |$;;;;;;;;;;;;_R2;$|,-,OH,-,HELM-GPT,N_terminal_only,False,none
X461,CN1[C@@H](CC(=O)NC1=O)C([*])=O |$;;;;;;;;;;_R2;$|,-,OH,-,HELM-GPT,N_terminal_only,False,none
X3031,[*]N[C@@H](Cn1cc(CCCCc2ccccc2)nn1)C([*])=O |$_R1;;;;;;;;;;;;;;;;;;;;_R2;$|,H,OH,-,HELM-GPT,flexible,False,none
X2851,Cc1ccccc1NC(=O)NCCC[C@H](N[*])C([*])=O |$;;;;;;;;;;;;;;;;_R1;;_R2;$|,H,OH,-,HELM-GPT,flexible,False,none
Mono7,C[C@@H](CC([*])=O)N[*] |$;;;;_R2;;;_R1$|,H,OH,-,HELM-GPT,flexible,False,none
Mono8,[*]N[C@@H](CC([*])=O)C(F)(F)F |$_R1;;;;;_R2;;;;;$|,H,OH,-,HELM-GPT,flexible,False,none
-NH2,[*]N |$_R1;$|,H,-,-,HELM-GPT,C_terminal_only,False,none
NMe_Gly_cPent,CN([*])[C@@H](C1CCCC1)C([*])=O |$;;_R1;;;;;;;;_R2;$|,H,OH,-,HELM-GPT,flexible,False,none
homoPhe_4CF3_3Cl,FC(F)(F)c1c(Cl)cc(CC[C@H](N[*])C([*])=O)cc1 |$;;;;;;;;;;;;;_R1;;_R2;;;$|,H,OH,-,HELM-GPT,flexible,False,none
D_3Abu,C[C@@H](N[*])CC([*])=O |$;;;_R1;;;_R2;$|,H,OH,-,HELM-GPT,flexible,False,none
cVal,C1CC(C1)(N[*])C(=O)[*] |$;;;;;_R1;;;_R2$|,H,OH,-,HELM-GPT,flexible,False,none
nPr-Phe(4-CF3),CCCN([*])[C@@H](Cc1ccc(C(F)(F)F)cc1)C(=O)[*] |$;;;;_R1;;;;;;;;;;;;;;;_R2$|,H,OH,-,HELM-GPT,flexible,False,none
Me-Asp(Morpholine),CN([*])[C@@H](CC(N1CCOCC1)=O)C([*])=O |$;;_R1;;;;;;;;;;;;;_R2;$|,H,OH,-,HELM-GPT,flexible,False,none
Et-Gly,CCN([*])CC([*])=O |$;;;_R1;;;_R2;$|,H,OH,-,HELM-GPT,flexible,False,none
Me-Asp(HNMe2),CN([*])[C@@H](N(C)C)C([*])=O |$;;_R1;;;;;;_R2;$|,H,OH,-,HELM-GPT,flexible,False,none
Asp(Morpholine),[*]N[C@@H](CC(N1CCOCC1)=O)C([*])=O |$_R1;;;;;;;;;;;;;_R2;$|,H,OH,-,HELM-GPT,flexible,False,none
Asp(HNMe2),[*]N[C@@H](N(C)C)C([*])=O |$_R1;;;;;;;_R2;$|,H,OH,-,HELM-GPT,flexible,False,none
"homoPhe(4-CF3-3,5-F2)",FC(F)(F)c1c(F)cc(CC[C@H](N[*])C([*])=O)cc1(F) |$;;;;;;;;;;;;;_R1;;_R2;;;;$|,H,OH,-,HELM-GPT,flexible,False,none
Pro(4-F2),C1[C@H](N([*])CC1(F)F)C([*])=O |$;;;_R1;;;;;;_R2;$|,H,OH,-,HELM-GPT,flexible,False,none
Et-Phe(4-Me),CCN([*])[C@@H](Cc1ccc(C)cc1)C([*])=O |$;;;_R1;;;;;;;;;;;_R2;$|,H,OH,-,HELM-GPT,flexible,False,none
Et-Phe(4-CF3),CCN([*])[C@@H](Cc1ccc(C(F)(F)F)cc1)C([*])=O |$;;;_R1;;;;;;;;;;;;;;_R2;$|,H,OH,-,HELM-GPT,flexible,False,none
nPr-Gly,CCCN([*])CC([*])=O |$;;;;_R1;;;_R2;$|,H,OH,-,HELM-GPT,flexible,False,none
Me-Nva,CCC[C@H](N([*])C)C([*])=O |$;;;;;_R1;;;_R2;$|,H,OH,-,HELM-GPT,flexible,False,none
